location,MntCode,HabZ,SamSite,latitude,longitude,date,direction,meas_num,h_category,height,distance,stem_count,genu_spp,health,fruit,structure
YTHEMP-YSH-248916-S1,AND,S,S1,60.205228,-135.132893,2022-07-22,ES,1,VLS,31,342,3,Betu gla,L,FA,E
YTHEMP-YSH-248916-S1,AND,S,S1,60.205228,-135.132893,2022-07-22,ES,1,LS,60,678,3,Betu gla,L,FA,E
YTHEMP-YSH-248916-S1,AND,S,S1,60.205228,-135.132893,2022-07-22,ES,1,MS,NA,NA,NA,NA,NA,NA,NA
YTHEMP-YSH-248916-S1,AND,S,S1,60.205228,-135.132893,2022-07-22,ES,1,TR,NA,NA,NA,NA,NA,NA,NA
YTHEMP-YSH-248916-S1,AND,S,S1,60.205228,-135.132893,2022-07-22,ES,1,TS,NA,NA,NA,NA,NA,NA,NA
YTHEMP-YSH-248916-S1,AND,S,S1,60.205228,-135.132893,2022-07-22,ES,2,VLS,33,450,1,Abie las,L,FA,E
YTHEMP-YSH-248916-S1,AND,S,S1,60.205228,-135.132893,2022-07-22,ES,2,LS,59,732,5,Betu gla,L,FA,E
YTHEMP-YSH-248916-S1,AND,S,S1,60.205228,-135.132893,2022-07-22,ES,2,MS,NA,NA,NA,NA,NA,NA,NA
YTHEMP-YSH-248916-S1,AND,S,S1,60.205228,-135.132893,2022-07-22,ES,2,TR,NA,NA,NA,NA,NA,NA,NA
YTHEMP-YSH-248916-S1,AND,S,S1,60.205228,-135.132893,2022-07-22,ES,2,TS,NA,NA,NA,NA,NA,NA,NA
YTHEMP-YSH-248916-S1,AND,S,S1,60.205228,-135.132893,2022-07-22,NE,1,VLS,21,203,80,Cass tet,L,FA,M
YTHEMP-YSH-248916-S1,AND,S,S1,60.205228,-135.132893,2022-07-22,NE,1,LS,51,334,4,Betu gla,L,FA,E
YTHEMP-YSH-248916-S1,AND,S,S1,60.205228,-135.132893,2022-07-22,NE,1,MS,155,526,5,Betu gla,L,FA,E
YTHEMP-YSH-248916-S1,AND,S,S1,60.205228,-135.132893,2022-07-22,NE,1,TR,NA,NA,NA,NA,NA,NA,NA
YTHEMP-YSH-248916-S1,AND,S,S1,60.205228,-135.132893,2022-07-22,NE,1,TS,NA,NA,NA,NA,NA,NA,NA
YTHEMP-YSH-248916-S1,AND,S,S1,60.205228,-135.132893,2022-07-22,NE,2,VLS,18,228,3,Betu gla,L,FA,E
YTHEMP-YSH-248916-S1,AND,S,S1,60.205228,-135.132893,2022-07-22,NE,2,LS,87,623,3,Betu gla,L,FA,E
YTHEMP-YSH-248916-S1,AND,S,S1,60.205228,-135.132893,2022-07-22,NE,2,MS,110,937,2,Abie las,L,FA,E
YTHEMP-YSH-248916-S1,AND,S,S1,60.205228,-135.132893,2022-07-22,NE,2,TR,NA,NA,NA,NA,NA,NA,NA
YTHEMP-YSH-248916-S1,AND,S,S1,60.205228,-135.132893,2022-07-22,NE,2,TS,NA,NA,NA,NA,NA,NA,NA
YTHEMP-YSH-248916-S1,AND,S,S1,60.205228,-135.132893,2022-07-22,SW,1,VLS,21,22,3,Betu gla,L,FA,E
YTHEMP-YSH-248916-S1,AND,S,S1,60.205228,-135.132893,2022-07-22,SW,1,LS,93,369,8,Betu gla,L,FA,E
YTHEMP-YSH-248916-S1,AND,S,S1,60.205228,-135.132893,2022-07-22,SW,1,MS,124,922,11,Betu gla,L,FA,E
YTHEMP-YSH-248916-S1,AND,S,S1,60.205228,-135.132893,2022-07-22,SW,1,TR,NA,NA,NA,NA,NA,NA,NA
YTHEMP-YSH-248916-S1,AND,S,S1,60.205228,-135.132893,2022-07-22,SW,1,TS,NA,NA,NA,NA,NA,NA,NA
YTHEMP-YSH-248916-S1,AND,S,S1,60.205228,-135.132893,2022-07-22,SW,2,VLS,42,82,2,Betu gla,L,FA,E
YTHEMP-YSH-248916-S1,AND,S,S1,60.205228,-135.132893,2022-07-22,SW,2,LS,63,415,11,Betu gla,L,FA,E
YTHEMP-YSH-248916-S1,AND,S,S1,60.205228,-135.132893,2022-07-22,SW,2,MS,NA,NA,NA,NA,NA,NA,NA
YTHEMP-YSH-248916-S1,AND,S,S1,60.205228,-135.132893,2022-07-22,SW,2,TR,NA,NA,NA,NA,NA,NA,NA
YTHEMP-YSH-248916-S1,AND,S,S1,60.205228,-135.132893,2022-07-22,SW,2,TS,NA,NA,NA,NA,NA,NA,NA
YTHEMP-YSH-248916-S1,AND,S,S1,60.205228,-135.132893,2022-07-22,WN,1,VLS,23,63,8,Betu gla,L,FA,E
YTHEMP-YSH-248916-S1,AND,S,S1,60.205228,-135.132893,2022-07-22,WN,1,LS,NA,NA,NA,NA,NA,NA,NA
YTHEMP-YSH-248916-S1,AND,S,S1,60.205228,-135.132893,2022-07-22,WN,1,MS,NA,NA,NA,NA,NA,NA,NA
YTHEMP-YSH-248916-S1,AND,S,S1,60.205228,-135.132893,2022-07-22,WN,1,TR,NA,NA,NA,NA,NA,NA,NA
YTHEMP-YSH-248916-S1,AND,S,S1,60.205228,-135.132893,2022-07-22,WN,1,TS,NA,NA,NA,NA,NA,NA,NA
YTHEMP-YSH-248916-S1,AND,S,S1,60.205228,-135.132893,2022-07-22,WN,2,VLS,29,93,8,Betu gla,L,FA,E
YTHEMP-YSH-248916-S1,AND,S,S1,60.205228,-135.132893,2022-07-22,WN,2,LS,NA,NA,NA,NA,NA,NA,NA
YTHEMP-YSH-248916-S1,AND,S,S1,60.205228,-135.132893,2022-07-22,WN,2,MS,NA,NA,NA,NA,NA,NA,NA
YTHEMP-YSH-248916-S1,AND,S,S1,60.205228,-135.132893,2022-07-22,WN,2,TR,NA,NA,NA,NA,NA,NA,NA
YTHEMP-YSH-248916-S1,AND,S,S1,60.205228,-135.132893,2022-07-22,WN,2,TS,NA,NA,NA,NA,NA,NA,NA
YTHEMP-YSH-248916-S2,AND,S,S2,60.20769,-135.12992,2022-07-22,ES,1,VLS,18,82,25,Empe nig,L,FP,M
YTHEMP-YSH-248916-S2,AND,S,S2,60.20769,-135.12992,2022-07-22,ES,1,LS,86,402,3,Betu gla,L,FA,E
YTHEMP-YSH-248916-S2,AND,S,S2,60.20769,-135.12992,2022-07-22,ES,1,MS,126,660,3,Betu gla,L,FA,E
YTHEMP-YSH-248916-S2,AND,S,S2,60.20769,-135.12992,2022-07-22,ES,1,TS,300,580,1,Abie las,L,FA,E
YTHEMP-YSH-248916-S2,AND,S,S2,60.20769,-135.12992,2022-07-22,ES,1,TR,NA,NA,NA,NA,NA,NA,NA
YTHEMP-YSH-248916-S2,AND,S,S2,60.20769,-135.12992,2022-07-22,ES,2,VLS,17,145,50,Empe nig,L,FP,M
YTHEMP-YSH-248916-S2,AND,S,S2,60.20769,-135.12992,2022-07-22,ES,2,LS,94,424,1,Betu gla,L,FA,E
YTHEMP-YSH-248916-S2,AND,S,S2,60.20769,-135.12992,2022-07-22,ES,2,MS,151,750,4,Betu gla,L,FA,E
YTHEMP-YSH-248916-S2,AND,S,S2,60.20769,-135.12992,2022-07-22,ES,2,TR,NA,NA,NA,NA,NA,NA,NA
YTHEMP-YSH-248916-S2,AND,S,S2,60.20769,-135.12992,2022-07-22,ES,2,TS,NA,NA,NA,NA,NA,NA,NA
YTHEMP-YSH-248916-S2,AND,S,S2,60.20769,-135.12992,2022-07-22,NE,1,VLS,19,92,15,Cass tet,L,FA,M
YTHEMP-YSH-248916-S2,AND,S,S2,60.20769,-135.12992,2022-07-22,NE,1,LS,33,257,2,Betu gla,L,FA,E
YTHEMP-YSH-248916-S2,AND,S,S2,60.20769,-135.12992,2022-07-22,NE,1,MS,NA,NA,NA,NA,NA,NA,NA
YTHEMP-YSH-248916-S2,AND,S,S2,60.20769,-135.12992,2022-07-22,NE,1,TR,NA,NA,NA,NA,NA,NA,NA
YTHEMP-YSH-248916-S2,AND,S,S2,60.20769,-135.12992,2022-07-22,NE,1,TS,NA,NA,NA,NA,NA,NA,NA
YTHEMP-YSH-248916-S2,AND,S,S2,60.20769,-135.12992,2022-07-22,NE,2,VLS,16,94,30,Cass tet,L,FA,M
YTHEMP-YSH-248916-S2,AND,S,S2,60.20769,-135.12992,2022-07-22,NE,2,LS,58,287,2,Betu gla,L,FA,E
YTHEMP-YSH-248916-S2,AND,S,S2,60.20769,-135.12992,2022-07-22,NE,2,MS,NA,NA,NA,NA,NA,NA,NA
YTHEMP-YSH-248916-S2,AND,S,S2,60.20769,-135.12992,2022-07-22,NE,2,TR,NA,NA,NA,NA,NA,NA,NA
YTHEMP-YSH-248916-S2,AND,S,S2,60.20769,-135.12992,2022-07-22,NE,2,TS,NA,NA,NA,NA,NA,NA,NA
YTHEMP-YSH-248916-S2,AND,S,S2,60.20769,-135.12992,2022-07-22,SW,1,VLS,26,53,20,Cass tet,L,FA,M
YTHEMP-YSH-248916-S2,AND,S,S2,60.20769,-135.12992,2022-07-22,SW,1,LS,58,138,3,Betu gla,L,FA,E
YTHEMP-YSH-248916-S2,AND,S,S2,60.20769,-135.12992,2022-07-22,SW,1,MS,145,100,2,Betu gla,L,FA,E
YTHEMP-YSH-248916-S2,AND,S,S2,60.20769,-135.12992,2022-07-22,SW,1,TR,NA,NA,NA,NA,NA,NA,NA
YTHEMP-YSH-248916-S2,AND,S,S2,60.20769,-135.12992,2022-07-22,SW,1,TS,NA,NA,NA,NA,NA,NA,NA
YTHEMP-YSH-248916-S2,AND,S,S2,60.20769,-135.12992,2022-07-22,SW,2,VLS,15,90,50,Cass tet,L,FA,M
YTHEMP-YSH-248916-S2,AND,S,S2,60.20769,-135.12992,2022-07-22,SW,2,LS,51,141,5,Betu gla,L,FA,E
YTHEMP-YSH-248916-S2,AND,S,S2,60.20769,-135.12992,2022-07-22,SW,2,MS,135,415,5,Betu gla,L,FA,E
YTHEMP-YSH-248916-S2,AND,S,S2,60.20769,-135.12992,2022-07-22,SW,2,TR,NA,NA,NA,NA,NA,NA,NA
YTHEMP-YSH-248916-S2,AND,S,S2,60.20769,-135.12992,2022-07-22,SW,2,TS,NA,NA,NA,NA,NA,NA,NA
YTHEMP-YSH-248916-S2,AND,S,S2,60.20769,-135.12992,2022-07-22,WN,1,VLS,25,6,30,Cass tet,L,FA,M
YTHEMP-YSH-248916-S2,AND,S,S2,60.20769,-135.12992,2022-07-22,WN,1,LS,80,305,6,Betu gla,L,FA,E
YTHEMP-YSH-248916-S2,AND,S,S2,60.20769,-135.12992,2022-07-22,WN,1,MS,108,422,2,Sali spp,L,FA,E
YTHEMP-YSH-248916-S2,AND,S,S2,60.20769,-135.12992,2022-07-22,WN,1,TR,NA,NA,NA,NA,NA,NA,NA
YTHEMP-YSH-248916-S2,AND,S,S2,60.20769,-135.12992,2022-07-22,WN,1,TS,NA,NA,NA,NA,NA,NA,NA
YTHEMP-YSH-248916-S2,AND,S,S2,60.20769,-135.12992,2022-07-22,WN,2,VLS,15,105,40,Cass tet,L,FA,M
YTHEMP-YSH-248916-S2,AND,S,S2,60.20769,-135.12992,2022-07-22,WN,2,LS,97,310,6,Betu gla,L,FA,E
YTHEMP-YSH-248916-S2,AND,S,S2,60.20769,-135.12992,2022-07-22,WN,2,MS,120,453,6,Sali spp,L,FA,E
YTHEMP-YSH-248916-S2,AND,S,S2,60.20769,-135.12992,2022-07-22,WN,2,TR,NA,NA,NA,NA,NA,NA,NA
YTHEMP-YSH-248916-S2,AND,S,S2,60.20769,-135.12992,2022-07-22,WN,2,TS,NA,NA,NA,NA,NA,NA,NA
YTHEMP-YSH-248916-S3,AND,S,S3,60.199231,-135.1426,2022-07-22,ES,1,VLS,21,355,2,Dasi fru,L,FA,E
YTHEMP-YSH-248916-S3,AND,S,S3,60.199231,-135.1426,2022-07-22,ES,1,LS,94,89,1,Sali spp,L,FA,E
YTHEMP-YSH-248916-S3,AND,S,S3,60.199231,-135.1426,2022-07-22,ES,1,MS,102,52,4,Sali spp,L,FA,E
YTHEMP-YSH-248916-S3,AND,S,S3,60.199231,-135.1426,2022-07-22,ES,1,TR,NA,NA,NA,NA,NA,NA,NA
YTHEMP-YSH-248916-S3,AND,S,S3,60.199231,-135.1426,2022-07-22,ES,1,TS,NA,NA,NA,NA,NA,NA,NA
YTHEMP-YSH-248916-S3,AND,S,S3,60.199231,-135.1426,2022-07-22,ES,2,LS,81,168,11,Sali spp,L,FA,E
YTHEMP-YSH-248916-S3,AND,S,S3,60.199231,-135.1426,2022-07-22,ES,2,MS,114,69,2,Sali spp,L,FA,E
YTHEMP-YSH-248916-S3,AND,S,S3,60.199231,-135.1426,2022-07-22,ES,2,TR,NA,NA,NA,NA,NA,NA,NA
YTHEMP-YSH-248916-S3,AND,S,S3,60.199231,-135.1426,2022-07-22,ES,2,TS,NA,NA,NA,NA,NA,NA,NA
YTHEMP-YSH-248916-S3,AND,S,S3,60.199231,-135.1426,2022-07-22,ES,2,VLS,NA,NA,NA,NA,NA,NA,NA
YTHEMP-YSH-248916-S3,AND,S,S3,60.199231,-135.1426,2022-07-22,NE,1,VLS,19,145,35,Vacc vit,L,FP,M
YTHEMP-YSH-248916-S3,AND,S,S3,60.199231,-135.1426,2022-07-22,NE,1,LS,97,79,8,Sali spp,L,FA,E
YTHEMP-YSH-248916-S3,AND,S,S3,60.199231,-135.1426,2022-07-22,NE,1,MS,122,41,5,Sali spp,L,FA,E
YTHEMP-YSH-248916-S3,AND,S,S3,60.199231,-135.1426,2022-07-22,NE,1,TR,NA,NA,NA,NA,NA,NA,NA
YTHEMP-YSH-248916-S3,AND,S,S3,60.199231,-135.1426,2022-07-22,NE,1,TS,NA,NA,NA,NA,NA,NA,NA
YTHEMP-YSH-248916-S3,AND,S,S3,60.199231,-135.1426,2022-07-22,NE,2,VLS,24,532,1,Dasi fru,L,FA,E
YTHEMP-YSH-248916-S3,AND,S,S3,60.199231,-135.1426,2022-07-22,NE,2,LS,59,549,15,Dasi fru,L,FA,E
YTHEMP-YSH-248916-S3,AND,S,S3,60.199231,-135.1426,2022-07-22,NE,2,MS,115,63,5,Sali spp,L,FA,E
YTHEMP-YSH-248916-S3,AND,S,S3,60.199231,-135.1426,2022-07-22,NE,2,TR,NA,NA,NA,NA,NA,NA,NA
YTHEMP-YSH-248916-S3,AND,S,S3,60.199231,-135.1426,2022-07-22,NE,2,TS,NA,NA,NA,NA,NA,NA,NA
YTHEMP-YSH-248916-S3,AND,S,S3,60.199231,-135.1426,2022-07-22,SW,1,VLS,40,429,8,Dasi fru,L,FA,E
YTHEMP-YSH-248916-S3,AND,S,S3,60.199231,-135.1426,2022-07-22,SW,1,LS,55,139,16,Dasi fru,L,FA,E
YTHEMP-YSH-248916-S3,AND,S,S3,60.199231,-135.1426,2022-07-22,SW,1,MS,107,39,5,Sali spp,L,FA,E
YTHEMP-YSH-248916-S3,AND,S,S3,60.199231,-135.1426,2022-07-22,SW,1,TR,NA,NA,NA,NA,NA,NA,NA
YTHEMP-YSH-248916-S3,AND,S,S3,60.199231,-135.1426,2022-07-22,SW,1,TS,NA,NA,NA,NA,NA,NA,NA
YTHEMP-YSH-248916-S3,AND,S,S3,60.199231,-135.1426,2022-07-22,SW,2,VLS,48,501,9,Dasi fru,L,FA,E
YTHEMP-YSH-248916-S3,AND,S,S3,60.199231,-135.1426,2022-07-22,SW,2,LS,76,207,13,Sali spp,L,FA,E
YTHEMP-YSH-248916-S3,AND,S,S3,60.199231,-135.1426,2022-07-22,SW,2,MS,122,68,7,Sali spp,L,FA,E
YTHEMP-YSH-248916-S3,AND,S,S3,60.199231,-135.1426,2022-07-22,SW,2,TR,NA,NA,NA,NA,NA,NA,NA
YTHEMP-YSH-248916-S3,AND,S,S3,60.199231,-135.1426,2022-07-22,SW,2,TS,NA,NA,NA,NA,NA,NA,NA
YTHEMP-YSH-248916-S3,AND,S,S3,60.199231,-135.1426,2022-07-22,WN,1,VLS,19,122,1,Sali spp,L,FA,E
YTHEMP-YSH-248916-S3,AND,S,S3,60.199231,-135.1426,2022-07-22,WN,1,LS,85,91,3,Sali spp,L,FA,E
YTHEMP-YSH-248916-S3,AND,S,S3,60.199231,-135.1426,2022-07-22,WN,1,MS,101,55,3,Sali spp,L,FA,E
YTHEMP-YSH-248916-S3,AND,S,S3,60.199231,-135.1426,2022-07-22,WN,1,TR,NA,NA,NA,NA,NA,NA,NA
YTHEMP-YSH-248916-S3,AND,S,S3,60.199231,-135.1426,2022-07-22,WN,1,TS,NA,NA,NA,NA,NA,NA,NA
YTHEMP-YSH-248916-S3,AND,S,S3,60.199231,-135.1426,2022-07-22,WN,2,LS,97,111,6,Sali spp,L,FA,E
YTHEMP-YSH-248916-S3,AND,S,S3,60.199231,-135.1426,2022-07-22,WN,2,MS,111,409,3,Sali spp,L,FA,E
YTHEMP-YSH-248916-S3,AND,S,S3,60.199231,-135.1426,2022-07-22,WN,2,TR,NA,NA,NA,NA,NA,NA,NA
YTHEMP-YSH-248916-S3,AND,S,S3,60.199231,-135.1426,2022-07-22,WN,2,TS,NA,NA,NA,NA,NA,NA,NA
YTHEMP-YSH-248916-S3,AND,S,S3,60.199231,-135.1426,2022-07-22,WN,2,VLS,NA,NA,NA,NA,NA,NA,NA
YTHEMP-YSH-248916-D5,AND,S,S4,60.20534,-135.127496,2022-07-22,ES,1,VLS,39,131,4,Sali spp,L,FA,E
YTHEMP-YSH-248916-D5,AND,S,S4,60.20534,-135.127496,2022-07-22,ES,1,LS,53,315,2,Abie las,L,FA,E
YTHEMP-YSH-248916-D5,AND,S,S4,60.20534,-135.127496,2022-07-22,ES,1,MS,108,530,2,Betu gla,L,FA,E
YTHEMP-YSH-248916-D5,AND,S,S4,60.20534,-135.127496,2022-07-22,ES,1,TS,525,999,1,Abie las,L,FA,E
YTHEMP-YSH-248916-D5,AND,S,S4,60.20534,-135.127496,2022-07-22,ES,1,TR,NA,NA,NA,NA,NA,NA,NA
YTHEMP-YSH-248916-D5,AND,S,S4,60.20534,-135.127496,2022-07-22,ES,2,VLS,26,292,1,Betu gla,L,FA,E
YTHEMP-YSH-248916-D5,AND,S,S4,60.20534,-135.127496,2022-07-22,ES,2,LS,75,362,1,Betu gla,L,FA,E
YTHEMP-YSH-248916-D5,AND,S,S4,60.20534,-135.127496,2022-07-22,ES,2,MS,104,645,6,Betu gla,L,FA,E
YTHEMP-YSH-248916-D5,AND,S,S4,60.20534,-135.127496,2022-07-22,ES,2,TR,NA,NA,NA,NA,NA,NA,NA
YTHEMP-YSH-248916-D5,AND,S,S4,60.20534,-135.127496,2022-07-22,ES,2,TS,NA,NA,NA,NA,NA,NA,NA
YTHEMP-YSH-248916-D5,AND,S,S4,60.20534,-135.127496,2022-07-22,NE,1,VLS,15,144,3,Betu gla,L,FA,E
YTHEMP-YSH-248916-D5,AND,S,S4,60.20534,-135.127496,2022-07-22,NE,1,LS,56,240,1,Abie las,L,FA,E
YTHEMP-YSH-248916-D5,AND,S,S4,60.20534,-135.127496,2022-07-22,NE,1,TS,201,550,1,Abie las,L,FA,E
YTHEMP-YSH-248916-D5,AND,S,S4,60.20534,-135.127496,2022-07-22,NE,1,MS,NA,NA,NA,NA,NA,NA,NA
YTHEMP-YSH-248916-D5,AND,S,S4,60.20534,-135.127496,2022-07-22,NE,1,TR,NA,NA,NA,NA,NA,NA,NA
YTHEMP-YSH-248916-D5,AND,S,S4,60.20534,-135.127496,2022-07-22,NE,2,VLS,21,155,5,Betu gla,L,FA,E
YTHEMP-YSH-248916-D5,AND,S,S4,60.20534,-135.127496,2022-07-22,NE,2,LS,57,261,3,Betu gla,L,FA,E
YTHEMP-YSH-248916-D5,AND,S,S4,60.20534,-135.127496,2022-07-22,NE,2,MS,NA,NA,NA,NA,NA,NA,NA
YTHEMP-YSH-248916-D5,AND,S,S4,60.20534,-135.127496,2022-07-22,NE,2,TR,NA,NA,NA,NA,NA,NA,NA
YTHEMP-YSH-248916-D5,AND,S,S4,60.20534,-135.127496,2022-07-22,NE,2,TS,NA,NA,NA,NA,NA,NA,NA
YTHEMP-YSH-248916-D5,AND,S,S4,60.20534,-135.127496,2022-07-22,SW,1,VLS,23,96,5,Sali spp,L,FA,E
YTHEMP-YSH-248916-D5,AND,S,S4,60.20534,-135.127496,2022-07-22,SW,1,LS,71,350,10,Betu gla,L,FA,E
YTHEMP-YSH-248916-D5,AND,S,S4,60.20534,-135.127496,2022-07-22,SW,1,MS,100,340,7,Betu gla,L,FA,E
YTHEMP-YSH-248916-D5,AND,S,S4,60.20534,-135.127496,2022-07-22,SW,1,TR,NA,NA,NA,NA,NA,NA,NA
YTHEMP-YSH-248916-D5,AND,S,S4,60.20534,-135.127496,2022-07-22,SW,1,TS,NA,NA,NA,NA,NA,NA,NA
YTHEMP-YSH-248916-D5,AND,S,S4,60.20534,-135.127496,2022-07-22,SW,2,VLS,26,173,11,Juni com,L,FP,M
YTHEMP-YSH-248916-D5,AND,S,S4,60.20534,-135.127496,2022-07-22,SW,2,LS,86,595,7,Betu gla,L,FA,E
YTHEMP-YSH-248916-D5,AND,S,S4,60.20534,-135.127496,2022-07-22,SW,2,MS,134,572,6,Betu gla,L,FA,E
YTHEMP-YSH-248916-D5,AND,S,S4,60.20534,-135.127496,2022-07-22,SW,2,TR,NA,NA,NA,NA,NA,NA,NA
YTHEMP-YSH-248916-D5,AND,S,S4,60.20534,-135.127496,2022-07-22,SW,2,TS,NA,NA,NA,NA,NA,NA,NA
YTHEMP-YSH-248916-D5,AND,S,S4,60.20534,-135.127496,2022-07-22,WN,1,VLS,19,32,45,Cass tet,L,FA,M
YTHEMP-YSH-248916-D5,AND,S,S4,60.20534,-135.127496,2022-07-22,WN,1,LS,67,96,2,Abie las,L,FA,E
YTHEMP-YSH-248916-D5,AND,S,S4,60.20534,-135.127496,2022-07-22,WN,1,MS,118,685,5,Betu gla,L,FA,E
YTHEMP-YSH-248916-D5,AND,S,S4,60.20534,-135.127496,2022-07-22,WN,1,TR,NA,NA,NA,NA,NA,NA,NA
YTHEMP-YSH-248916-D5,AND,S,S4,60.20534,-135.127496,2022-07-22,WN,1,TS,NA,NA,NA,NA,NA,NA,NA
YTHEMP-YSH-248916-D5,AND,S,S4,60.20534,-135.127496,2022-07-22,WN,2,VLS,22,92,23,Sali spp,L,FA,M
YTHEMP-YSH-248916-D5,AND,S,S4,60.20534,-135.127496,2022-07-22,WN,2,LS,97,707,15,Betu gla,L,FA,E
YTHEMP-YSH-248916-D5,AND,S,S4,60.20534,-135.127496,2022-07-22,WN,2,MS,126,880,8,Betu gla,L,FA,E
YTHEMP-YSH-248916-D5,AND,S,S4,60.20534,-135.127496,2022-07-22,WN,2,TR,NA,NA,NA,NA,NA,NA,NA
YTHEMP-YSH-248916-D5,AND,S,S4,60.20534,-135.127496,2022-07-22,WN,2,TS,NA,NA,NA,NA,NA,NA,NA
YTHEMP-YSH-248916-D7,AND,S,S5,60.202645,-135.127272,2022-07-22,ES,1,VLS,17,119,10,Vacc uli,L,FP,E
YTHEMP-YSH-248916-D7,AND,S,S5,60.202645,-135.127272,2022-07-22,ES,1,LS,50,472,1,Pinu con,L,FA,E
YTHEMP-YSH-248916-D7,AND,S,S5,60.202645,-135.127272,2022-07-22,ES,1,MS,154,144,5,Sali spp,L,FA,E
YTHEMP-YSH-248916-D7,AND,S,S5,60.202645,-135.127272,2022-07-22,ES,1,TR,NA,NA,NA,NA,NA,NA,NA
YTHEMP-YSH-248916-D7,AND,S,S5,60.202645,-135.127272,2022-07-22,ES,1,TS,NA,NA,NA,NA,NA,NA,NA
YTHEMP-YSH-248916-D7,AND,S,S5,60.202645,-135.127272,2022-07-22,ES,2,VLS,16,196,6,Vacc uli,L,FP,E
YTHEMP-YSH-248916-D7,AND,S,S5,60.202645,-135.127272,2022-07-22,ES,2,MS,139,471,5,Sali spp,L,FA,E
YTHEMP-YSH-248916-D7,AND,S,S5,60.202645,-135.127272,2022-07-22,ES,2,LS,NA,NA,NA,NA,NA,NA,NA
YTHEMP-YSH-248916-D7,AND,S,S5,60.202645,-135.127272,2022-07-22,ES,2,TR,NA,NA,NA,NA,NA,NA,NA
YTHEMP-YSH-248916-D7,AND,S,S5,60.202645,-135.127272,2022-07-22,ES,2,TS,NA,NA,NA,NA,NA,NA,NA
YTHEMP-YSH-248916-D7,AND,S,S5,60.202645,-135.127272,2022-07-22,NE,1,VLS,16,114,7,Vacc uli,L,FP,E
YTHEMP-YSH-248916-D7,AND,S,S5,60.202645,-135.127272,2022-07-22,NE,1,LS,55,935,2,Betu gla,L,FA,E
YTHEMP-YSH-248916-D7,AND,S,S5,60.202645,-135.127272,2022-07-22,NE,1,MS,NA,NA,NA,NA,NA,NA,NA
YTHEMP-YSH-248916-D7,AND,S,S5,60.202645,-135.127272,2022-07-22,NE,1,TR,NA,NA,NA,NA,NA,NA,NA
YTHEMP-YSH-248916-D7,AND,S,S5,60.202645,-135.127272,2022-07-22,NE,1,TS,NA,NA,NA,NA,NA,NA,NA
YTHEMP-YSH-248916-D7,AND,S,S5,60.202645,-135.127272,2022-07-22,NE,2,VLS,17,127,2,Abie las,L,FA,E
YTHEMP-YSH-248916-D7,AND,S,S5,60.202645,-135.127272,2022-07-22,NE,2,LS,56,959,2,Betu gla,L,FA,E
YTHEMP-YSH-248916-D7,AND,S,S5,60.202645,-135.127272,2022-07-22,NE,2,MS,NA,NA,NA,NA,NA,NA,NA
YTHEMP-YSH-248916-D7,AND,S,S5,60.202645,-135.127272,2022-07-22,NE,2,TR,NA,NA,NA,NA,NA,NA,NA
YTHEMP-YSH-248916-D7,AND,S,S5,60.202645,-135.127272,2022-07-22,NE,2,TS,NA,NA,NA,NA,NA,NA,NA
YTHEMP-YSH-248916-D7,AND,S,S5,60.202645,-135.127272,2022-07-22,SW,1,VLS,33,114,2,Abie las,L,FA,M
YTHEMP-YSH-248916-D7,AND,S,S5,60.202645,-135.127272,2022-07-22,SW,1,LS,77,910,6,Betu gla,L,FA,E
YTHEMP-YSH-248916-D7,AND,S,S5,60.202645,-135.127272,2022-07-22,SW,1,MS,166,879,8,Sali spp,L,FA,E
YTHEMP-YSH-248916-D7,AND,S,S5,60.202645,-135.127272,2022-07-22,SW,1,TR,NA,NA,NA,NA,NA,NA,NA
YTHEMP-YSH-248916-D7,AND,S,S5,60.202645,-135.127272,2022-07-22,SW,1,TS,NA,NA,NA,NA,NA,NA,NA
YTHEMP-YSH-248916-D7,AND,S,S5,60.202645,-135.127272,2022-07-22,SW,2,VLS,16,156,14,Cass tet,L,FA,M
YTHEMP-YSH-248916-D7,AND,S,S5,60.202645,-135.127272,2022-07-22,SW,2,LS,NA,NA,NA,NA,NA,NA,NA
YTHEMP-YSH-248916-D7,AND,S,S5,60.202645,-135.127272,2022-07-22,SW,2,MS,NA,NA,NA,NA,NA,NA,NA
YTHEMP-YSH-248916-D7,AND,S,S5,60.202645,-135.127272,2022-07-22,SW,2,TR,NA,NA,NA,NA,NA,NA,NA
YTHEMP-YSH-248916-D7,AND,S,S5,60.202645,-135.127272,2022-07-22,SW,2,TS,NA,NA,NA,NA,NA,NA,NA
YTHEMP-YSH-248916-D7,AND,S,S5,60.202645,-135.127272,2022-07-22,WN,1,VLS,18,155,7,Cass tet,L,FA,M
YTHEMP-YSH-248916-D7,AND,S,S5,60.202645,-135.127272,2022-07-22,WN,1,LS,63,545,4,Betu gla,L,FA,E
YTHEMP-YSH-248916-D7,AND,S,S5,60.202645,-135.127272,2022-07-22,WN,1,MS,150,755,8,Sali spp,L,FA,E
YTHEMP-YSH-248916-D7,AND,S,S5,60.202645,-135.127272,2022-07-22,WN,1,TS,356,801,1,Abie las,L,FA,E
YTHEMP-YSH-248916-D7,AND,S,S5,60.202645,-135.127272,2022-07-22,WN,1,TR,NA,NA,NA,NA,NA,NA,NA
YTHEMP-YSH-248916-D7,AND,S,S5,60.202645,-135.127272,2022-07-22,WN,2,VLS,19,186,5,Cass tet,L,FA,M
YTHEMP-YSH-248916-D7,AND,S,S5,60.202645,-135.127272,2022-07-22,WN,2,LS,73,715,5,Betu gla,L,FA,E
YTHEMP-YSH-248916-D7,AND,S,S5,60.202645,-135.127272,2022-07-22,WN,2,MS,119,805,3,Betu gla,L,FA,E
YTHEMP-YSH-248916-D7,AND,S,S5,60.202645,-135.127272,2022-07-22,WN,2,TR,NA,NA,NA,NA,NA,NA,NA
YTHEMP-YSH-248916-D7,AND,S,S5,60.202645,-135.127272,2022-07-22,WN,2,TS,NA,NA,NA,NA,NA,NA,NA
YTHEMP-YSH-248916-T1,AND,T,T1,60.2117,-135.14116,2022-07-22,ES,1,VLS,32,30,3,Betu gla,L,FA,E
YTHEMP-YSH-248916-T1,AND,T,T1,60.2117,-135.14116,2022-07-22,ES,1,LS,73,109,4,Sali spp,L,FA,E
YTHEMP-YSH-248916-T1,AND,T,T1,60.2117,-135.14116,2022-07-22,ES,1,MS,133,72,5,Sali spp,L,FA,E
YTHEMP-YSH-248916-T1,AND,T,T1,60.2117,-135.14116,2022-07-22,ES,1,TR,NA,NA,NA,NA,NA,NA,NA
YTHEMP-YSH-248916-T1,AND,T,T1,60.2117,-135.14116,2022-07-22,ES,1,TS,NA,NA,NA,NA,NA,NA,NA
YTHEMP-YSH-248916-T1,AND,T,T1,60.2117,-135.14116,2022-07-22,ES,2,VLS,34,90,1,Betu gla,L,FA,E
YTHEMP-YSH-248916-T1,AND,T,T1,60.2117,-135.14116,2022-07-22,ES,2,LS,65,117,7,Sali spp,L,FA,E
YTHEMP-YSH-248916-T1,AND,T,T1,60.2117,-135.14116,2022-07-22,ES,2,MS,NA,NA,NA,NA,NA,NA,NA
YTHEMP-YSH-248916-T1,AND,T,T1,60.2117,-135.14116,2022-07-22,ES,2,TR,NA,NA,NA,NA,NA,NA,NA
YTHEMP-YSH-248916-T1,AND,T,T1,60.2117,-135.14116,2022-07-22,ES,2,TS,NA,NA,NA,NA,NA,NA,NA
YTHEMP-YSH-248916-T1,AND,T,T1,60.2117,-135.14116,2022-07-22,NE,1,VLS,20,90,9,Betu gla,L,FA,E
YTHEMP-YSH-248916-T1,AND,T,T1,60.2117,-135.14116,2022-07-22,NE,1,LS,71,84,1,Betu gla,L,FA,E
YTHEMP-YSH-248916-T1,AND,T,T1,60.2117,-135.14116,2022-07-22,NE,1,MS,117,995,5,Sali spp,L,FA,E
YTHEMP-YSH-248916-T1,AND,T,T1,60.2117,-135.14116,2022-07-22,NE,1,TR,NA,NA,NA,NA,NA,NA,NA
YTHEMP-YSH-248916-T1,AND,T,T1,60.2117,-135.14116,2022-07-22,NE,1,TS,NA,NA,NA,NA,NA,NA,NA
YTHEMP-YSH-248916-T1,AND,T,T1,60.2117,-135.14116,2022-07-22,NE,2,VLS,33,135,2,Sali spp,L,FA,E
YTHEMP-YSH-248916-T1,AND,T,T1,60.2117,-135.14116,2022-07-22,NE,2,LS,60,92,3,Sali spp,L,FA,E
YTHEMP-YSH-248916-T1,AND,T,T1,60.2117,-135.14116,2022-07-22,NE,2,MS,NA,NA,NA,NA,NA,NA,NA
YTHEMP-YSH-248916-T1,AND,T,T1,60.2117,-135.14116,2022-07-22,NE,2,TR,NA,NA,NA,NA,NA,NA,NA
YTHEMP-YSH-248916-T1,AND,T,T1,60.2117,-135.14116,2022-07-22,NE,2,TS,NA,NA,NA,NA,NA,NA,NA
YTHEMP-YSH-248916-T1,AND,T,T1,60.2117,-135.14116,2022-07-22,SW,1,VLS,31,149,3,Sali spp,L,FA,E
YTHEMP-YSH-248916-T1,AND,T,T1,60.2117,-135.14116,2022-07-22,SW,1,LS,63,120,10,Sali spp,L,FA,M
YTHEMP-YSH-248916-T1,AND,T,T1,60.2117,-135.14116,2022-07-22,SW,1,MS,NA,NA,NA,NA,NA,NA,NA
YTHEMP-YSH-248916-T1,AND,T,T1,60.2117,-135.14116,2022-07-22,SW,1,TR,NA,NA,NA,NA,NA,NA,NA
YTHEMP-YSH-248916-T1,AND,T,T1,60.2117,-135.14116,2022-07-22,SW,1,TS,NA,NA,NA,NA,NA,NA,NA
YTHEMP-YSH-248916-T1,AND,T,T1,60.2117,-135.14116,2022-07-22,SW,2,VLS,30,161,3,Sali spp,L,FA,E
YTHEMP-YSH-248916-T1,AND,T,T1,60.2117,-135.14116,2022-07-22,SW,2,LS,NA,NA,NA,NA,NA,NA,NA
YTHEMP-YSH-248916-T1,AND,T,T1,60.2117,-135.14116,2022-07-22,SW,2,MS,NA,NA,NA,NA,NA,NA,NA
YTHEMP-YSH-248916-T1,AND,T,T1,60.2117,-135.14116,2022-07-22,SW,2,TR,NA,NA,NA,NA,NA,NA,NA
YTHEMP-YSH-248916-T1,AND,T,T1,60.2117,-135.14116,2022-07-22,SW,2,TS,NA,NA,NA,NA,NA,NA,NA
YTHEMP-YSH-248916-T1,AND,T,T1,60.2117,-135.14116,2022-07-22,WN,1,VLS,46,122,11,Betu gla,L,FA,E
YTHEMP-YSH-248916-T1,AND,T,T1,60.2117,-135.14116,2022-07-22,WN,1,LS,63,65,2,Sali spp,L,FA,E
YTHEMP-YSH-248916-T1,AND,T,T1,60.2117,-135.14116,2022-07-22,WN,1,MS,NA,NA,NA,NA,NA,NA,NA
YTHEMP-YSH-248916-T1,AND,T,T1,60.2117,-135.14116,2022-07-22,WN,1,TR,NA,NA,NA,NA,NA,NA,NA
YTHEMP-YSH-248916-T1,AND,T,T1,60.2117,-135.14116,2022-07-22,WN,1,TS,NA,NA,NA,NA,NA,NA,NA
YTHEMP-YSH-248916-T1,AND,T,T1,60.2117,-135.14116,2022-07-22,WN,2,VLS,16,154,4,Sali spp,L,FA,E
YTHEMP-YSH-248916-T1,AND,T,T1,60.2117,-135.14116,2022-07-22,WN,2,LS,50,110,9,Sali spp,L,FA,E
YTHEMP-YSH-248916-T1,AND,T,T1,60.2117,-135.14116,2022-07-22,WN,2,MS,NA,NA,NA,NA,NA,NA,NA
YTHEMP-YSH-248916-T1,AND,T,T1,60.2117,-135.14116,2022-07-22,WN,2,TR,NA,NA,NA,NA,NA,NA,NA
YTHEMP-YSH-248916-T1,AND,T,T1,60.2117,-135.14116,2022-07-22,WN,2,TS,NA,NA,NA,NA,NA,NA,NA
YTHEMP-YSH-248916-T2,AND,T,T2,60.20787,-135.14953,2022-07-22,ES,1,VLS,25,195,2,Betu gla,L,FA,E
YTHEMP-YSH-248916-T2,AND,T,T2,60.20787,-135.14953,2022-07-22,ES,1,LS,54,210,10,Betu gla,L,FA,E
YTHEMP-YSH-248916-T2,AND,T,T2,60.20787,-135.14953,2022-07-22,ES,1,MS,NA,NA,NA,NA,NA,NA,NA
YTHEMP-YSH-248916-T2,AND,T,T2,60.20787,-135.14953,2022-07-22,ES,1,TR,NA,NA,NA,NA,NA,NA,NA
YTHEMP-YSH-248916-T2,AND,T,T2,60.20787,-135.14953,2022-07-22,ES,1,TS,NA,NA,NA,NA,NA,NA,NA
YTHEMP-YSH-248916-T2,AND,T,T2,60.20787,-135.14953,2022-07-22,ES,2,VLS,22,221,7,Betu gla,L,FA,E
YTHEMP-YSH-248916-T2,AND,T,T2,60.20787,-135.14953,2022-07-22,ES,2,LS,62,256,11,Betu gla,L,FA,E
YTHEMP-YSH-248916-T2,AND,T,T2,60.20787,-135.14953,2022-07-22,ES,2,MS,NA,NA,NA,NA,NA,NA,NA
YTHEMP-YSH-248916-T2,AND,T,T2,60.20787,-135.14953,2022-07-22,ES,2,TR,NA,NA,NA,NA,NA,NA,NA
YTHEMP-YSH-248916-T2,AND,T,T2,60.20787,-135.14953,2022-07-22,ES,2,TS,NA,NA,NA,NA,NA,NA,NA
YTHEMP-YSH-248916-T2,AND,T,T2,60.20787,-135.14953,2022-07-22,NE,1,VLS,34,127,4,Betu gla,L,FA,E
YTHEMP-YSH-248916-T2,AND,T,T2,60.20787,-135.14953,2022-07-22,NE,1,LS,51,385,5,Betu gla,L,FA,M
YTHEMP-YSH-248916-T2,AND,T,T2,60.20787,-135.14953,2022-07-22,NE,1,MS,NA,NA,NA,NA,NA,NA,NA
YTHEMP-YSH-248916-T2,AND,T,T2,60.20787,-135.14953,2022-07-22,NE,1,TR,NA,NA,NA,NA,NA,NA,NA
YTHEMP-YSH-248916-T2,AND,T,T2,60.20787,-135.14953,2022-07-22,NE,1,TS,NA,NA,NA,NA,NA,NA,NA
YTHEMP-YSH-248916-T2,AND,T,T2,60.20787,-135.14953,2022-07-22,NE,2,VLS,20,177,7,Betu gla,L,FA,E
YTHEMP-YSH-248916-T2,AND,T,T2,60.20787,-135.14953,2022-07-22,NE,2,LS,51,461,12,Betu gla,L,FA,E
YTHEMP-YSH-248916-T2,AND,T,T2,60.20787,-135.14953,2022-07-22,NE,2,MS,NA,NA,NA,NA,NA,NA,NA
YTHEMP-YSH-248916-T2,AND,T,T2,60.20787,-135.14953,2022-07-22,NE,2,TR,NA,NA,NA,NA,NA,NA,NA
YTHEMP-YSH-248916-T2,AND,T,T2,60.20787,-135.14953,2022-07-22,NE,2,TS,NA,NA,NA,NA,NA,NA,NA
YTHEMP-YSH-248916-T2,AND,T,T2,60.20787,-135.14953,2022-07-22,SW,1,VLS,33,300,5,Betu gla,L,FA,E
YTHEMP-YSH-248916-T2,AND,T,T2,60.20787,-135.14953,2022-07-22,SW,1,LS,52,327,4,Betu gla,L,FA,E
YTHEMP-YSH-248916-T2,AND,T,T2,60.20787,-135.14953,2022-07-22,SW,1,MS,NA,NA,NA,NA,NA,NA,NA
YTHEMP-YSH-248916-T2,AND,T,T2,60.20787,-135.14953,2022-07-22,SW,1,TR,NA,NA,NA,NA,NA,NA,NA
YTHEMP-YSH-248916-T2,AND,T,T2,60.20787,-135.14953,2022-07-22,SW,1,TS,NA,NA,NA,NA,NA,NA,NA
YTHEMP-YSH-248916-T2,AND,T,T2,60.20787,-135.14953,2022-07-22,SW,2,VLS,31,322,8,Betu gla,L,FA,E
YTHEMP-YSH-248916-T2,AND,T,T2,60.20787,-135.14953,2022-07-22,SW,2,LS,57,333,3,Betu gla,L,FA,E
YTHEMP-YSH-248916-T2,AND,T,T2,60.20787,-135.14953,2022-07-22,SW,2,MS,NA,NA,NA,NA,NA,NA,NA
YTHEMP-YSH-248916-T2,AND,T,T2,60.20787,-135.14953,2022-07-22,SW,2,TR,NA,NA,NA,NA,NA,NA,NA
YTHEMP-YSH-248916-T2,AND,T,T2,60.20787,-135.14953,2022-07-22,SW,2,TS,NA,NA,NA,NA,NA,NA,NA
YTHEMP-YSH-248916-T2,AND,T,T2,60.20787,-135.14953,2022-07-22,WN,1,VLS,19,208,2,Betu gla,L,FA,E
YTHEMP-YSH-248916-T2,AND,T,T2,60.20787,-135.14953,2022-07-22,WN,1,LS,63,164,2,Betu gla,L,FA,E
YTHEMP-YSH-248916-T2,AND,T,T2,60.20787,-135.14953,2022-07-22,WN,1,MS,NA,NA,NA,NA,NA,NA,NA
YTHEMP-YSH-248916-T2,AND,T,T2,60.20787,-135.14953,2022-07-22,WN,1,TR,NA,NA,NA,NA,NA,NA,NA
YTHEMP-YSH-248916-T2,AND,T,T2,60.20787,-135.14953,2022-07-22,WN,1,TS,NA,NA,NA,NA,NA,NA,NA
YTHEMP-YSH-248916-T2,AND,T,T2,60.20787,-135.14953,2022-07-22,WN,2,VLS,21,223,4,Betu gla,L,FA,E
YTHEMP-YSH-248916-T2,AND,T,T2,60.20787,-135.14953,2022-07-22,WN,2,LS,51,176,4,Sali spp,L,FA,E
YTHEMP-YSH-248916-T2,AND,T,T2,60.20787,-135.14953,2022-07-22,WN,2,MS,NA,NA,NA,NA,NA,NA,NA
YTHEMP-YSH-248916-T2,AND,T,T2,60.20787,-135.14953,2022-07-22,WN,2,TR,NA,NA,NA,NA,NA,NA,NA
YTHEMP-YSH-248916-T2,AND,T,T2,60.20787,-135.14953,2022-07-22,WN,2,TS,NA,NA,NA,NA,NA,NA,NA
YTHEMP-YSH-248916-T3,AND,T,T3,60.202309,-135.143462,2022-07-22,ES,1,VLS,40,105,11,Sali spp,L,FA,E
YTHEMP-YSH-248916-T3,AND,T,T3,60.202309,-135.143462,2022-07-22,ES,1,LS,76,222,2,Sali spp,L,FA,E
YTHEMP-YSH-248916-T3,AND,T,T3,60.202309,-135.143462,2022-07-22,ES,1,MS,102,182,7,Sali spp,L,FA,E
YTHEMP-YSH-248916-T3,AND,T,T3,60.202309,-135.143462,2022-07-22,ES,1,TR,NA,NA,NA,NA,NA,NA,NA
YTHEMP-YSH-248916-T3,AND,T,T3,60.202309,-135.143462,2022-07-22,ES,1,TS,NA,NA,NA,NA,NA,NA,NA
YTHEMP-YSH-248916-T3,AND,T,T3,60.202309,-135.143462,2022-07-22,ES,2,VLS,19,619,1,Abie las,L,FA,E
YTHEMP-YSH-248916-T3,AND,T,T3,60.202309,-135.143462,2022-07-22,ES,2,LS,89,962,7,Sali spp,L,FA,E
YTHEMP-YSH-248916-T3,AND,T,T3,60.202309,-135.143462,2022-07-22,ES,2,MS,140,714,7,Sali spp,L,FA,E
YTHEMP-YSH-248916-T3,AND,T,T3,60.202309,-135.143462,2022-07-22,ES,2,TR,NA,NA,NA,NA,NA,NA,NA
YTHEMP-YSH-248916-T3,AND,T,T3,60.202309,-135.143462,2022-07-22,ES,2,TS,NA,NA,NA,NA,NA,NA,NA
YTHEMP-YSH-248916-T3,AND,T,T3,60.202309,-135.143462,2022-07-22,NE,1,VLS,45,309,4,Sali spp,L,FA,E
YTHEMP-YSH-248916-T3,AND,T,T3,60.202309,-135.143462,2022-07-22,NE,1,LS,53,305,5,Sali spp,L,FA,E
YTHEMP-YSH-248916-T3,AND,T,T3,60.202309,-135.143462,2022-07-22,NE,1,TS,202,495,27,Sali spp,L,FA,E
YTHEMP-YSH-248916-T3,AND,T,T3,60.202309,-135.143462,2022-07-22,NE,1,MS,NA,NA,NA,NA,NA,NA,NA
YTHEMP-YSH-248916-T3,AND,T,T3,60.202309,-135.143462,2022-07-22,NE,1,TR,NA,NA,NA,NA,NA,NA,NA
YTHEMP-YSH-248916-T3,AND,T,T3,60.202309,-135.143462,2022-07-22,NE,2,VLS,21,327,7,Sali spp,L,FA,E
YTHEMP-YSH-248916-T3,AND,T,T3,60.202309,-135.143462,2022-07-22,NE,2,LS,NA,NA,NA,NA,NA,NA,NA
YTHEMP-YSH-248916-T3,AND,T,T3,60.202309,-135.143462,2022-07-22,NE,2,MS,NA,NA,NA,NA,NA,NA,NA
YTHEMP-YSH-248916-T3,AND,T,T3,60.202309,-135.143462,2022-07-22,NE,2,TR,NA,NA,NA,NA,NA,NA,NA
YTHEMP-YSH-248916-T3,AND,T,T3,60.202309,-135.143462,2022-07-22,NE,2,TS,NA,NA,NA,NA,NA,NA,NA
YTHEMP-YSH-248916-T3,AND,T,T3,60.202309,-135.143462,2022-07-22,SW,1,VLS,16,53,4,Sali spp,L,FA,E
YTHEMP-YSH-248916-T3,AND,T,T3,60.202309,-135.143462,2022-07-22,SW,1,LS,61,183,1,Sali spp,L,FA,E
YTHEMP-YSH-248916-T3,AND,T,T3,60.202309,-135.143462,2022-07-22,SW,1,MS,117,379,4,Sali spp,L,FA,E
YTHEMP-YSH-248916-T3,AND,T,T3,60.202309,-135.143462,2022-07-22,SW,1,TR,NA,NA,NA,NA,NA,NA,NA
YTHEMP-YSH-248916-T3,AND,T,T3,60.202309,-135.143462,2022-07-22,SW,1,TS,NA,NA,NA,NA,NA,NA,NA
YTHEMP-YSH-248916-T3,AND,T,T3,60.202309,-135.143462,2022-07-22,SW,2,VLS,42,150,2,Sali spp,L,FA,E
YTHEMP-YSH-248916-T3,AND,T,T3,60.202309,-135.143462,2022-07-22,SW,2,LS,58,220,4,Sali spp,L,FA,E
YTHEMP-YSH-248916-T3,AND,T,T3,60.202309,-135.143462,2022-07-22,SW,2,MS,104,481,16,Sali spp,L,FA,E
YTHEMP-YSH-248916-T3,AND,T,T3,60.202309,-135.143462,2022-07-22,SW,2,TR,NA,NA,NA,NA,NA,NA,NA
YTHEMP-YSH-248916-T3,AND,T,T3,60.202309,-135.143462,2022-07-22,SW,2,TS,NA,NA,NA,NA,NA,NA,NA
YTHEMP-YSH-248916-T3,AND,T,T3,60.202309,-135.143462,2022-07-22,WN,1,VLS,43,39,1,Sali spp,L,FA,E
YTHEMP-YSH-248916-T3,AND,T,T3,60.202309,-135.143462,2022-07-22,WN,1,LS,52,132,2,Sali spp,L,FA,E
YTHEMP-YSH-248916-T3,AND,T,T3,60.202309,-135.143462,2022-07-22,WN,1,MS,NA,NA,NA,NA,NA,NA,NA
YTHEMP-YSH-248916-T3,AND,T,T3,60.202309,-135.143462,2022-07-22,WN,1,TR,NA,NA,NA,NA,NA,NA,NA
YTHEMP-YSH-248916-T3,AND,T,T3,60.202309,-135.143462,2022-07-22,WN,1,TS,NA,NA,NA,NA,NA,NA,NA
YTHEMP-YSH-248916-T3,AND,T,T3,60.202309,-135.143462,2022-07-22,WN,2,VLS,46,61,11,Dasi fru,L,FA,E
YTHEMP-YSH-248916-T3,AND,T,T3,60.202309,-135.143462,2022-07-22,WN,2,LS,94,196,3,Sali spp,L,FA,E
YTHEMP-YSH-248916-T3,AND,T,T3,60.202309,-135.143462,2022-07-22,WN,2,MS,NA,NA,NA,NA,NA,NA,NA
YTHEMP-YSH-248916-T3,AND,T,T3,60.202309,-135.143462,2022-07-22,WN,2,TR,NA,NA,NA,NA,NA,NA,NA
YTHEMP-YSH-248916-T3,AND,T,T3,60.202309,-135.143462,2022-07-22,WN,2,TS,NA,NA,NA,NA,NA,NA,NA
YTHEMP-YSH-248916-T5,AND,T,T5,60.20015,-135.14796,2022-07-22,ES,1,VLS,42,36,6,Sali spp,L,FA,E
YTHEMP-YSH-248916-T5,AND,T,T5,60.20015,-135.14796,2022-07-22,ES,1,LS,NA,NA,NA,NA,NA,NA,NA
YTHEMP-YSH-248916-T5,AND,T,T5,60.20015,-135.14796,2022-07-22,ES,1,MS,NA,NA,NA,NA,NA,NA,NA
YTHEMP-YSH-248916-T5,AND,T,T5,60.20015,-135.14796,2022-07-22,ES,1,TR,NA,NA,NA,NA,NA,NA,NA
YTHEMP-YSH-248916-T5,AND,T,T5,60.20015,-135.14796,2022-07-22,ES,1,TS,NA,NA,NA,NA,NA,NA,NA
YTHEMP-YSH-248916-T5,AND,T,T5,60.20015,-135.14796,2022-07-22,ES,2,VLS,36,66,8,Sali spp,L,FA,E
YTHEMP-YSH-248916-T5,AND,T,T5,60.20015,-135.14796,2022-07-22,ES,2,LS,NA,NA,NA,NA,NA,NA,NA
YTHEMP-YSH-248916-T5,AND,T,T5,60.20015,-135.14796,2022-07-22,ES,2,MS,NA,NA,NA,NA,NA,NA,NA
YTHEMP-YSH-248916-T5,AND,T,T5,60.20015,-135.14796,2022-07-22,ES,2,TR,NA,NA,NA,NA,NA,NA,NA
YTHEMP-YSH-248916-T5,AND,T,T5,60.20015,-135.14796,2022-07-22,ES,2,TS,NA,NA,NA,NA,NA,NA,NA
YTHEMP-YSH-248916-T5,AND,T,T5,60.20015,-135.14796,2022-07-22,NE,1,VLS,44,63,4,Sali spp,L,FA,E
YTHEMP-YSH-248916-T5,AND,T,T5,60.20015,-135.14796,2022-07-22,NE,1,LS,61,44,12,Sali spp,L,FA,E
YTHEMP-YSH-248916-T5,AND,T,T5,60.20015,-135.14796,2022-07-22,NE,1,MS,NA,NA,NA,NA,NA,NA,NA
YTHEMP-YSH-248916-T5,AND,T,T5,60.20015,-135.14796,2022-07-22,NE,1,TR,NA,NA,NA,NA,NA,NA,NA
YTHEMP-YSH-248916-T5,AND,T,T5,60.20015,-135.14796,2022-07-22,NE,1,TS,NA,NA,NA,NA,NA,NA,NA
YTHEMP-YSH-248916-T5,AND,T,T5,60.20015,-135.14796,2022-07-22,NE,2,LS,NA,NA,NA,NA,NA,NA,NA
YTHEMP-YSH-248916-T5,AND,T,T5,60.20015,-135.14796,2022-07-22,NE,2,MS,NA,NA,NA,NA,NA,NA,NA
YTHEMP-YSH-248916-T5,AND,T,T5,60.20015,-135.14796,2022-07-22,NE,2,TR,NA,NA,NA,NA,NA,NA,NA
YTHEMP-YSH-248916-T5,AND,T,T5,60.20015,-135.14796,2022-07-22,NE,2,TS,NA,NA,NA,NA,NA,NA,NA
YTHEMP-YSH-248916-T5,AND,T,T5,60.20015,-135.14796,2022-07-22,NE,2,VLS,NA,NA,NA,NA,NA,NA,NA
YTHEMP-YSH-248916-T5,AND,T,T5,60.20015,-135.14796,2022-07-22,SW,1,VLS,36,42,8,Sali spp,L,FA,E
YTHEMP-YSH-248916-T5,AND,T,T5,60.20015,-135.14796,2022-07-22,SW,1,LS,53,433,16,Sali spp,L,FA,E
YTHEMP-YSH-248916-T5,AND,T,T5,60.20015,-135.14796,2022-07-22,SW,1,MS,NA,NA,NA,NA,NA,NA,NA
YTHEMP-YSH-248916-T5,AND,T,T5,60.20015,-135.14796,2022-07-22,SW,1,TR,NA,NA,NA,NA,NA,NA,NA
YTHEMP-YSH-248916-T5,AND,T,T5,60.20015,-135.14796,2022-07-22,SW,1,TS,NA,NA,NA,NA,NA,NA,NA
YTHEMP-YSH-248916-T5,AND,T,T5,60.20015,-135.14796,2022-07-22,SW,2,VLS,43,54,13,Sali spp,L,FA,E
YTHEMP-YSH-248916-T5,AND,T,T5,60.20015,-135.14796,2022-07-22,SW,2,LS,NA,NA,NA,NA,NA,NA,NA
YTHEMP-YSH-248916-T5,AND,T,T5,60.20015,-135.14796,2022-07-22,SW,2,MS,NA,NA,NA,NA,NA,NA,NA
YTHEMP-YSH-248916-T5,AND,T,T5,60.20015,-135.14796,2022-07-22,SW,2,TR,NA,NA,NA,NA,NA,NA,NA
YTHEMP-YSH-248916-T5,AND,T,T5,60.20015,-135.14796,2022-07-22,SW,2,TS,NA,NA,NA,NA,NA,NA,NA
YTHEMP-YSH-248916-T5,AND,T,T5,60.20015,-135.14796,2022-07-22,WN,1,VLS,45,41,11,Sali spp,L,FA,E
YTHEMP-YSH-248916-T5,AND,T,T5,60.20015,-135.14796,2022-07-22,WN,1,LS,59,269,6,Sali spp,L,FA,E
YTHEMP-YSH-248916-T5,AND,T,T5,60.20015,-135.14796,2022-07-22,WN,1,MS,NA,NA,NA,NA,NA,NA,NA
YTHEMP-YSH-248916-T5,AND,T,T5,60.20015,-135.14796,2022-07-22,WN,1,TR,NA,NA,NA,NA,NA,NA,NA
YTHEMP-YSH-248916-T5,AND,T,T5,60.20015,-135.14796,2022-07-22,WN,1,TS,NA,NA,NA,NA,NA,NA,NA
YTHEMP-YSH-248916-T5,AND,T,T5,60.20015,-135.14796,2022-07-22,WN,2,VLS,44,70,9,Sali spp,L,FA,E
YTHEMP-YSH-248916-T5,AND,T,T5,60.20015,-135.14796,2022-07-22,WN,2,LS,NA,NA,NA,NA,NA,NA,NA
YTHEMP-YSH-248916-T5,AND,T,T5,60.20015,-135.14796,2022-07-22,WN,2,MS,NA,NA,NA,NA,NA,NA,NA
YTHEMP-YSH-248916-T5,AND,T,T5,60.20015,-135.14796,2022-07-22,WN,2,TR,NA,NA,NA,NA,NA,NA,NA
YTHEMP-YSH-248916-T5,AND,T,T5,60.20015,-135.14796,2022-07-22,WN,2,TS,NA,NA,NA,NA,NA,NA,NA
YTHEMP-YSH-248916-T6,AND,T,T6,60.21092,-135.14667,2022-07-22,ES,1,VLS,41,91,2,Sali spp,L,FA,E
YTHEMP-YSH-248916-T6,AND,T,T6,60.21092,-135.14667,2022-07-22,ES,1,LS,NA,NA,NA,NA,NA,NA,NA
YTHEMP-YSH-248916-T6,AND,T,T6,60.21092,-135.14667,2022-07-22,ES,1,MS,NA,NA,NA,NA,NA,NA,NA
YTHEMP-YSH-248916-T6,AND,T,T6,60.21092,-135.14667,2022-07-22,ES,1,TR,NA,NA,NA,NA,NA,NA,NA
YTHEMP-YSH-248916-T6,AND,T,T6,60.21092,-135.14667,2022-07-22,ES,1,TS,NA,NA,NA,NA,NA,NA,NA
YTHEMP-YSH-248916-T6,AND,T,T6,60.21092,-135.14667,2022-07-22,ES,2,VLS,26,97,3,Sali spp,L,FA,E
YTHEMP-YSH-248916-T6,AND,T,T6,60.21092,-135.14667,2022-07-22,ES,2,LS,NA,NA,NA,NA,NA,NA,NA
YTHEMP-YSH-248916-T6,AND,T,T6,60.21092,-135.14667,2022-07-22,ES,2,MS,NA,NA,NA,NA,NA,NA,NA
YTHEMP-YSH-248916-T6,AND,T,T6,60.21092,-135.14667,2022-07-22,ES,2,TR,NA,NA,NA,NA,NA,NA,NA
YTHEMP-YSH-248916-T6,AND,T,T6,60.21092,-135.14667,2022-07-22,ES,2,TS,NA,NA,NA,NA,NA,NA,NA
YTHEMP-YSH-248916-T6,AND,T,T6,60.21092,-135.14667,2022-07-22,NE,1,VLS,23,610,7,Betu gla,L,FA,E
YTHEMP-YSH-248916-T6,AND,T,T6,60.21092,-135.14667,2022-07-22,NE,1,LS,NA,NA,NA,NA,NA,NA,NA
YTHEMP-YSH-248916-T6,AND,T,T6,60.21092,-135.14667,2022-07-22,NE,1,MS,NA,NA,NA,NA,NA,NA,NA
YTHEMP-YSH-248916-T6,AND,T,T6,60.21092,-135.14667,2022-07-22,NE,1,TR,NA,NA,NA,NA,NA,NA,NA
YTHEMP-YSH-248916-T6,AND,T,T6,60.21092,-135.14667,2022-07-22,NE,1,TS,NA,NA,NA,NA,NA,NA,NA
YTHEMP-YSH-248916-T6,AND,T,T6,60.21092,-135.14667,2022-07-22,NE,2,VLS,16,810,3,Sali spp,L,FA,E
YTHEMP-YSH-248916-T6,AND,T,T6,60.21092,-135.14667,2022-07-22,NE,2,LS,NA,NA,NA,NA,NA,NA,NA
YTHEMP-YSH-248916-T6,AND,T,T6,60.21092,-135.14667,2022-07-22,NE,2,MS,NA,NA,NA,NA,NA,NA,NA
YTHEMP-YSH-248916-T6,AND,T,T6,60.21092,-135.14667,2022-07-22,NE,2,TR,NA,NA,NA,NA,NA,NA,NA
YTHEMP-YSH-248916-T6,AND,T,T6,60.21092,-135.14667,2022-07-22,NE,2,TS,NA,NA,NA,NA,NA,NA,NA
YTHEMP-YSH-248916-T6,AND,T,T6,60.21092,-135.14667,2022-07-22,SW,1,VLS,47,105,6,Betu gla,L,FA,E
YTHEMP-YSH-248916-T6,AND,T,T6,60.21092,-135.14667,2022-07-22,SW,1,LS,NA,NA,NA,NA,NA,NA,NA
YTHEMP-YSH-248916-T6,AND,T,T6,60.21092,-135.14667,2022-07-22,SW,1,MS,NA,NA,NA,NA,NA,NA,NA
YTHEMP-YSH-248916-T6,AND,T,T6,60.21092,-135.14667,2022-07-22,SW,1,TR,NA,NA,NA,NA,NA,NA,NA
YTHEMP-YSH-248916-T6,AND,T,T6,60.21092,-135.14667,2022-07-22,SW,1,TS,NA,NA,NA,NA,NA,NA,NA
YTHEMP-YSH-248916-T6,AND,T,T6,60.21092,-135.14667,2022-07-22,SW,2,VLS,20,226,9,Sali spp,L,FA,E
YTHEMP-YSH-248916-T6,AND,T,T6,60.21092,-135.14667,2022-07-22,SW,2,LS,NA,NA,NA,NA,NA,NA,NA
YTHEMP-YSH-248916-T6,AND,T,T6,60.21092,-135.14667,2022-07-22,SW,2,MS,NA,NA,NA,NA,NA,NA,NA
YTHEMP-YSH-248916-T6,AND,T,T6,60.21092,-135.14667,2022-07-22,SW,2,TR,NA,NA,NA,NA,NA,NA,NA
YTHEMP-YSH-248916-T6,AND,T,T6,60.21092,-135.14667,2022-07-22,SW,2,TS,NA,NA,NA,NA,NA,NA,NA
YTHEMP-YSH-248916-T6,AND,T,T6,60.21092,-135.14667,2022-07-22,WN,1,VLS,15,405,1,Betu gla,L,FA,E
YTHEMP-YSH-248916-T6,AND,T,T6,60.21092,-135.14667,2022-07-22,WN,1,LS,NA,NA,NA,NA,NA,NA,NA
YTHEMP-YSH-248916-T6,AND,T,T6,60.21092,-135.14667,2022-07-22,WN,1,MS,NA,NA,NA,NA,NA,NA,NA
YTHEMP-YSH-248916-T6,AND,T,T6,60.21092,-135.14667,2022-07-22,WN,1,TR,NA,NA,NA,NA,NA,NA,NA
YTHEMP-YSH-248916-T6,AND,T,T6,60.21092,-135.14667,2022-07-22,WN,1,TS,NA,NA,NA,NA,NA,NA,NA
YTHEMP-YSH-248916-T6,AND,T,T6,60.21092,-135.14667,2022-07-22,WN,2,VLS,23,422,3,Betu gla,L,FA,E
YTHEMP-YSH-248916-T6,AND,T,T6,60.21092,-135.14667,2022-07-22,WN,2,LS,NA,NA,NA,NA,NA,NA,NA
YTHEMP-YSH-248916-T6,AND,T,T6,60.21092,-135.14667,2022-07-22,WN,2,MS,NA,NA,NA,NA,NA,NA,NA
YTHEMP-YSH-248916-T6,AND,T,T6,60.21092,-135.14667,2022-07-22,WN,2,TR,NA,NA,NA,NA,NA,NA,NA
YTHEMP-YSH-248916-T6,AND,T,T6,60.21092,-135.14667,2022-07-22,WN,2,TS,NA,NA,NA,NA,NA,NA,NA
YTHEMP-YSL-258111-S1,GOL,S,S1,60.546989,-135.060212,2022-07-25,ES,1,VLS,35,50,2,Betu gla,L,FA,E
YTHEMP-YSL-258111-S1,GOL,S,S1,60.546989,-135.060212,2022-07-25,ES,1,LS,52,310,5,Sali spp,L,FA,E
YTHEMP-YSL-258111-S1,GOL,S,S1,60.546989,-135.060212,2022-07-25,ES,1,MS,NA,NA,NA,NA,NA,NA,NA
YTHEMP-YSL-258111-S1,GOL,S,S1,60.546989,-135.060212,2022-07-25,ES,1,TR,NA,NA,NA,NA,NA,NA,NA
YTHEMP-YSL-258111-S1,GOL,S,S1,60.546989,-135.060212,2022-07-25,ES,1,TS,NA,NA,NA,NA,NA,NA,NA
YTHEMP-YSL-258111-S1,GOL,S,S1,60.546989,-135.060212,2022-07-25,ES,2,VLS,49,110,3,Betu gla,L,FA,E
YTHEMP-YSL-258111-S1,GOL,S,S1,60.546989,-135.060212,2022-07-25,ES,2,LS,53,330,5,Sali spp,L,FA,E
YTHEMP-YSL-258111-S1,GOL,S,S1,60.546989,-135.060212,2022-07-25,ES,2,MS,NA,NA,NA,NA,NA,NA,NA
YTHEMP-YSL-258111-S1,GOL,S,S1,60.546989,-135.060212,2022-07-25,ES,2,TR,NA,NA,NA,NA,NA,NA,NA
YTHEMP-YSL-258111-S1,GOL,S,S1,60.546989,-135.060212,2022-07-25,ES,2,TS,NA,NA,NA,NA,NA,NA,NA
YTHEMP-YSL-258111-S1,GOL,S,S1,60.546989,-135.060212,2022-07-25,NE,1,VLS,20,71,3,Betu gla,L,FA,E
YTHEMP-YSL-258111-S1,GOL,S,S1,60.546989,-135.060212,2022-07-25,NE,1,LS,60,180,5,Betu gla,L,FA,E
YTHEMP-YSL-258111-S1,GOL,S,S1,60.546989,-135.060212,2022-07-25,NE,1,MS,NA,NA,NA,NA,NA,NA,NA
YTHEMP-YSL-258111-S1,GOL,S,S1,60.546989,-135.060212,2022-07-25,NE,1,TR,NA,NA,NA,NA,NA,NA,NA
YTHEMP-YSL-258111-S1,GOL,S,S1,60.546989,-135.060212,2022-07-25,NE,1,TS,NA,NA,NA,NA,NA,NA,NA
YTHEMP-YSL-258111-S1,GOL,S,S1,60.546989,-135.060212,2022-07-25,NE,2,VLS,33,80,3,Betu gla,L,FA,E
YTHEMP-YSL-258111-S1,GOL,S,S1,60.546989,-135.060212,2022-07-25,NE,2,LS,69,220,4,Betu gla,L,FA,E
YTHEMP-YSL-258111-S1,GOL,S,S1,60.546989,-135.060212,2022-07-25,NE,2,MS,NA,NA,NA,NA,NA,NA,NA
YTHEMP-YSL-258111-S1,GOL,S,S1,60.546989,-135.060212,2022-07-25,NE,2,TR,NA,NA,NA,NA,NA,NA,NA
YTHEMP-YSL-258111-S1,GOL,S,S1,60.546989,-135.060212,2022-07-25,NE,2,TS,NA,NA,NA,NA,NA,NA,NA
YTHEMP-YSL-258111-S1,GOL,S,S1,60.546989,-135.060212,2022-07-25,SW,1,VLS,35,130,3,Sali spp,L,FA,E
YTHEMP-YSL-258111-S1,GOL,S,S1,60.546989,-135.060212,2022-07-25,SW,1,LS,80,670,6,Sali spp,L,FA,E
YTHEMP-YSL-258111-S1,GOL,S,S1,60.546989,-135.060212,2022-07-25,SW,1,MS,NA,NA,NA,NA,NA,NA,NA
YTHEMP-YSL-258111-S1,GOL,S,S1,60.546989,-135.060212,2022-07-25,SW,1,TR,NA,NA,NA,NA,NA,NA,NA
YTHEMP-YSL-258111-S1,GOL,S,S1,60.546989,-135.060212,2022-07-25,SW,1,TS,NA,NA,NA,NA,NA,NA,NA
YTHEMP-YSL-258111-S1,GOL,S,S1,60.546989,-135.060212,2022-07-25,SW,2,VLS,25,150,1,Sali spp,L,FA,E
YTHEMP-YSL-258111-S1,GOL,S,S1,60.546989,-135.060212,2022-07-25,SW,2,LS,58,800,16,Sali spp,L,FA,E
YTHEMP-YSL-258111-S1,GOL,S,S1,60.546989,-135.060212,2022-07-25,SW,2,MS,NA,NA,NA,NA,NA,NA,NA
YTHEMP-YSL-258111-S1,GOL,S,S1,60.546989,-135.060212,2022-07-25,SW,2,TR,NA,NA,NA,NA,NA,NA,NA
YTHEMP-YSL-258111-S1,GOL,S,S1,60.546989,-135.060212,2022-07-25,SW,2,TS,NA,NA,NA,NA,NA,NA,NA
YTHEMP-YSL-258111-S1,GOL,S,S1,60.546989,-135.060212,2022-07-25,WN,1,VLS,30,55,3,Betu gla,L,FA,E
YTHEMP-YSL-258111-S1,GOL,S,S1,60.546989,-135.060212,2022-07-25,WN,1,LS,65,230,1,Betu gla,L,FA,E
YTHEMP-YSL-258111-S1,GOL,S,S1,60.546989,-135.060212,2022-07-25,WN,1,TS,400,670,2,Pice gla,L,FA,E
YTHEMP-YSL-258111-S1,GOL,S,S1,60.546989,-135.060212,2022-07-25,WN,1,MS,NA,NA,NA,NA,NA,NA,NA
YTHEMP-YSL-258111-S1,GOL,S,S1,60.546989,-135.060212,2022-07-25,WN,1,TR,NA,NA,NA,NA,NA,NA,NA
YTHEMP-YSL-258111-S1,GOL,S,S1,60.546989,-135.060212,2022-07-25,WN,2,VLS,25,150,6,Betu gla,L,FA,E
YTHEMP-YSL-258111-S1,GOL,S,S1,60.546989,-135.060212,2022-07-25,WN,2,LS,59,240,2,Betu gla,L,FA,E
YTHEMP-YSL-258111-S1,GOL,S,S1,60.546989,-135.060212,2022-07-25,WN,2,MS,NA,NA,NA,NA,NA,NA,NA
YTHEMP-YSL-258111-S1,GOL,S,S1,60.546989,-135.060212,2022-07-25,WN,2,TR,NA,NA,NA,NA,NA,NA,NA
YTHEMP-YSL-258111-S1,GOL,S,S1,60.546989,-135.060212,2022-07-25,WN,2,TS,NA,NA,NA,NA,NA,NA,NA
YTHEMP-YSL-259270-S2,GOL,S,S2,60.56153,-135.09492,2022-07-25,ES,1,VLS,40,5,2,Betu gla,L,FA,E
YTHEMP-YSL-259270-S2,GOL,S,S2,60.56153,-135.09492,2022-07-25,ES,1,LS,65,90,1,Sali spp,L,FA,E
YTHEMP-YSL-259270-S2,GOL,S,S2,60.56153,-135.09492,2022-07-25,ES,1,MS,102,160,5,Betu gla,L,FA,E
YTHEMP-YSL-259270-S2,GOL,S,S2,60.56153,-135.09492,2022-07-25,ES,1,TR,NA,NA,NA,NA,NA,NA,NA
YTHEMP-YSL-259270-S2,GOL,S,S2,60.56153,-135.09492,2022-07-25,ES,1,TS,NA,NA,NA,NA,NA,NA,NA
YTHEMP-YSL-259270-S2,GOL,S,S2,60.56153,-135.09492,2022-07-25,ES,2,VLS,30,30,3,Betu gla,L,FA,E
YTHEMP-YSL-259270-S2,GOL,S,S2,60.56153,-135.09492,2022-07-25,ES,2,LS,65,90,3,Betu gla,L,FA,E
YTHEMP-YSL-259270-S2,GOL,S,S2,60.56153,-135.09492,2022-07-25,ES,2,MS,110,240,3,Sali spp,L,FA,E
YTHEMP-YSL-259270-S2,GOL,S,S2,60.56153,-135.09492,2022-07-25,ES,2,TR,NA,NA,NA,NA,NA,NA,NA
YTHEMP-YSL-259270-S2,GOL,S,S2,60.56153,-135.09492,2022-07-25,ES,2,TS,NA,NA,NA,NA,NA,NA,NA
YTHEMP-YSL-259270-S2,GOL,S,S2,60.56153,-135.09492,2022-07-25,NE,1,VLS,49,40,3,Betu gla,L,FA,E
YTHEMP-YSL-259270-S2,GOL,S,S2,60.56153,-135.09492,2022-07-25,NE,1,LS,70,30,2,Betu gla,L,FA,E
YTHEMP-YSL-259270-S2,GOL,S,S2,60.56153,-135.09492,2022-07-25,NE,1,MS,104,160,6,Betu gla,L,FA,E
YTHEMP-YSL-259270-S2,GOL,S,S2,60.56153,-135.09492,2022-07-25,NE,1,TR,NA,NA,NA,NA,NA,NA,NA
YTHEMP-YSL-259270-S2,GOL,S,S2,60.56153,-135.09492,2022-07-25,NE,1,TS,NA,NA,NA,NA,NA,NA,NA
YTHEMP-YSL-259270-S2,GOL,S,S2,60.56153,-135.09492,2022-07-25,NE,2,VLS,24,60,1,Betu gla,L,FA,E
YTHEMP-YSL-259270-S2,GOL,S,S2,60.56153,-135.09492,2022-07-25,NE,2,LS,65,70,1,Sali spp,L,FA,E
YTHEMP-YSL-259270-S2,GOL,S,S2,60.56153,-135.09492,2022-07-25,NE,2,MS,110,240,4,Sali spp,L,FA,E
YTHEMP-YSL-259270-S2,GOL,S,S2,60.56153,-135.09492,2022-07-25,NE,2,TR,NA,NA,NA,NA,NA,NA,NA
YTHEMP-YSL-259270-S2,GOL,S,S2,60.56153,-135.09492,2022-07-25,NE,2,TS,NA,NA,NA,NA,NA,NA,NA
YTHEMP-YSL-259270-S2,GOL,S,S2,60.56153,-135.09492,2022-07-25,SW,1,VLS,40,15,5,Betu gla,L,FA,E
YTHEMP-YSL-259270-S2,GOL,S,S2,60.56153,-135.09492,2022-07-25,SW,1,LS,75,100,1,Betu gla,L,FA,E
YTHEMP-YSL-259270-S2,GOL,S,S2,60.56153,-135.09492,2022-07-25,SW,1,MS,105,140,8,Betu gla,L,FA,E
YTHEMP-YSL-259270-S2,GOL,S,S2,60.56153,-135.09492,2022-07-25,SW,1,TR,NA,NA,NA,NA,NA,NA,NA
YTHEMP-YSL-259270-S2,GOL,S,S2,60.56153,-135.09492,2022-07-25,SW,1,TS,NA,NA,NA,NA,NA,NA,NA
YTHEMP-YSL-259270-S2,GOL,S,S2,60.56153,-135.09492,2022-07-25,SW,2,VLS,30,70,6,Betu gla,L,FA,E
YTHEMP-YSL-259270-S2,GOL,S,S2,60.56153,-135.09492,2022-07-25,SW,2,LS,70,110,2,Betu gla,L,FA,E
YTHEMP-YSL-259270-S2,GOL,S,S2,60.56153,-135.09492,2022-07-25,SW,2,MS,115,260,4,Betu gla,L,FA,E
YTHEMP-YSL-259270-S2,GOL,S,S2,60.56153,-135.09492,2022-07-25,SW,2,TR,NA,NA,NA,NA,NA,NA,NA
YTHEMP-YSL-259270-S2,GOL,S,S2,60.56153,-135.09492,2022-07-25,SW,2,TS,NA,NA,NA,NA,NA,NA,NA
YTHEMP-YSL-259270-S2,GOL,S,S2,60.56153,-135.09492,2022-07-25,WN,1,VLS,45,15,1,Betu gla,L,FA,E
YTHEMP-YSL-259270-S2,GOL,S,S2,60.56153,-135.09492,2022-07-25,WN,1,LS,85,50,1,Sali spp,L,FA,E
YTHEMP-YSL-259270-S2,GOL,S,S2,60.56153,-135.09492,2022-07-25,WN,1,MS,110,380,10,Betu gla,L,FA,E
YTHEMP-YSL-259270-S2,GOL,S,S2,60.56153,-135.09492,2022-07-25,WN,1,TR,NA,NA,NA,NA,NA,NA,NA
YTHEMP-YSL-259270-S2,GOL,S,S2,60.56153,-135.09492,2022-07-25,WN,1,TS,NA,NA,NA,NA,NA,NA,NA
YTHEMP-YSL-259270-S2,GOL,S,S2,60.56153,-135.09492,2022-07-25,WN,2,VLS,30,50,2,Betu gla,L,FA,E
YTHEMP-YSL-259270-S2,GOL,S,S2,60.56153,-135.09492,2022-07-25,WN,2,LS,65,120,1,Betu gla,L,FA,E
YTHEMP-YSL-259270-S2,GOL,S,S2,60.56153,-135.09492,2022-07-25,WN,2,MS,103,430,3,Betu gla,L,FA,E
YTHEMP-YSL-259270-S2,GOL,S,S2,60.56153,-135.09492,2022-07-25,WN,2,TR,NA,NA,NA,NA,NA,NA,NA
YTHEMP-YSL-259270-S2,GOL,S,S2,60.56153,-135.09492,2022-07-25,WN,2,TS,NA,NA,NA,NA,NA,NA,NA
YTHEMP-YSL-258689-S3,GOL,S,S3,60.557105,-135.093843,2022-07-25,ES,1,VLS,50,60,2,Betu gla,L,FA,E
YTHEMP-YSL-258689-S3,GOL,S,S3,60.557105,-135.093843,2022-07-25,ES,1,LS,95,80,4,Sali spp,L,FA,E
YTHEMP-YSL-258689-S3,GOL,S,S3,60.557105,-135.093843,2022-07-25,ES,1,MS,140,170,2,Betu gla,L,FA,E
YTHEMP-YSL-258689-S3,GOL,S,S3,60.557105,-135.093843,2022-07-25,ES,1,TS,250,15,14,Sali spp,L,FA,E
YTHEMP-YSL-258689-S3,GOL,S,S3,60.557105,-135.093843,2022-07-25,ES,1,TR,NA,NA,NA,NA,NA,NA,NA
YTHEMP-YSL-258689-S3,GOL,S,S3,60.557105,-135.093843,2022-07-25,ES,2,VLS,40,80,2,Betu gla,L,FA,E
YTHEMP-YSL-258689-S3,GOL,S,S3,60.557105,-135.093843,2022-07-25,ES,2,LS,80,100,8,Betu gla,L,FA,E
YTHEMP-YSL-258689-S3,GOL,S,S3,60.557105,-135.093843,2022-07-25,ES,2,MS,165,240,1,Betu gla,L,FA,E
YTHEMP-YSL-258689-S3,GOL,S,S3,60.557105,-135.093843,2022-07-25,ES,2,TS,210,680,5,Betu gla,L,FA,E
YTHEMP-YSL-258689-S3,GOL,S,S3,60.557105,-135.093843,2022-07-25,ES,2,TR,NA,NA,NA,NA,NA,NA,NA
YTHEMP-YSL-258689-S3,GOL,S,S3,60.557105,-135.093843,2022-07-25,NE,1,VLS,40,90,2,Betu gla,L,FA,E
YTHEMP-YSL-258689-S3,GOL,S,S3,60.557105,-135.093843,2022-07-25,NE,1,LS,80,20,1,Betu gla,L,FA,E
YTHEMP-YSL-258689-S3,GOL,S,S3,60.557105,-135.093843,2022-07-25,NE,1,MS,100,110,1,Betu gla,L,FA,E
YTHEMP-YSL-258689-S3,GOL,S,S3,60.557105,-135.093843,2022-07-25,NE,1,TS,220,640,2,Sali spp,L,FA,E
YTHEMP-YSL-258689-S3,GOL,S,S3,60.557105,-135.093843,2022-07-25,NE,1,TR,NA,NA,NA,NA,NA,NA,NA
YTHEMP-YSL-258689-S3,GOL,S,S3,60.557105,-135.093843,2022-07-25,NE,2,VLS,30,110,5,Betu gla,L,FA,E
YTHEMP-YSL-258689-S3,GOL,S,S3,60.557105,-135.093843,2022-07-25,NE,2,LS,80,80,5,Betu gla,L,FA,E
YTHEMP-YSL-258689-S3,GOL,S,S3,60.557105,-135.093843,2022-07-25,NE,2,MS,140,140,2,Sali spp,L,FA,E
YTHEMP-YSL-258689-S3,GOL,S,S3,60.557105,-135.093843,2022-07-25,NE,2,TS,280,690,7,Sali spp,L,FA,E
YTHEMP-YSL-258689-S3,GOL,S,S3,60.557105,-135.093843,2022-07-25,NE,2,TR,NA,NA,NA,NA,NA,NA,NA
YTHEMP-YSL-258689-S3,GOL,S,S3,60.557105,-135.093843,2022-07-25,SW,1,VLS,45,60,1,Betu gla,L,FA,E
YTHEMP-YSL-258689-S3,GOL,S,S3,60.557105,-135.093843,2022-07-25,SW,1,LS,90,70,1,Betu gla,L,FA,E
YTHEMP-YSL-258689-S3,GOL,S,S3,60.557105,-135.093843,2022-07-25,SW,1,MS,140,25,2,Betu gla,L,FA,E
YTHEMP-YSL-258689-S3,GOL,S,S3,60.557105,-135.093843,2022-07-25,SW,1,TS,201,180,1,Sali spp,L,FA,E
YTHEMP-YSL-258689-S3,GOL,S,S3,60.557105,-135.093843,2022-07-25,SW,1,TR,NA,NA,NA,NA,NA,NA,NA
YTHEMP-YSL-258689-S3,GOL,S,S3,60.557105,-135.093843,2022-07-25,SW,2,VLS,45,80,1,Betu gla,L,FA,E
YTHEMP-YSL-258689-S3,GOL,S,S3,60.557105,-135.093843,2022-07-25,SW,2,LS,60,80,1,Betu gla,L,FA,E
YTHEMP-YSL-258689-S3,GOL,S,S3,60.557105,-135.093843,2022-07-25,SW,2,MS,150,100,4,Betu gla,L,FA,E
YTHEMP-YSL-258689-S3,GOL,S,S3,60.557105,-135.093843,2022-07-25,SW,2,TS,215,320,20,Sali spp,L,FA,E
YTHEMP-YSL-258689-S3,GOL,S,S3,60.557105,-135.093843,2022-07-25,SW,2,TR,NA,NA,NA,NA,NA,NA,NA
YTHEMP-YSL-258689-S3,GOL,S,S3,60.557105,-135.093843,2022-07-25,WN,1,VLS,30,50,1,Betu gla,L,FA,E
YTHEMP-YSL-258689-S3,GOL,S,S3,60.557105,-135.093843,2022-07-25,WN,1,LS,80,20,2,Betu gla,L,FA,E
YTHEMP-YSL-258689-S3,GOL,S,S3,60.557105,-135.093843,2022-07-25,WN,1,MS,115,20,3,Betu gla,L,FA,E
YTHEMP-YSL-258689-S3,GOL,S,S3,60.557105,-135.093843,2022-07-25,WN,1,TR,NA,NA,NA,NA,NA,NA,NA
YTHEMP-YSL-258689-S3,GOL,S,S3,60.557105,-135.093843,2022-07-25,WN,1,TS,NA,NA,NA,NA,NA,NA,NA
YTHEMP-YSL-258689-S3,GOL,S,S3,60.557105,-135.093843,2022-07-25,WN,2,VLS,11,110,1,Betu gla,L,FA,E
YTHEMP-YSL-258689-S3,GOL,S,S3,60.557105,-135.093843,2022-07-25,WN,2,LS,60,90,8,Betu gla,L,FA,E
YTHEMP-YSL-258689-S3,GOL,S,S3,60.557105,-135.093843,2022-07-25,WN,2,MS,140,180,6,Sali spp,L,FA,E
YTHEMP-YSL-258689-S3,GOL,S,S3,60.557105,-135.093843,2022-07-25,WN,2,TR,NA,NA,NA,NA,NA,NA,NA
YTHEMP-YSL-258689-S3,GOL,S,S3,60.557105,-135.093843,2022-07-25,WN,2,TS,NA,NA,NA,NA,NA,NA,NA
YTHEMP-YSL-259270-S4,GOL,S,S4,60.57634,-135.09147,2022-07-25,ES,1,VLS,35,120,1,Betu gla,L,FA,E
YTHEMP-YSL-259270-S4,GOL,S,S4,60.57634,-135.09147,2022-07-25,ES,1,LS,60,120,3,Betu gla,L,FA,E
YTHEMP-YSL-259270-S4,GOL,S,S4,60.57634,-135.09147,2022-07-25,ES,1,MS,115,30,1,Betu gla,L,FA,E
YTHEMP-YSL-259270-S4,GOL,S,S4,60.57634,-135.09147,2022-07-25,ES,1,TS,700,25,1,Abie las,L,FA,E
YTHEMP-YSL-259270-S4,GOL,S,S4,60.57634,-135.09147,2022-07-25,ES,1,TR,NA,NA,NA,NA,NA,NA,NA
YTHEMP-YSL-259270-S4,GOL,S,S4,60.57634,-135.09147,2022-07-25,ES,2,VLS,20,170,1,Betu gla,L,FA,E
YTHEMP-YSL-259270-S4,GOL,S,S4,60.57634,-135.09147,2022-07-25,ES,2,LS,60,240,2,Betu gla,L,FA,E
YTHEMP-YSL-259270-S4,GOL,S,S4,60.57634,-135.09147,2022-07-25,ES,2,MS,130,60,3,Betu gla,L,FA,E
YTHEMP-YSL-259270-S4,GOL,S,S4,60.57634,-135.09147,2022-07-25,ES,2,TR,NA,NA,NA,NA,NA,NA,NA
YTHEMP-YSL-259270-S4,GOL,S,S4,60.57634,-135.09147,2022-07-25,ES,2,TS,NA,NA,NA,NA,NA,NA,NA
YTHEMP-YSL-259270-S4,GOL,S,S4,60.57634,-135.09147,2022-07-25,NE,1,VLS,25,65,1,Betu gla,L,FA,E
YTHEMP-YSL-259270-S4,GOL,S,S4,60.57634,-135.09147,2022-07-25,NE,1,LS,51,200,2,Betu gla,L,FA,E
YTHEMP-YSL-259270-S4,GOL,S,S4,60.57634,-135.09147,2022-07-25,NE,1,MS,125,20,4,Betu gla,L,FA,E
YTHEMP-YSL-259270-S4,GOL,S,S4,60.57634,-135.09147,2022-07-25,NE,1,TS,200,310,2,Betu gla,L,FA,E
YTHEMP-YSL-259270-S4,GOL,S,S4,60.57634,-135.09147,2022-07-25,NE,1,TR,NA,NA,NA,NA,NA,NA,NA
YTHEMP-YSL-259270-S4,GOL,S,S4,60.57634,-135.09147,2022-07-25,NE,2,VLS,18,100,2,Abie las,L,FA,E
YTHEMP-YSL-259270-S4,GOL,S,S4,60.57634,-135.09147,2022-07-25,NE,2,LS,55,200,2,Betu gla,L,FA,E
YTHEMP-YSL-259270-S4,GOL,S,S4,60.57634,-135.09147,2022-07-25,NE,2,MS,120,90,4,Betu gla,L,FA,E
YTHEMP-YSL-259270-S4,GOL,S,S4,60.57634,-135.09147,2022-07-25,NE,2,TS,210,450,1,Betu gla,L,FA,E
YTHEMP-YSL-259270-S4,GOL,S,S4,60.57634,-135.09147,2022-07-25,NE,2,TR,NA,NA,NA,NA,NA,NA,NA
YTHEMP-YSL-259270-S4,GOL,S,S4,60.57634,-135.09147,2022-07-25,SW,1,VLS,45,80,1,Betu gla,L,FA,E
YTHEMP-YSL-259270-S4,GOL,S,S4,60.57634,-135.09147,2022-07-25,SW,1,LS,90,250,9,Betu gla,L,FA,E
YTHEMP-YSL-259270-S4,GOL,S,S4,60.57634,-135.09147,2022-07-25,SW,1,MS,120,180,4,Betu gla,L,FA,E
YTHEMP-YSL-259270-S4,GOL,S,S4,60.57634,-135.09147,2022-07-25,SW,1,TS,600,120,1,Abie las,L,FA,E
YTHEMP-YSL-259270-S4,GOL,S,S4,60.57634,-135.09147,2022-07-25,SW,1,TR,NA,NA,NA,NA,NA,NA,NA
YTHEMP-YSL-259270-S4,GOL,S,S4,60.57634,-135.09147,2022-07-25,SW,2,VLS,45,390,2,Betu gla,L,FA,E
YTHEMP-YSL-259270-S4,GOL,S,S4,60.57634,-135.09147,2022-07-25,SW,2,LS,90,320,5,Betu gla,L,FA,E
YTHEMP-YSL-259270-S4,GOL,S,S4,60.57634,-135.09147,2022-07-25,SW,2,MS,150,300,3,Betu gla,L,FA,E
YTHEMP-YSL-259270-S4,GOL,S,S4,60.57634,-135.09147,2022-07-25,SW,2,TS,300,180,1,Abie las,L,FA,E
YTHEMP-YSL-259270-S4,GOL,S,S4,60.57634,-135.09147,2022-07-25,SW,2,TR,NA,NA,NA,NA,NA,NA,NA
YTHEMP-YSL-259270-S4,GOL,S,S4,60.57634,-135.09147,2022-07-25,WN,1,VLS,30,160,2,Betu gla,L,FA,E
YTHEMP-YSL-259270-S4,GOL,S,S4,60.57634,-135.09147,2022-07-25,WN,1,LS,60,110,2,Betu gla,L,FA,E
YTHEMP-YSL-259270-S4,GOL,S,S4,60.57634,-135.09147,2022-07-25,WN,1,MS,120,110,8,Betu gla,L,FA,E
YTHEMP-YSL-259270-S4,GOL,S,S4,60.57634,-135.09147,2022-07-25,WN,1,TS,750,80,1,Abie las,L,FA,E
YTHEMP-YSL-259270-S4,GOL,S,S4,60.57634,-135.09147,2022-07-25,WN,1,TR,NA,NA,NA,NA,NA,NA,NA
YTHEMP-YSL-259270-S4,GOL,S,S4,60.57634,-135.09147,2022-07-25,WN,2,VLS,25,180,1,Betu gla,L,FA,E
YTHEMP-YSL-259270-S4,GOL,S,S4,60.57634,-135.09147,2022-07-25,WN,2,LS,70,180,3,Betu gla,L,FA,E
YTHEMP-YSL-259270-S4,GOL,S,S4,60.57634,-135.09147,2022-07-25,WN,2,MS,120,180,10,Betu gla,L,FA,E
YTHEMP-YSL-259270-S4,GOL,S,S4,60.57634,-135.09147,2022-07-25,WN,2,TS,400,200,1,Abie las,L,FA,E
YTHEMP-YSL-259270-S4,GOL,S,S4,60.57634,-135.09147,2022-07-25,WN,2,TR,NA,NA,NA,NA,NA,NA,NA
YTHEMP-YSL-259270-D5,GOL,S,S5,60.56293,-135.072453,2022-07-25,ES,1,VLS,17,130,1,Rubu pub,L,FP,E
YTHEMP-YSL-259270-D5,GOL,S,S5,60.56293,-135.072453,2022-07-25,ES,1,LS,90,100,2,Betu gla,L,FA,E
YTHEMP-YSL-259270-D5,GOL,S,S5,60.56293,-135.072453,2022-07-25,ES,1,MS,140,100,1,Betu gla,L,FA,E
YTHEMP-YSL-259270-D5,GOL,S,S5,60.56293,-135.072453,2022-07-25,ES,1,TS,205,130,2,Betu gla,L,FA,E
YTHEMP-YSL-259270-D5,GOL,S,S5,60.56293,-135.072453,2022-07-25,ES,1,TR,NA,NA,NA,NA,NA,NA,NA
YTHEMP-YSL-259270-D5,GOL,S,S5,60.56293,-135.072453,2022-07-25,ES,2,VLS,16,130,1,Rubu pub,L,FP,E
YTHEMP-YSL-259270-D5,GOL,S,S5,60.56293,-135.072453,2022-07-25,ES,2,LS,60,170,3,Betu gla,L,FA,E
YTHEMP-YSL-259270-D5,GOL,S,S5,60.56293,-135.072453,2022-07-25,ES,2,MS,180,150,1,Betu gla,L,FA,E
YTHEMP-YSL-259270-D5,GOL,S,S5,60.56293,-135.072453,2022-07-25,ES,2,TS,240,160,1,Betu gla,L,FA,E
YTHEMP-YSL-259270-D5,GOL,S,S5,60.56293,-135.072453,2022-07-25,ES,2,TR,NA,NA,NA,NA,NA,NA,NA
YTHEMP-YSL-259270-D5,GOL,S,S5,60.56293,-135.072453,2022-07-25,NE,1,VLS,22,160,1,Rubu pub,L,FP,E
YTHEMP-YSL-259270-D5,GOL,S,S5,60.56293,-135.072453,2022-07-25,NE,1,LS,80,130,3,Betu gla,L,FA,E
YTHEMP-YSL-259270-D5,GOL,S,S5,60.56293,-135.072453,2022-07-25,NE,1,MS,170,180,3,Betu gla,L,FA,E
YTHEMP-YSL-259270-D5,GOL,S,S5,60.56293,-135.072453,2022-07-25,NE,1,TS,270,200,1,Sali spp,L,FA,E
YTHEMP-YSL-259270-D5,GOL,S,S5,60.56293,-135.072453,2022-07-25,NE,1,TR,NA,NA,NA,NA,NA,NA,NA
YTHEMP-YSL-259270-D5,GOL,S,S5,60.56293,-135.072453,2022-07-25,NE,2,VLS,17,160,1,Rubu pub,L,FP,E
YTHEMP-YSL-259270-D5,GOL,S,S5,60.56293,-135.072453,2022-07-25,NE,2,LS,85,210,2,Betu gla,L,FA,E
YTHEMP-YSL-259270-D5,GOL,S,S5,60.56293,-135.072453,2022-07-25,NE,2,MS,120,220,1,Sali spp,L,FA,E
YTHEMP-YSL-259270-D5,GOL,S,S5,60.56293,-135.072453,2022-07-25,NE,2,TS,220,260,1,Sali spp,L,FA,E
YTHEMP-YSL-259270-D5,GOL,S,S5,60.56293,-135.072453,2022-07-25,NE,2,TR,NA,NA,NA,NA,NA,NA,NA
YTHEMP-YSL-259270-D5,GOL,S,S5,60.56293,-135.072453,2022-07-25,SW,1,VLS,17,270,1,Rubu pub,L,FP,E
YTHEMP-YSL-259270-D5,GOL,S,S5,60.56293,-135.072453,2022-07-25,SW,1,LS,70,190,4,Betu gla,L,FA,E
YTHEMP-YSL-259270-D5,GOL,S,S5,60.56293,-135.072453,2022-07-25,SW,1,MS,120,10,2,Betu gla,L,FA,E
YTHEMP-YSL-259270-D5,GOL,S,S5,60.56293,-135.072453,2022-07-25,SW,1,TS,210,170,5,Betu gla,L,FA,E
YTHEMP-YSL-259270-D5,GOL,S,S5,60.56293,-135.072453,2022-07-25,SW,1,TR,NA,NA,NA,NA,NA,NA,NA
YTHEMP-YSL-259270-D5,GOL,S,S5,60.56293,-135.072453,2022-07-25,SW,2,VLS,18,270,1,Rubu pub,L,FP,E
YTHEMP-YSL-259270-D5,GOL,S,S5,60.56293,-135.072453,2022-07-25,SW,2,LS,60,300,1,Betu gla,L,FA,E
YTHEMP-YSL-259270-D5,GOL,S,S5,60.56293,-135.072453,2022-07-25,SW,2,MS,160,120,1,Sali spp,L,FA,E
YTHEMP-YSL-259270-D5,GOL,S,S5,60.56293,-135.072453,2022-07-25,SW,2,TS,290,180,4,Sali spp,L,FA,E
YTHEMP-YSL-259270-D5,GOL,S,S5,60.56293,-135.072453,2022-07-25,SW,2,TR,NA,NA,NA,NA,NA,NA,NA
YTHEMP-YSL-259270-D5,GOL,S,S5,60.56293,-135.072453,2022-07-25,WN,1,VLS,16,160,1,Rubu pub,L,FP,E
YTHEMP-YSL-259270-D5,GOL,S,S5,60.56293,-135.072453,2022-07-25,WN,1,LS,70,410,10,Betu gla,L,FA,E
YTHEMP-YSL-259270-D5,GOL,S,S5,60.56293,-135.072453,2022-07-25,WN,1,MS,110,350,4,Sali spp,L,FA,E
YTHEMP-YSL-259270-D5,GOL,S,S5,60.56293,-135.072453,2022-07-25,WN,1,TS,230,110,1,Sali spp,L,FA,E
YTHEMP-YSL-259270-D5,GOL,S,S5,60.56293,-135.072453,2022-07-25,WN,1,TR,NA,NA,NA,NA,NA,NA,NA
YTHEMP-YSL-259270-D5,GOL,S,S5,60.56293,-135.072453,2022-07-25,WN,2,VLS,25,160,1,Rubu pub,L,FP,E
YTHEMP-YSL-259270-D5,GOL,S,S5,60.56293,-135.072453,2022-07-25,WN,2,LS,65,450,5,Betu gla,L,FA,E
YTHEMP-YSL-259270-D5,GOL,S,S5,60.56293,-135.072453,2022-07-25,WN,2,MS,120,400,2,Betu gla,L,FA,E
YTHEMP-YSL-259270-D5,GOL,S,S5,60.56293,-135.072453,2022-07-25,WN,2,TS,260,210,1,Sali spp,L,FA,E
YTHEMP-YSL-259270-D5,GOL,S,S5,60.56293,-135.072453,2022-07-25,WN,2,TR,NA,NA,NA,NA,NA,NA,NA
YTHEMP-YSL-259270-T1,GOL,T,T1,60.563366,-135.050617,2022-07-25,ES,1,LS,NA,NA,NA,NA,NA,NA,NA
YTHEMP-YSL-259270-T1,GOL,T,T1,60.563366,-135.050617,2022-07-25,ES,1,MS,NA,NA,NA,NA,NA,NA,NA
YTHEMP-YSL-259270-T1,GOL,T,T1,60.563366,-135.050617,2022-07-25,ES,1,TR,NA,NA,NA,NA,NA,NA,NA
YTHEMP-YSL-259270-T1,GOL,T,T1,60.563366,-135.050617,2022-07-25,ES,1,TS,NA,NA,NA,NA,NA,NA,NA
YTHEMP-YSL-259270-T1,GOL,T,T1,60.563366,-135.050617,2022-07-25,ES,1,VLS,NA,NA,NA,NA,NA,NA,NA
YTHEMP-YSL-259270-T1,GOL,T,T1,60.563366,-135.050617,2022-07-25,ES,2,LS,NA,NA,NA,NA,NA,NA,NA
YTHEMP-YSL-259270-T1,GOL,T,T1,60.563366,-135.050617,2022-07-25,ES,2,MS,NA,NA,NA,NA,NA,NA,NA
YTHEMP-YSL-259270-T1,GOL,T,T1,60.563366,-135.050617,2022-07-25,ES,2,TR,NA,NA,NA,NA,NA,NA,NA
YTHEMP-YSL-259270-T1,GOL,T,T1,60.563366,-135.050617,2022-07-25,ES,2,TS,NA,NA,NA,NA,NA,NA,NA
YTHEMP-YSL-259270-T1,GOL,T,T1,60.563366,-135.050617,2022-07-25,ES,2,VLS,NA,NA,NA,NA,NA,NA,NA
YTHEMP-YSL-259270-T1,GOL,T,T1,60.563366,-135.050617,2022-07-25,NE,1,LS,NA,NA,NA,NA,NA,NA,NA
YTHEMP-YSL-259270-T1,GOL,T,T1,60.563366,-135.050617,2022-07-25,NE,1,MS,NA,NA,NA,NA,NA,NA,NA
YTHEMP-YSL-259270-T1,GOL,T,T1,60.563366,-135.050617,2022-07-25,NE,1,TR,NA,NA,NA,NA,NA,NA,NA
YTHEMP-YSL-259270-T1,GOL,T,T1,60.563366,-135.050617,2022-07-25,NE,1,TS,NA,NA,NA,NA,NA,NA,NA
YTHEMP-YSL-259270-T1,GOL,T,T1,60.563366,-135.050617,2022-07-25,NE,1,VLS,NA,NA,NA,NA,NA,NA,NA
YTHEMP-YSL-259270-T1,GOL,T,T1,60.563366,-135.050617,2022-07-25,NE,2,LS,NA,NA,NA,NA,NA,NA,NA
YTHEMP-YSL-259270-T1,GOL,T,T1,60.563366,-135.050617,2022-07-25,NE,2,MS,NA,NA,NA,NA,NA,NA,NA
YTHEMP-YSL-259270-T1,GOL,T,T1,60.563366,-135.050617,2022-07-25,NE,2,TR,NA,NA,NA,NA,NA,NA,NA
YTHEMP-YSL-259270-T1,GOL,T,T1,60.563366,-135.050617,2022-07-25,NE,2,TS,NA,NA,NA,NA,NA,NA,NA
YTHEMP-YSL-259270-T1,GOL,T,T1,60.563366,-135.050617,2022-07-25,NE,2,VLS,NA,NA,NA,NA,NA,NA,NA
YTHEMP-YSL-259270-T1,GOL,T,T1,60.563366,-135.050617,2022-07-25,SW,1,LS,NA,NA,NA,NA,NA,NA,NA
YTHEMP-YSL-259270-T1,GOL,T,T1,60.563366,-135.050617,2022-07-25,SW,1,MS,NA,NA,NA,NA,NA,NA,NA
YTHEMP-YSL-259270-T1,GOL,T,T1,60.563366,-135.050617,2022-07-25,SW,1,TR,NA,NA,NA,NA,NA,NA,NA
YTHEMP-YSL-259270-T1,GOL,T,T1,60.563366,-135.050617,2022-07-25,SW,1,TS,NA,NA,NA,NA,NA,NA,NA
YTHEMP-YSL-259270-T1,GOL,T,T1,60.563366,-135.050617,2022-07-25,SW,1,VLS,NA,NA,NA,NA,NA,NA,NA
YTHEMP-YSL-259270-T1,GOL,T,T1,60.563366,-135.050617,2022-07-25,SW,2,LS,NA,NA,NA,NA,NA,NA,NA
YTHEMP-YSL-259270-T1,GOL,T,T1,60.563366,-135.050617,2022-07-25,SW,2,MS,NA,NA,NA,NA,NA,NA,NA
YTHEMP-YSL-259270-T1,GOL,T,T1,60.563366,-135.050617,2022-07-25,SW,2,TR,NA,NA,NA,NA,NA,NA,NA
YTHEMP-YSL-259270-T1,GOL,T,T1,60.563366,-135.050617,2022-07-25,SW,2,TS,NA,NA,NA,NA,NA,NA,NA
YTHEMP-YSL-259270-T1,GOL,T,T1,60.563366,-135.050617,2022-07-25,SW,2,VLS,NA,NA,NA,NA,NA,NA,NA
YTHEMP-YSL-259270-T1,GOL,T,T1,60.563366,-135.050617,2022-07-25,WN,1,LS,NA,NA,NA,NA,NA,NA,NA
YTHEMP-YSL-259270-T1,GOL,T,T1,60.563366,-135.050617,2022-07-25,WN,1,MS,NA,NA,NA,NA,NA,NA,NA
YTHEMP-YSL-259270-T1,GOL,T,T1,60.563366,-135.050617,2022-07-25,WN,1,TR,NA,NA,NA,NA,NA,NA,NA
YTHEMP-YSL-259270-T1,GOL,T,T1,60.563366,-135.050617,2022-07-25,WN,1,TS,NA,NA,NA,NA,NA,NA,NA
YTHEMP-YSL-259270-T1,GOL,T,T1,60.563366,-135.050617,2022-07-25,WN,1,VLS,NA,NA,NA,NA,NA,NA,NA
YTHEMP-YSL-259270-T1,GOL,T,T1,60.563366,-135.050617,2022-07-25,WN,2,LS,NA,NA,NA,NA,NA,NA,NA
YTHEMP-YSL-259270-T1,GOL,T,T1,60.563366,-135.050617,2022-07-25,WN,2,MS,NA,NA,NA,NA,NA,NA,NA
YTHEMP-YSL-259270-T1,GOL,T,T1,60.563366,-135.050617,2022-07-25,WN,2,TR,NA,NA,NA,NA,NA,NA,NA
YTHEMP-YSL-259270-T1,GOL,T,T1,60.563366,-135.050617,2022-07-25,WN,2,TS,NA,NA,NA,NA,NA,NA,NA
YTHEMP-YSL-259270-T1,GOL,T,T1,60.563366,-135.050617,2022-07-25,WN,2,VLS,NA,NA,NA,NA,NA,NA,NA
YTHEMP-YSL-258111-T2,GOL,T,T2,60.555394,-135.0445,2022-07-25,ES,1,LS,NA,NA,NA,NA,NA,NA,NA
YTHEMP-YSL-258111-T2,GOL,T,T2,60.555394,-135.0445,2022-07-25,ES,1,MS,NA,NA,NA,NA,NA,NA,NA
YTHEMP-YSL-258111-T2,GOL,T,T2,60.555394,-135.0445,2022-07-25,ES,1,TR,NA,NA,NA,NA,NA,NA,NA
YTHEMP-YSL-258111-T2,GOL,T,T2,60.555394,-135.0445,2022-07-25,ES,1,TS,NA,NA,NA,NA,NA,NA,NA
YTHEMP-YSL-258111-T2,GOL,T,T2,60.555394,-135.0445,2022-07-25,ES,1,VLS,NA,NA,NA,NA,NA,NA,NA
YTHEMP-YSL-258111-T2,GOL,T,T2,60.555394,-135.0445,2022-07-25,ES,2,LS,NA,NA,NA,NA,NA,NA,NA
YTHEMP-YSL-258111-T2,GOL,T,T2,60.555394,-135.0445,2022-07-25,ES,2,MS,NA,NA,NA,NA,NA,NA,NA
YTHEMP-YSL-258111-T2,GOL,T,T2,60.555394,-135.0445,2022-07-25,ES,2,TR,NA,NA,NA,NA,NA,NA,NA
YTHEMP-YSL-258111-T2,GOL,T,T2,60.555394,-135.0445,2022-07-25,ES,2,TS,NA,NA,NA,NA,NA,NA,NA
YTHEMP-YSL-258111-T2,GOL,T,T2,60.555394,-135.0445,2022-07-25,ES,2,VLS,NA,NA,NA,NA,NA,NA,NA
YTHEMP-YSL-258111-T2,GOL,T,T2,60.555394,-135.0445,2022-07-25,NE,1,LS,NA,NA,NA,NA,NA,NA,NA
YTHEMP-YSL-258111-T2,GOL,T,T2,60.555394,-135.0445,2022-07-25,NE,1,MS,NA,NA,NA,NA,NA,NA,NA
YTHEMP-YSL-258111-T2,GOL,T,T2,60.555394,-135.0445,2022-07-25,NE,1,TR,NA,NA,NA,NA,NA,NA,NA
YTHEMP-YSL-258111-T2,GOL,T,T2,60.555394,-135.0445,2022-07-25,NE,1,TS,NA,NA,NA,NA,NA,NA,NA
YTHEMP-YSL-258111-T2,GOL,T,T2,60.555394,-135.0445,2022-07-25,NE,1,VLS,NA,NA,NA,NA,NA,NA,NA
YTHEMP-YSL-258111-T2,GOL,T,T2,60.555394,-135.0445,2022-07-25,NE,2,LS,NA,NA,NA,NA,NA,NA,NA
YTHEMP-YSL-258111-T2,GOL,T,T2,60.555394,-135.0445,2022-07-25,NE,2,MS,NA,NA,NA,NA,NA,NA,NA
YTHEMP-YSL-258111-T2,GOL,T,T2,60.555394,-135.0445,2022-07-25,NE,2,TR,NA,NA,NA,NA,NA,NA,NA
YTHEMP-YSL-258111-T2,GOL,T,T2,60.555394,-135.0445,2022-07-25,NE,2,TS,NA,NA,NA,NA,NA,NA,NA
YTHEMP-YSL-258111-T2,GOL,T,T2,60.555394,-135.0445,2022-07-25,NE,2,VLS,NA,NA,NA,NA,NA,NA,NA
YTHEMP-YSL-258111-T2,GOL,T,T2,60.555394,-135.0445,2022-07-25,SW,1,LS,NA,NA,NA,NA,NA,NA,NA
YTHEMP-YSL-258111-T2,GOL,T,T2,60.555394,-135.0445,2022-07-25,SW,1,MS,NA,NA,NA,NA,NA,NA,NA
YTHEMP-YSL-258111-T2,GOL,T,T2,60.555394,-135.0445,2022-07-25,SW,1,TR,NA,NA,NA,NA,NA,NA,NA
YTHEMP-YSL-258111-T2,GOL,T,T2,60.555394,-135.0445,2022-07-25,SW,1,TS,NA,NA,NA,NA,NA,NA,NA
YTHEMP-YSL-258111-T2,GOL,T,T2,60.555394,-135.0445,2022-07-25,SW,1,VLS,NA,NA,NA,NA,NA,NA,NA
YTHEMP-YSL-258111-T2,GOL,T,T2,60.555394,-135.0445,2022-07-25,SW,2,LS,NA,NA,NA,NA,NA,NA,NA
YTHEMP-YSL-258111-T2,GOL,T,T2,60.555394,-135.0445,2022-07-25,SW,2,MS,NA,NA,NA,NA,NA,NA,NA
YTHEMP-YSL-258111-T2,GOL,T,T2,60.555394,-135.0445,2022-07-25,SW,2,TR,NA,NA,NA,NA,NA,NA,NA
YTHEMP-YSL-258111-T2,GOL,T,T2,60.555394,-135.0445,2022-07-25,SW,2,TS,NA,NA,NA,NA,NA,NA,NA
YTHEMP-YSL-258111-T2,GOL,T,T2,60.555394,-135.0445,2022-07-25,SW,2,VLS,NA,NA,NA,NA,NA,NA,NA
YTHEMP-YSL-258111-T2,GOL,T,T2,60.555394,-135.0445,2022-07-25,WN,1,LS,NA,NA,NA,NA,NA,NA,NA
YTHEMP-YSL-258111-T2,GOL,T,T2,60.555394,-135.0445,2022-07-25,WN,1,MS,NA,NA,NA,NA,NA,NA,NA
YTHEMP-YSL-258111-T2,GOL,T,T2,60.555394,-135.0445,2022-07-25,WN,1,TR,NA,NA,NA,NA,NA,NA,NA
YTHEMP-YSL-258111-T2,GOL,T,T2,60.555394,-135.0445,2022-07-25,WN,1,TS,NA,NA,NA,NA,NA,NA,NA
YTHEMP-YSL-258111-T2,GOL,T,T2,60.555394,-135.0445,2022-07-25,WN,1,VLS,NA,NA,NA,NA,NA,NA,NA
YTHEMP-YSL-258111-T2,GOL,T,T2,60.555394,-135.0445,2022-07-25,WN,2,LS,NA,NA,NA,NA,NA,NA,NA
YTHEMP-YSL-258111-T2,GOL,T,T2,60.555394,-135.0445,2022-07-25,WN,2,MS,NA,NA,NA,NA,NA,NA,NA
YTHEMP-YSL-258111-T2,GOL,T,T2,60.555394,-135.0445,2022-07-25,WN,2,TR,NA,NA,NA,NA,NA,NA,NA
YTHEMP-YSL-258111-T2,GOL,T,T2,60.555394,-135.0445,2022-07-25,WN,2,TS,NA,NA,NA,NA,NA,NA,NA
YTHEMP-YSL-258111-T2,GOL,T,T2,60.555394,-135.0445,2022-07-25,WN,2,VLS,NA,NA,NA,NA,NA,NA,NA
YTHEMP-YSL-259270-T3,GOL,T,T3,60.560673,-135.050397,2022-07-25,ES,1,VLS,16,430,5,Sali spp,L,FA,E
YTHEMP-YSL-259270-T3,GOL,T,T3,60.560673,-135.050397,2022-07-25,ES,1,LS,NA,NA,NA,NA,NA,NA,NA
YTHEMP-YSL-259270-T3,GOL,T,T3,60.560673,-135.050397,2022-07-25,ES,1,MS,NA,NA,NA,NA,NA,NA,NA
YTHEMP-YSL-259270-T3,GOL,T,T3,60.560673,-135.050397,2022-07-25,ES,1,TR,NA,NA,NA,NA,NA,NA,NA
YTHEMP-YSL-259270-T3,GOL,T,T3,60.560673,-135.050397,2022-07-25,ES,1,TS,NA,NA,NA,NA,NA,NA,NA
YTHEMP-YSL-259270-T3,GOL,T,T3,60.560673,-135.050397,2022-07-25,ES,2,VLS,21,430,5,Sali spp,L,FA,E
YTHEMP-YSL-259270-T3,GOL,T,T3,60.560673,-135.050397,2022-07-25,ES,2,LS,NA,NA,NA,NA,NA,NA,NA
YTHEMP-YSL-259270-T3,GOL,T,T3,60.560673,-135.050397,2022-07-25,ES,2,MS,NA,NA,NA,NA,NA,NA,NA
YTHEMP-YSL-259270-T3,GOL,T,T3,60.560673,-135.050397,2022-07-25,ES,2,TR,NA,NA,NA,NA,NA,NA,NA
YTHEMP-YSL-259270-T3,GOL,T,T3,60.560673,-135.050397,2022-07-25,ES,2,TS,NA,NA,NA,NA,NA,NA,NA
YTHEMP-YSL-259270-T3,GOL,T,T3,60.560673,-135.050397,2022-07-25,NE,1,VLS,20,410,5,Sali spp,L,FA,E
YTHEMP-YSL-259270-T3,GOL,T,T3,60.560673,-135.050397,2022-07-25,NE,1,LS,NA,NA,NA,NA,NA,NA,NA
YTHEMP-YSL-259270-T3,GOL,T,T3,60.560673,-135.050397,2022-07-25,NE,1,MS,NA,NA,NA,NA,NA,NA,NA
YTHEMP-YSL-259270-T3,GOL,T,T3,60.560673,-135.050397,2022-07-25,NE,1,TR,NA,NA,NA,NA,NA,NA,NA
YTHEMP-YSL-259270-T3,GOL,T,T3,60.560673,-135.050397,2022-07-25,NE,1,TS,NA,NA,NA,NA,NA,NA,NA
YTHEMP-YSL-259270-T3,GOL,T,T3,60.560673,-135.050397,2022-07-25,NE,2,VLS,19,420,5,Sali spp,L,FA,E
YTHEMP-YSL-259270-T3,GOL,T,T3,60.560673,-135.050397,2022-07-25,NE,2,LS,NA,NA,NA,NA,NA,NA,NA
YTHEMP-YSL-259270-T3,GOL,T,T3,60.560673,-135.050397,2022-07-25,NE,2,MS,NA,NA,NA,NA,NA,NA,NA
YTHEMP-YSL-259270-T3,GOL,T,T3,60.560673,-135.050397,2022-07-25,NE,2,TR,NA,NA,NA,NA,NA,NA,NA
YTHEMP-YSL-259270-T3,GOL,T,T3,60.560673,-135.050397,2022-07-25,NE,2,TS,NA,NA,NA,NA,NA,NA,NA
YTHEMP-YSL-259270-T3,GOL,T,T3,60.560673,-135.050397,2022-07-25,SW,1,LS,NA,NA,NA,NA,NA,NA,NA
YTHEMP-YSL-259270-T3,GOL,T,T3,60.560673,-135.050397,2022-07-25,SW,1,MS,NA,NA,NA,NA,NA,NA,NA
YTHEMP-YSL-259270-T3,GOL,T,T3,60.560673,-135.050397,2022-07-25,SW,1,TR,NA,NA,NA,NA,NA,NA,NA
YTHEMP-YSL-259270-T3,GOL,T,T3,60.560673,-135.050397,2022-07-25,SW,1,TS,NA,NA,NA,NA,NA,NA,NA
YTHEMP-YSL-259270-T3,GOL,T,T3,60.560673,-135.050397,2022-07-25,SW,1,VLS,NA,NA,NA,NA,NA,NA,NA
YTHEMP-YSL-259270-T3,GOL,T,T3,60.560673,-135.050397,2022-07-25,SW,2,LS,NA,NA,NA,NA,NA,NA,NA
YTHEMP-YSL-259270-T3,GOL,T,T3,60.560673,-135.050397,2022-07-25,SW,2,MS,NA,NA,NA,NA,NA,NA,NA
YTHEMP-YSL-259270-T3,GOL,T,T3,60.560673,-135.050397,2022-07-25,SW,2,TR,NA,NA,NA,NA,NA,NA,NA
YTHEMP-YSL-259270-T3,GOL,T,T3,60.560673,-135.050397,2022-07-25,SW,2,TS,NA,NA,NA,NA,NA,NA,NA
YTHEMP-YSL-259270-T3,GOL,T,T3,60.560673,-135.050397,2022-07-25,SW,2,VLS,NA,NA,NA,NA,NA,NA,NA
YTHEMP-YSL-259270-T3,GOL,T,T3,60.560673,-135.050397,2022-07-25,WN,1,LS,NA,NA,NA,NA,NA,NA,NA
YTHEMP-YSL-259270-T3,GOL,T,T3,60.560673,-135.050397,2022-07-25,WN,1,MS,NA,NA,NA,NA,NA,NA,NA
YTHEMP-YSL-259270-T3,GOL,T,T3,60.560673,-135.050397,2022-07-25,WN,1,TR,NA,NA,NA,NA,NA,NA,NA
YTHEMP-YSL-259270-T3,GOL,T,T3,60.560673,-135.050397,2022-07-25,WN,1,TS,NA,NA,NA,NA,NA,NA,NA
YTHEMP-YSL-259270-T3,GOL,T,T3,60.560673,-135.050397,2022-07-25,WN,1,VLS,NA,NA,NA,NA,NA,NA,NA
YTHEMP-YSL-259270-T3,GOL,T,T3,60.560673,-135.050397,2022-07-25,WN,2,LS,NA,NA,NA,NA,NA,NA,NA
YTHEMP-YSL-259270-T3,GOL,T,T3,60.560673,-135.050397,2022-07-25,WN,2,MS,NA,NA,NA,NA,NA,NA,NA
YTHEMP-YSL-259270-T3,GOL,T,T3,60.560673,-135.050397,2022-07-25,WN,2,TR,NA,NA,NA,NA,NA,NA,NA
YTHEMP-YSL-259270-T3,GOL,T,T3,60.560673,-135.050397,2022-07-25,WN,2,TS,NA,NA,NA,NA,NA,NA,NA
YTHEMP-YSL-259270-T3,GOL,T,T3,60.560673,-135.050397,2022-07-25,WN,2,VLS,NA,NA,NA,NA,NA,NA,NA
YTHEMP-YSL-258111-T4,GOL,T,T4,60.555286,-135.049958,2022-07-25,ES,1,VLS,25,750,10,Sali spp,L,FA,E
YTHEMP-YSL-258111-T4,GOL,T,T4,60.555286,-135.049958,2022-07-25,ES,1,LS,NA,NA,NA,NA,NA,NA,NA
YTHEMP-YSL-258111-T4,GOL,T,T4,60.555286,-135.049958,2022-07-25,ES,1,MS,NA,NA,NA,NA,NA,NA,NA
YTHEMP-YSL-258111-T4,GOL,T,T4,60.555286,-135.049958,2022-07-25,ES,1,TR,NA,NA,NA,NA,NA,NA,NA
YTHEMP-YSL-258111-T4,GOL,T,T4,60.555286,-135.049958,2022-07-25,ES,1,TS,NA,NA,NA,NA,NA,NA,NA
YTHEMP-YSL-258111-T4,GOL,T,T4,60.555286,-135.049958,2022-07-25,ES,2,LS,NA,NA,NA,NA,NA,NA,NA
YTHEMP-YSL-258111-T4,GOL,T,T4,60.555286,-135.049958,2022-07-25,ES,2,MS,NA,NA,NA,NA,NA,NA,NA
YTHEMP-YSL-258111-T4,GOL,T,T4,60.555286,-135.049958,2022-07-25,ES,2,TR,NA,NA,NA,NA,NA,NA,NA
YTHEMP-YSL-258111-T4,GOL,T,T4,60.555286,-135.049958,2022-07-25,ES,2,TS,NA,NA,NA,NA,NA,NA,NA
YTHEMP-YSL-258111-T4,GOL,T,T4,60.555286,-135.049958,2022-07-25,ES,2,VLS,NA,NA,NA,NA,NA,NA,NA
YTHEMP-YSL-258111-T4,GOL,T,T4,60.555286,-135.049958,2022-07-25,NE,1,VLS,25,540,9,Sali spp,L,FA,E
YTHEMP-YSL-258111-T4,GOL,T,T4,60.555286,-135.049958,2022-07-25,NE,1,LS,NA,NA,NA,NA,NA,NA,NA
YTHEMP-YSL-258111-T4,GOL,T,T4,60.555286,-135.049958,2022-07-25,NE,1,MS,NA,NA,NA,NA,NA,NA,NA
YTHEMP-YSL-258111-T4,GOL,T,T4,60.555286,-135.049958,2022-07-25,NE,1,TR,NA,NA,NA,NA,NA,NA,NA
YTHEMP-YSL-258111-T4,GOL,T,T4,60.555286,-135.049958,2022-07-25,NE,1,TS,NA,NA,NA,NA,NA,NA,NA
YTHEMP-YSL-258111-T4,GOL,T,T4,60.555286,-135.049958,2022-07-25,NE,2,VLS,16,800,15,Sali spp,L,FA,M
YTHEMP-YSL-258111-T4,GOL,T,T4,60.555286,-135.049958,2022-07-25,NE,2,LS,NA,NA,NA,NA,NA,NA,NA
YTHEMP-YSL-258111-T4,GOL,T,T4,60.555286,-135.049958,2022-07-25,NE,2,MS,NA,NA,NA,NA,NA,NA,NA
YTHEMP-YSL-258111-T4,GOL,T,T4,60.555286,-135.049958,2022-07-25,NE,2,TR,NA,NA,NA,NA,NA,NA,NA
YTHEMP-YSL-258111-T4,GOL,T,T4,60.555286,-135.049958,2022-07-25,NE,2,TS,NA,NA,NA,NA,NA,NA,NA
YTHEMP-YSL-258111-T4,GOL,T,T4,60.555286,-135.049958,2022-07-25,SW,1,LS,NA,NA,NA,NA,NA,NA,NA
YTHEMP-YSL-258111-T4,GOL,T,T4,60.555286,-135.049958,2022-07-25,SW,1,MS,NA,NA,NA,NA,NA,NA,NA
YTHEMP-YSL-258111-T4,GOL,T,T4,60.555286,-135.049958,2022-07-25,SW,1,TR,NA,NA,NA,NA,NA,NA,NA
YTHEMP-YSL-258111-T4,GOL,T,T4,60.555286,-135.049958,2022-07-25,SW,1,TS,NA,NA,NA,NA,NA,NA,NA
YTHEMP-YSL-258111-T4,GOL,T,T4,60.555286,-135.049958,2022-07-25,SW,1,VLS,NA,NA,NA,NA,NA,NA,NA
YTHEMP-YSL-258111-T4,GOL,T,T4,60.555286,-135.049958,2022-07-25,SW,2,LS,NA,NA,NA,NA,NA,NA,NA
YTHEMP-YSL-258111-T4,GOL,T,T4,60.555286,-135.049958,2022-07-25,SW,2,MS,NA,NA,NA,NA,NA,NA,NA
YTHEMP-YSL-258111-T4,GOL,T,T4,60.555286,-135.049958,2022-07-25,SW,2,TR,NA,NA,NA,NA,NA,NA,NA
YTHEMP-YSL-258111-T4,GOL,T,T4,60.555286,-135.049958,2022-07-25,SW,2,TS,NA,NA,NA,NA,NA,NA,NA
YTHEMP-YSL-258111-T4,GOL,T,T4,60.555286,-135.049958,2022-07-25,SW,2,VLS,NA,NA,NA,NA,NA,NA,NA
YTHEMP-YSL-258111-T4,GOL,T,T4,60.555286,-135.049958,2022-07-25,WN,1,VLS,22,540,15,Sali spp,L,FA,E
YTHEMP-YSL-258111-T4,GOL,T,T4,60.555286,-135.049958,2022-07-25,WN,1,LS,NA,NA,NA,NA,NA,NA,NA
YTHEMP-YSL-258111-T4,GOL,T,T4,60.555286,-135.049958,2022-07-25,WN,1,MS,NA,NA,NA,NA,NA,NA,NA
YTHEMP-YSL-258111-T4,GOL,T,T4,60.555286,-135.049958,2022-07-25,WN,1,TR,NA,NA,NA,NA,NA,NA,NA
YTHEMP-YSL-258111-T4,GOL,T,T4,60.555286,-135.049958,2022-07-25,WN,1,TS,NA,NA,NA,NA,NA,NA,NA
YTHEMP-YSL-258111-T4,GOL,T,T4,60.555286,-135.049958,2022-07-25,WN,2,LS,NA,NA,NA,NA,NA,NA,NA
YTHEMP-YSL-258111-T4,GOL,T,T4,60.555286,-135.049958,2022-07-25,WN,2,MS,NA,NA,NA,NA,NA,NA,NA
YTHEMP-YSL-258111-T4,GOL,T,T4,60.555286,-135.049958,2022-07-25,WN,2,TR,NA,NA,NA,NA,NA,NA,NA
YTHEMP-YSL-258111-T4,GOL,T,T4,60.555286,-135.049958,2022-07-25,WN,2,TS,NA,NA,NA,NA,NA,NA,NA
YTHEMP-YSL-258111-T4,GOL,T,T4,60.555286,-135.049958,2022-07-25,WN,2,VLS,NA,NA,NA,NA,NA,NA,NA
YTHEMP-YSL-258111-T5,GOL,T,T5,60.55351,-135.05421,2022-07-25,ES,1,VLS,40,50,3,Betu gla,L,FA,E
YTHEMP-YSL-258111-T5,GOL,T,T5,60.55351,-135.05421,2022-07-25,ES,1,LS,55,370,1,Sali spp,L,FA,E
YTHEMP-YSL-258111-T5,GOL,T,T5,60.55351,-135.05421,2022-07-25,ES,1,MS,110,25,3,Sali spp,L,FA,E
YTHEMP-YSL-258111-T5,GOL,T,T5,60.55351,-135.05421,2022-07-25,ES,1,TR,NA,NA,NA,NA,NA,NA,NA
YTHEMP-YSL-258111-T5,GOL,T,T5,60.55351,-135.05421,2022-07-25,ES,1,TS,NA,NA,NA,NA,NA,NA,NA
YTHEMP-YSL-258111-T5,GOL,T,T5,60.55351,-135.05421,2022-07-25,ES,2,VLS,40,100,2,Betu gla,L,FA,E
YTHEMP-YSL-258111-T5,GOL,T,T5,60.55351,-135.05421,2022-07-25,ES,2,LS,55,640,2,Sali spp,L,FA,E
YTHEMP-YSL-258111-T5,GOL,T,T5,60.55351,-135.05421,2022-07-25,ES,2,MS,130,50,1,Sali spp,L,FA,E
YTHEMP-YSL-258111-T5,GOL,T,T5,60.55351,-135.05421,2022-07-25,ES,2,TR,NA,NA,NA,NA,NA,NA,NA
YTHEMP-YSL-258111-T5,GOL,T,T5,60.55351,-135.05421,2022-07-25,ES,2,TS,NA,NA,NA,NA,NA,NA,NA
YTHEMP-YSL-258111-T5,GOL,T,T5,60.55351,-135.05421,2022-07-25,NE,1,VLS,20,70,4,Betu gla,L,FA,M
YTHEMP-YSL-258111-T5,GOL,T,T5,60.55351,-135.05421,2022-07-25,NE,1,LS,90,5,3,Sali spp,L,FA,E
YTHEMP-YSL-258111-T5,GOL,T,T5,60.55351,-135.05421,2022-07-25,NE,1,MS,NA,NA,NA,NA,NA,NA,NA
YTHEMP-YSL-258111-T5,GOL,T,T5,60.55351,-135.05421,2022-07-25,NE,1,TR,NA,NA,NA,NA,NA,NA,NA
YTHEMP-YSL-258111-T5,GOL,T,T5,60.55351,-135.05421,2022-07-25,NE,1,TS,NA,NA,NA,NA,NA,NA,NA
YTHEMP-YSL-258111-T5,GOL,T,T5,60.55351,-135.05421,2022-07-25,NE,2,VLS,25,70,5,Sali spp,L,FA,E
YTHEMP-YSL-258111-T5,GOL,T,T5,60.55351,-135.05421,2022-07-25,NE,2,LS,80,320,2,Sali spp,L,FA,E
YTHEMP-YSL-258111-T5,GOL,T,T5,60.55351,-135.05421,2022-07-25,NE,2,MS,NA,NA,NA,NA,NA,NA,NA
YTHEMP-YSL-258111-T5,GOL,T,T5,60.55351,-135.05421,2022-07-25,NE,2,TR,NA,NA,NA,NA,NA,NA,NA
YTHEMP-YSL-258111-T5,GOL,T,T5,60.55351,-135.05421,2022-07-25,NE,2,TS,NA,NA,NA,NA,NA,NA,NA
YTHEMP-YSL-258111-T5,GOL,T,T5,60.55351,-135.05421,2022-07-25,SW,1,VLS,30,40,1,Betu gla,L,FA,E
YTHEMP-YSL-258111-T5,GOL,T,T5,60.55351,-135.05421,2022-07-25,SW,1,LS,80,20,1,Sali spp,L,FA,E
YTHEMP-YSL-258111-T5,GOL,T,T5,60.55351,-135.05421,2022-07-25,SW,1,MS,110,50,2,Sali spp,L,FA,E
YTHEMP-YSL-258111-T5,GOL,T,T5,60.55351,-135.05421,2022-07-25,SW,1,TR,NA,NA,NA,NA,NA,NA,NA
YTHEMP-YSL-258111-T5,GOL,T,T5,60.55351,-135.05421,2022-07-25,SW,1,TS,NA,NA,NA,NA,NA,NA,NA
YTHEMP-YSL-258111-T5,GOL,T,T5,60.55351,-135.05421,2022-07-25,SW,2,VLS,30,50,4,Betu gla,L,FA,E
YTHEMP-YSL-258111-T5,GOL,T,T5,60.55351,-135.05421,2022-07-25,SW,2,LS,55,65,1,Sali spp,L,FA,E
YTHEMP-YSL-258111-T5,GOL,T,T5,60.55351,-135.05421,2022-07-25,SW,2,MS,NA,NA,NA,NA,NA,NA,NA
YTHEMP-YSL-258111-T5,GOL,T,T5,60.55351,-135.05421,2022-07-25,SW,2,TR,NA,NA,NA,NA,NA,NA,NA
YTHEMP-YSL-258111-T5,GOL,T,T5,60.55351,-135.05421,2022-07-25,SW,2,TS,NA,NA,NA,NA,NA,NA,NA
YTHEMP-YSL-258111-T5,GOL,T,T5,60.55351,-135.05421,2022-07-25,WN,1,VLS,30,10,1,Sali spp,L,FA,E
YTHEMP-YSL-258111-T5,GOL,T,T5,60.55351,-135.05421,2022-07-25,WN,1,LS,50,270,8,Sali spp,L,FA,E
YTHEMP-YSL-258111-T5,GOL,T,T5,60.55351,-135.05421,2022-07-25,WN,1,MS,NA,NA,NA,NA,NA,NA,NA
YTHEMP-YSL-258111-T5,GOL,T,T5,60.55351,-135.05421,2022-07-25,WN,1,TR,NA,NA,NA,NA,NA,NA,NA
YTHEMP-YSL-258111-T5,GOL,T,T5,60.55351,-135.05421,2022-07-25,WN,1,TS,NA,NA,NA,NA,NA,NA,NA
YTHEMP-YSL-258111-T5,GOL,T,T5,60.55351,-135.05421,2022-07-25,WN,2,VLS,40,60,5,Betu gla,L,FA,E
YTHEMP-YSL-258111-T5,GOL,T,T5,60.55351,-135.05421,2022-07-25,WN,2,LS,50,390,2,Sali spp,L,FA,E
YTHEMP-YSL-258111-T5,GOL,T,T5,60.55351,-135.05421,2022-07-25,WN,2,MS,NA,NA,NA,NA,NA,NA,NA
YTHEMP-YSL-258111-T5,GOL,T,T5,60.55351,-135.05421,2022-07-25,WN,2,TR,NA,NA,NA,NA,NA,NA,NA
YTHEMP-YSL-258111-T5,GOL,T,T5,60.55351,-135.05421,2022-07-25,WN,2,TS,NA,NA,NA,NA,NA,NA,NA
YTHEMP-YSL-266936-S3,IBE,S,S3,60.76252,-135.51371,2022-08-01,ES,1,VLS,17,63,2,Vacc uli,L,FP,E
YTHEMP-YSL-266936-S3,IBE,S,S3,60.76252,-135.51371,2022-08-01,ES,1,LS,60,130,4,Betu gla,L,FA,E
YTHEMP-YSL-266936-S3,IBE,S,S3,60.76252,-135.51371,2022-08-01,ES,1,MS,117,154,8,Betu gla,L,FA,E
YTHEMP-YSL-266936-S3,IBE,S,S3,60.76252,-135.51371,2022-08-01,ES,1,TS,265,530,2,Pice gla,L,FA,E
YTHEMP-YSL-266936-S3,IBE,S,S3,60.76252,-135.51371,2022-08-01,ES,1,TR,NA,NA,NA,NA,NA,NA,NA
YTHEMP-YSL-266936-S3,IBE,S,S3,60.76252,-135.51371,2022-08-01,ES,2,VLS,15,70,4,Vacc uli,L,FP,E
YTHEMP-YSL-266936-S3,IBE,S,S3,60.76252,-135.51371,2022-08-01,ES,2,LS,55,172,5,Betu gla,L,FA,E
YTHEMP-YSL-266936-S3,IBE,S,S3,60.76252,-135.51371,2022-08-01,ES,2,MS,105,275,2,Betu gla,L,FA,E
YTHEMP-YSL-266936-S3,IBE,S,S3,60.76252,-135.51371,2022-08-01,ES,2,TS,230,635,1,Pinu con,L,FA,E
YTHEMP-YSL-266936-S3,IBE,S,S3,60.76252,-135.51371,2022-08-01,ES,2,TR,NA,NA,NA,NA,NA,NA,NA
YTHEMP-YSL-266936-S3,IBE,S,S3,60.76252,-135.51371,2022-08-01,NE,1,VLS,15,88,2,Vacc uli,L,FP,E
YTHEMP-YSL-266936-S3,IBE,S,S3,60.76252,-135.51371,2022-08-01,NE,1,LS,66,131,3,Betu gla,L,FA,E
YTHEMP-YSL-266936-S3,IBE,S,S3,60.76252,-135.51371,2022-08-01,NE,1,MS,106,170,2,Betu gla,L,FA,E
YTHEMP-YSL-266936-S3,IBE,S,S3,60.76252,-135.51371,2022-08-01,NE,1,TS,215,995,4,Pice gla,L,FA,E
YTHEMP-YSL-266936-S3,IBE,S,S3,60.76252,-135.51371,2022-08-01,NE,1,TR,NA,NA,NA,NA,NA,NA,NA
YTHEMP-YSL-266936-S3,IBE,S,S3,60.76252,-135.51371,2022-08-01,NE,2,VLS,17,90,7,Vacc uli,L,FP,E
YTHEMP-YSL-266936-S3,IBE,S,S3,60.76252,-135.51371,2022-08-01,NE,2,LS,60,155,3,Betu gla,L,FA,E
YTHEMP-YSL-266936-S3,IBE,S,S3,60.76252,-135.51371,2022-08-01,NE,2,MS,141,306,1,Pice gla,L,FA,E
YTHEMP-YSL-266936-S3,IBE,S,S3,60.76252,-135.51371,2022-08-01,NE,2,TR,NA,NA,NA,NA,NA,NA,NA
YTHEMP-YSL-266936-S3,IBE,S,S3,60.76252,-135.51371,2022-08-01,NE,2,TS,NA,NA,NA,NA,NA,NA,NA
YTHEMP-YSL-266936-S3,IBE,S,S3,60.76252,-135.51371,2022-08-01,SW,1,VLS,33,55,2,Betu gla,L,FA,E
YTHEMP-YSL-266936-S3,IBE,S,S3,60.76252,-135.51371,2022-08-01,SW,1,LS,58,330,6,Betu gla,L,FA,E
YTHEMP-YSL-266936-S3,IBE,S,S3,60.76252,-135.51371,2022-08-01,SW,1,MS,106,440,1,Betu gla,L,FA,E
YTHEMP-YSL-266936-S3,IBE,S,S3,60.76252,-135.51371,2022-08-01,SW,1,TR,NA,NA,NA,NA,NA,NA,NA
YTHEMP-YSL-266936-S3,IBE,S,S3,60.76252,-135.51371,2022-08-01,SW,1,TS,NA,NA,NA,NA,NA,NA,NA
YTHEMP-YSL-266936-S3,IBE,S,S3,60.76252,-135.51371,2022-08-01,SW,2,VLS,17,77,3,Vacc uli,L,FP,E
YTHEMP-YSL-266936-S3,IBE,S,S3,60.76252,-135.51371,2022-08-01,SW,2,LS,77,390,4,Betu gla,L,FA,E
YTHEMP-YSL-266936-S3,IBE,S,S3,60.76252,-135.51371,2022-08-01,SW,2,MS,121,450,2,Betu gla,L,FA,E
YTHEMP-YSL-266936-S3,IBE,S,S3,60.76252,-135.51371,2022-08-01,SW,2,TR,NA,NA,NA,NA,NA,NA,NA
YTHEMP-YSL-266936-S3,IBE,S,S3,60.76252,-135.51371,2022-08-01,SW,2,TS,NA,NA,NA,NA,NA,NA,NA
YTHEMP-YSL-266936-S3,IBE,S,S3,60.76252,-135.51371,2022-08-01,WN,1,VLS,30,250,5,Betu gla,L,FA,E
YTHEMP-YSL-266936-S3,IBE,S,S3,60.76252,-135.51371,2022-08-01,WN,1,LS,63,700,1,Abie las,L,FA,E
YTHEMP-YSL-266936-S3,IBE,S,S3,60.76252,-135.51371,2022-08-01,WN,1,MS,178,340,4,Abie las,L,FA,E
YTHEMP-YSL-266936-S3,IBE,S,S3,60.76252,-135.51371,2022-08-01,WN,1,TR,NA,NA,NA,NA,NA,NA,NA
YTHEMP-YSL-266936-S3,IBE,S,S3,60.76252,-135.51371,2022-08-01,WN,1,TS,NA,NA,NA,NA,NA,NA,NA
YTHEMP-YSL-266936-S3,IBE,S,S3,60.76252,-135.51371,2022-08-01,WN,2,VLS,17,275,5,Sali spp,L,FA,E
YTHEMP-YSL-266936-S3,IBE,S,S3,60.76252,-135.51371,2022-08-01,WN,2,LS,59,765,1,Sali spp,L,FA,E
YTHEMP-YSL-266936-S3,IBE,S,S3,60.76252,-135.51371,2022-08-01,WN,2,MS,130,890,1,Pice gla,L,FA,E
YTHEMP-YSL-266936-S3,IBE,S,S3,60.76252,-135.51371,2022-08-01,WN,2,TR,NA,NA,NA,NA,NA,NA,NA
YTHEMP-YSL-266936-S3,IBE,S,S3,60.76252,-135.51371,2022-08-01,WN,2,TS,NA,NA,NA,NA,NA,NA,NA
YTHEMP-YSL-266343-S1A,IBE,S,S4,60.758676,-135.501419,2022-08-01,ES,1,VLS,21,142,1,Rosa aci,L,FP,E
YTHEMP-YSL-266343-S1A,IBE,S,S4,60.758676,-135.501419,2022-08-01,ES,1,LS,51,290,3,Rosa aci,L,FP,E
YTHEMP-YSL-266343-S1A,IBE,S,S4,60.758676,-135.501419,2022-08-01,ES,1,MS,163,280,1,Popu tre,L,FA,E
YTHEMP-YSL-266343-S1A,IBE,S,S4,60.758676,-135.501419,2022-08-01,ES,1,TS,350,157,1,Popu tre,L,FA,E
YTHEMP-YSL-266343-S1A,IBE,S,S4,60.758676,-135.501419,2022-08-01,ES,1,TR,NA,NA,NA,NA,NA,NA,NA
YTHEMP-YSL-266343-S1A,IBE,S,S4,60.758676,-135.501419,2022-08-01,ES,2,VLS,30,147,1,Popu tre,L,FA,E
YTHEMP-YSL-266343-S1A,IBE,S,S4,60.758676,-135.501419,2022-08-01,ES,2,LS,51,290,1,Rosa aci,L,FP,E
YTHEMP-YSL-266343-S1A,IBE,S,S4,60.758676,-135.501419,2022-08-01,ES,2,MS,194,447,1,Popu tre,L,FA,E
YTHEMP-YSL-266343-S1A,IBE,S,S4,60.758676,-135.501419,2022-08-01,ES,2,TS,220,230,2,Popu tre,L,FA,E
YTHEMP-YSL-266343-S1A,IBE,S,S4,60.758676,-135.501419,2022-08-01,ES,2,TR,NA,NA,NA,NA,NA,NA,NA
YTHEMP-YSL-266343-S1A,IBE,S,S4,60.758676,-135.501419,2022-08-01,NE,1,VLS,38,72,1,Popu tre,L,FA,E
YTHEMP-YSL-266343-S1A,IBE,S,S4,60.758676,-135.501419,2022-08-01,NE,1,LS,51,150,2,Rosa aci,L,FP,E
YTHEMP-YSL-266343-S1A,IBE,S,S4,60.758676,-135.501419,2022-08-01,NE,1,TS,650,161,1,Popu tre,L,FA,E
YTHEMP-YSL-266343-S1A,IBE,S,S4,60.758676,-135.501419,2022-08-01,NE,1,MS,NA,NA,NA,NA,NA,NA,NA
YTHEMP-YSL-266343-S1A,IBE,S,S4,60.758676,-135.501419,2022-08-01,NE,1,TR,NA,NA,NA,NA,NA,NA,NA
YTHEMP-YSL-266343-S1A,IBE,S,S4,60.758676,-135.501419,2022-08-01,NE,2,VLS,27,81,1,Rosa aci,L,FP,E
YTHEMP-YSL-266343-S1A,IBE,S,S4,60.758676,-135.501419,2022-08-01,NE,2,LS,51,221,1,Rosa aci,L,FP,E
YTHEMP-YSL-266343-S1A,IBE,S,S4,60.758676,-135.501419,2022-08-01,NE,2,TS,330,353,1,Popu tre,L,FA,E
YTHEMP-YSL-266343-S1A,IBE,S,S4,60.758676,-135.501419,2022-08-01,NE,2,MS,NA,NA,NA,NA,NA,NA,NA
YTHEMP-YSL-266343-S1A,IBE,S,S4,60.758676,-135.501419,2022-08-01,NE,2,TR,NA,NA,NA,NA,NA,NA,NA
YTHEMP-YSL-266343-S1A,IBE,S,S4,60.758676,-135.501419,2022-08-01,SW,1,VLS,35,110,2,Popu tre,L,FA,E
YTHEMP-YSL-266343-S1A,IBE,S,S4,60.758676,-135.501419,2022-08-01,SW,1,LS,95,220,1,Popu tre,L,FA,E
YTHEMP-YSL-266343-S1A,IBE,S,S4,60.758676,-135.501419,2022-08-01,SW,1,MS,131,270,2,Popu tre,L,FA,E
YTHEMP-YSL-266343-S1A,IBE,S,S4,60.758676,-135.501419,2022-08-01,SW,1,TS,260,520,1,Popu tre,L,FA,E
YTHEMP-YSL-266343-S1A,IBE,S,S4,60.758676,-135.501419,2022-08-01,SW,1,TR,NA,NA,NA,NA,NA,NA,NA
YTHEMP-YSL-266343-S1A,IBE,S,S4,60.758676,-135.501419,2022-08-01,SW,2,VLS,30,210,1,Popu tre,L,FA,E
YTHEMP-YSL-266343-S1A,IBE,S,S4,60.758676,-135.501419,2022-08-01,SW,2,LS,74,350,1,Popu tre,L,FA,E
YTHEMP-YSL-266343-S1A,IBE,S,S4,60.758676,-135.501419,2022-08-01,SW,2,MS,106,290,1,Popu tre,L,FA,E
YTHEMP-YSL-266343-S1A,IBE,S,S4,60.758676,-135.501419,2022-08-01,SW,2,TS,470,680,1,Popu tre,L,FA,E
YTHEMP-YSL-266343-S1A,IBE,S,S4,60.758676,-135.501419,2022-08-01,SW,2,TR,NA,NA,NA,NA,NA,NA,NA
YTHEMP-YSL-266343-S1A,IBE,S,S4,60.758676,-135.501419,2022-08-01,WN,1,VLS,49,559,1,Popu tre,L,FA,E
YTHEMP-YSL-266343-S1A,IBE,S,S4,60.758676,-135.501419,2022-08-01,WN,1,LS,80,240,1,Popu tre,D,FA,E
YTHEMP-YSL-266343-S1A,IBE,S,S4,60.758676,-135.501419,2022-08-01,WN,1,MS,181,308,2,Popu tre,L,FA,E
YTHEMP-YSL-266343-S1A,IBE,S,S4,60.758676,-135.501419,2022-08-01,WN,1,TS,600,172,4,Popu tre,L,FA,E
YTHEMP-YSL-266343-S1A,IBE,S,S4,60.758676,-135.501419,2022-08-01,WN,1,TR,NA,NA,NA,NA,NA,NA,NA
YTHEMP-YSL-266343-S1A,IBE,S,S4,60.758676,-135.501419,2022-08-01,WN,2,VLS,16,590,1,Popu tre,L,FA,E
YTHEMP-YSL-266343-S1A,IBE,S,S4,60.758676,-135.501419,2022-08-01,WN,2,LS,52,500,1,Popu tre,L,FA,E
YTHEMP-YSL-266343-S1A,IBE,S,S4,60.758676,-135.501419,2022-08-01,WN,2,MS,159,378,3,Popu tre,L,FA,E
YTHEMP-YSL-266343-S1A,IBE,S,S4,60.758676,-135.501419,2022-08-01,WN,2,TS,400,385,5,Popu tre,L,FA,E
YTHEMP-YSL-266343-S1A,IBE,S,S4,60.758676,-135.501419,2022-08-01,WN,2,TR,NA,NA,NA,NA,NA,NA,NA
YTHEMP-YSL-266936-S2A,IBE,S,S5,60.76774,-135.52344,2022-08-01,ES,1,VLS,19,18,1,Ledu gro,L,FA,E
YTHEMP-YSL-266936-S2A,IBE,S,S5,60.76774,-135.52344,2022-08-01,ES,1,LS,84,345,3,Sali spp,L,FA,E
YTHEMP-YSL-266936-S2A,IBE,S,S5,60.76774,-135.52344,2022-08-01,ES,1,MS,112,177,2,Sali spp,L,FA,E
YTHEMP-YSL-266936-S2A,IBE,S,S5,60.76774,-135.52344,2022-08-01,ES,1,TR,NA,NA,NA,NA,NA,NA,NA
YTHEMP-YSL-266936-S2A,IBE,S,S5,60.76774,-135.52344,2022-08-01,ES,1,TS,NA,NA,NA,NA,NA,NA,NA
YTHEMP-YSL-266936-S2A,IBE,S,S5,60.76774,-135.52344,2022-08-01,ES,2,VLS,27,25,2,Betu gla,L,FA,E
YTHEMP-YSL-266936-S2A,IBE,S,S5,60.76774,-135.52344,2022-08-01,ES,2,LS,81,365,2,Sali spp,L,FA,E
YTHEMP-YSL-266936-S2A,IBE,S,S5,60.76774,-135.52344,2022-08-01,ES,2,MS,NA,NA,NA,NA,NA,NA,NA
YTHEMP-YSL-266936-S2A,IBE,S,S5,60.76774,-135.52344,2022-08-01,ES,2,TR,NA,NA,NA,NA,NA,NA,NA
YTHEMP-YSL-266936-S2A,IBE,S,S5,60.76774,-135.52344,2022-08-01,ES,2,TS,NA,NA,NA,NA,NA,NA,NA
YTHEMP-YSL-266936-S2A,IBE,S,S5,60.76774,-135.52344,2022-08-01,NE,1,VLS,23,20,2,Ledu gro,L,FA,E
YTHEMP-YSL-266936-S2A,IBE,S,S5,60.76774,-135.52344,2022-08-01,NE,1,LS,73,110,1,Pinu con,L,FA,E
YTHEMP-YSL-266936-S2A,IBE,S,S5,60.76774,-135.52344,2022-08-01,NE,1,MS,147,220,4,Sali spp,L,FA,E
YTHEMP-YSL-266936-S2A,IBE,S,S5,60.76774,-135.52344,2022-08-01,NE,1,TR,NA,NA,NA,NA,NA,NA,NA
YTHEMP-YSL-266936-S2A,IBE,S,S5,60.76774,-135.52344,2022-08-01,NE,1,TS,NA,NA,NA,NA,NA,NA,NA
YTHEMP-YSL-266936-S2A,IBE,S,S5,60.76774,-135.52344,2022-08-01,NE,2,VLS,18,22,1,Ledu gro,L,FA,E
YTHEMP-YSL-266936-S2A,IBE,S,S5,60.76774,-135.52344,2022-08-01,NE,2,LS,76,215,3,Sali spp,L,FA,E
YTHEMP-YSL-266936-S2A,IBE,S,S5,60.76774,-135.52344,2022-08-01,NE,2,MS,117,370,2,Sali spp,L,FA,E
YTHEMP-YSL-266936-S2A,IBE,S,S5,60.76774,-135.52344,2022-08-01,NE,2,TR,NA,NA,NA,NA,NA,NA,NA
YTHEMP-YSL-266936-S2A,IBE,S,S5,60.76774,-135.52344,2022-08-01,NE,2,TS,NA,NA,NA,NA,NA,NA,NA
YTHEMP-YSL-266936-S2A,IBE,S,S5,60.76774,-135.52344,2022-08-01,SW,1,VLS,24,25,2,Ledu gro,L,FA,E
YTHEMP-YSL-266936-S2A,IBE,S,S5,60.76774,-135.52344,2022-08-01,SW,1,LS,74,55,1,Sali spp,L,FA,E
YTHEMP-YSL-266936-S2A,IBE,S,S5,60.76774,-135.52344,2022-08-01,SW,1,MS,102,130,1,Sali spp,L,FA,E
YTHEMP-YSL-266936-S2A,IBE,S,S5,60.76774,-135.52344,2022-08-01,SW,1,TR,NA,NA,NA,NA,NA,NA,NA
YTHEMP-YSL-266936-S2A,IBE,S,S5,60.76774,-135.52344,2022-08-01,SW,1,TS,NA,NA,NA,NA,NA,NA,NA
YTHEMP-YSL-266936-S2A,IBE,S,S5,60.76774,-135.52344,2022-08-01,SW,2,VLS,21,29,1,Ledu gro,L,FA,E
YTHEMP-YSL-266936-S2A,IBE,S,S5,60.76774,-135.52344,2022-08-01,SW,2,LS,75,69,2,Sali spp,L,FA,E
YTHEMP-YSL-266936-S2A,IBE,S,S5,60.76774,-135.52344,2022-08-01,SW,2,MS,119,147,2,Sali spp,L,FA,E
YTHEMP-YSL-266936-S2A,IBE,S,S5,60.76774,-135.52344,2022-08-01,SW,2,TR,NA,NA,NA,NA,NA,NA,NA
YTHEMP-YSL-266936-S2A,IBE,S,S5,60.76774,-135.52344,2022-08-01,SW,2,TS,NA,NA,NA,NA,NA,NA,NA
YTHEMP-YSL-266936-S2A,IBE,S,S5,60.76774,-135.52344,2022-08-01,WN,1,VLS,25,25,1,Ledu gro,L,FA,E
YTHEMP-YSL-266936-S2A,IBE,S,S5,60.76774,-135.52344,2022-08-01,WN,1,LS,52,110,1,Betu gla,L,FA,E
YTHEMP-YSL-266936-S2A,IBE,S,S5,60.76774,-135.52344,2022-08-01,WN,1,MS,129,77,2,Sali spp,L,FA,E
YTHEMP-YSL-266936-S2A,IBE,S,S5,60.76774,-135.52344,2022-08-01,WN,1,TR,NA,NA,NA,NA,NA,NA,NA
YTHEMP-YSL-266936-S2A,IBE,S,S5,60.76774,-135.52344,2022-08-01,WN,1,TS,NA,NA,NA,NA,NA,NA,NA
YTHEMP-YSL-266936-S2A,IBE,S,S5,60.76774,-135.52344,2022-08-01,WN,2,VLS,23,29,1,Ledu gro,L,FA,E
YTHEMP-YSL-266936-S2A,IBE,S,S5,60.76774,-135.52344,2022-08-01,WN,2,LS,54,117,3,Betu gla,L,FA,E
YTHEMP-YSL-266936-S2A,IBE,S,S5,60.76774,-135.52344,2022-08-01,WN,2,MS,120,162,2,Sali spp,L,FA,E
YTHEMP-YSL-266936-S2A,IBE,S,S5,60.76774,-135.52344,2022-08-01,WN,2,TR,NA,NA,NA,NA,NA,NA,NA
YTHEMP-YSL-266936-S2A,IBE,S,S5,60.76774,-135.52344,2022-08-01,WN,2,TS,NA,NA,NA,NA,NA,NA,NA
YTHEMP-YSL-266936-D7,IBE,S,S6,60.766367,-135.518679,2022-08-01,ES,1,VLS,19,80,1,Ledu gro,L,FA,E
YTHEMP-YSL-266936-D7,IBE,S,S6,60.766367,-135.518679,2022-08-01,ES,1,LS,70,200,2,Sali spp,L,FA,E
YTHEMP-YSL-266936-D7,IBE,S,S6,60.766367,-135.518679,2022-08-01,ES,1,MS,125,280,1,Sali spp,L,FA,E
YTHEMP-YSL-266936-D7,IBE,S,S6,60.766367,-135.518679,2022-08-01,ES,1,TS,201,910,3,Sali spp,L,FA,E
YTHEMP-YSL-266936-D7,IBE,S,S6,60.766367,-135.518679,2022-08-01,ES,1,TR,NA,NA,NA,NA,NA,NA,NA
YTHEMP-YSL-266936-D7,IBE,S,S6,60.766367,-135.518679,2022-08-01,ES,2,VLS,20,130,4,Betu gla,L,FA,E
YTHEMP-YSL-266936-D7,IBE,S,S6,60.766367,-135.518679,2022-08-01,ES,2,LS,93,220,9,Betu gla,L,FA,E
YTHEMP-YSL-266936-D7,IBE,S,S6,60.766367,-135.518679,2022-08-01,ES,2,MS,110,280,5,Sali spp,L,FA,E
YTHEMP-YSL-266936-D7,IBE,S,S6,60.766367,-135.518679,2022-08-01,ES,2,TR,NA,NA,NA,NA,NA,NA,NA
YTHEMP-YSL-266936-D7,IBE,S,S6,60.766367,-135.518679,2022-08-01,ES,2,TS,NA,NA,NA,NA,NA,NA,NA
YTHEMP-YSL-266936-D7,IBE,S,S6,60.766367,-135.518679,2022-08-01,NE,1,VLS,21,130,4,Betu gla,L,FA,E
YTHEMP-YSL-266936-D7,IBE,S,S6,60.766367,-135.518679,2022-08-01,NE,1,LS,81,210,7,Betu gla,L,FA,E
YTHEMP-YSL-266936-D7,IBE,S,S6,60.766367,-135.518679,2022-08-01,NE,1,MS,105,260,1,Sali spp,L,FA,E
YTHEMP-YSL-266936-D7,IBE,S,S6,60.766367,-135.518679,2022-08-01,NE,1,TS,230,640,2,Sali spp,L,FA,E
YTHEMP-YSL-266936-D7,IBE,S,S6,60.766367,-135.518679,2022-08-01,NE,1,TR,NA,NA,NA,NA,NA,NA,NA
YTHEMP-YSL-266936-D7,IBE,S,S6,60.766367,-135.518679,2022-08-01,NE,2,VLS,27,140,1,Betu gla,L,FA,E
YTHEMP-YSL-266936-D7,IBE,S,S6,60.766367,-135.518679,2022-08-01,NE,2,LS,78,250,1,Sali spp,L,FA,E
YTHEMP-YSL-266936-D7,IBE,S,S6,60.766367,-135.518679,2022-08-01,NE,2,MS,135,420,4,Sali spp,L,FA,E
YTHEMP-YSL-266936-D7,IBE,S,S6,60.766367,-135.518679,2022-08-01,NE,2,TR,NA,NA,NA,NA,NA,NA,NA
YTHEMP-YSL-266936-D7,IBE,S,S6,60.766367,-135.518679,2022-08-01,NE,2,TS,NA,NA,NA,NA,NA,NA,NA
YTHEMP-YSL-266936-D7,IBE,S,S6,60.766367,-135.518679,2022-08-01,SW,1,VLS,23,30,1,Ledu gro,L,FA,E
YTHEMP-YSL-266936-D7,IBE,S,S6,60.766367,-135.518679,2022-08-01,SW,1,LS,54,60,1,Sali spp,L,FA,E
YTHEMP-YSL-266936-D7,IBE,S,S6,60.766367,-135.518679,2022-08-01,SW,1,MS,101,150,4,Sali spp,L,FA,E
YTHEMP-YSL-266936-D7,IBE,S,S6,60.766367,-135.518679,2022-08-01,SW,1,TR,NA,NA,NA,NA,NA,NA,NA
YTHEMP-YSL-266936-D7,IBE,S,S6,60.766367,-135.518679,2022-08-01,SW,1,TS,NA,NA,NA,NA,NA,NA,NA
YTHEMP-YSL-266936-D7,IBE,S,S6,60.766367,-135.518679,2022-08-01,SW,2,VLS,22,60,1,Betu gla,L,FA,E
YTHEMP-YSL-266936-D7,IBE,S,S6,60.766367,-135.518679,2022-08-01,SW,2,LS,58,80,3,Sali spp,L,FA,E
YTHEMP-YSL-266936-D7,IBE,S,S6,60.766367,-135.518679,2022-08-01,SW,2,MS,120,320,5,Sali spp,L,FA,E
YTHEMP-YSL-266936-D7,IBE,S,S6,60.766367,-135.518679,2022-08-01,SW,2,TR,NA,NA,NA,NA,NA,NA,NA
YTHEMP-YSL-266936-D7,IBE,S,S6,60.766367,-135.518679,2022-08-01,SW,2,TS,NA,NA,NA,NA,NA,NA,NA
YTHEMP-YSL-266936-D7,IBE,S,S6,60.766367,-135.518679,2022-08-01,WN,1,VLS,16,50,1,Ledu gro,L,FA,E
YTHEMP-YSL-266936-D7,IBE,S,S6,60.766367,-135.518679,2022-08-01,WN,1,LS,75,140,5,Sali spp,L,FA,E
YTHEMP-YSL-266936-D7,IBE,S,S6,60.766367,-135.518679,2022-08-01,WN,1,MS,196,330,1,Pice gla,L,FA,E
YTHEMP-YSL-266936-D7,IBE,S,S6,60.766367,-135.518679,2022-08-01,WN,1,TR,NA,NA,NA,NA,NA,NA,NA
YTHEMP-YSL-266936-D7,IBE,S,S6,60.766367,-135.518679,2022-08-01,WN,1,TS,NA,NA,NA,NA,NA,NA,NA
YTHEMP-YSL-266936-D7,IBE,S,S6,60.766367,-135.518679,2022-08-01,WN,2,VLS,28,80,2,Betu gla,L,FA,E
YTHEMP-YSL-266936-D7,IBE,S,S6,60.766367,-135.518679,2022-08-01,WN,2,LS,71,200,4,Sali spp,L,FA,E
YTHEMP-YSL-266936-D7,IBE,S,S6,60.766367,-135.518679,2022-08-01,WN,2,MS,140,340,4,Sali spp,L,FA,E
YTHEMP-YSL-266936-D7,IBE,S,S6,60.766367,-135.518679,2022-08-01,WN,2,TR,NA,NA,NA,NA,NA,NA,NA
YTHEMP-YSL-266936-D7,IBE,S,S6,60.766367,-135.518679,2022-08-01,WN,2,TS,NA,NA,NA,NA,NA,NA,NA
YTHEMP-YSL-266936-D9,IBE,S,S7,60.768802,-135.529928,2022-08-01,ES,1,VLS,22,240,10,Betu gla,L,FA,M
YTHEMP-YSL-266936-D9,IBE,S,S7,60.768802,-135.529928,2022-08-01,ES,1,LS,56,550,8,Betu gla,L,FA,E
YTHEMP-YSL-266936-D9,IBE,S,S7,60.768802,-135.529928,2022-08-01,ES,1,MS,NA,NA,NA,NA,NA,NA,NA
YTHEMP-YSL-266936-D9,IBE,S,S7,60.768802,-135.529928,2022-08-01,ES,1,TR,NA,NA,NA,NA,NA,NA,NA
YTHEMP-YSL-266936-D9,IBE,S,S7,60.768802,-135.529928,2022-08-01,ES,1,TS,NA,NA,NA,NA,NA,NA,NA
YTHEMP-YSL-266936-D9,IBE,S,S7,60.768802,-135.529928,2022-08-01,ES,2,VLS,39,390,5,Betu gla,L,FA,M
YTHEMP-YSL-266936-D9,IBE,S,S7,60.768802,-135.529928,2022-08-01,ES,2,LS,85,550,5,Sali spp,L,FA,E
YTHEMP-YSL-266936-D9,IBE,S,S7,60.768802,-135.529928,2022-08-01,ES,2,MS,NA,NA,NA,NA,NA,NA,NA
YTHEMP-YSL-266936-D9,IBE,S,S7,60.768802,-135.529928,2022-08-01,ES,2,TR,NA,NA,NA,NA,NA,NA,NA
YTHEMP-YSL-266936-D9,IBE,S,S7,60.768802,-135.529928,2022-08-01,ES,2,TS,NA,NA,NA,NA,NA,NA,NA
YTHEMP-YSL-266936-D9,IBE,S,S7,60.768802,-135.529928,2022-08-01,NE,1,VLS,26,320,1,Betu gla,L,FA,E
YTHEMP-YSL-266936-D9,IBE,S,S7,60.768802,-135.529928,2022-08-01,NE,1,LS,NA,NA,NA,NA,NA,NA,NA
YTHEMP-YSL-266936-D9,IBE,S,S7,60.768802,-135.529928,2022-08-01,NE,1,MS,NA,NA,NA,NA,NA,NA,NA
YTHEMP-YSL-266936-D9,IBE,S,S7,60.768802,-135.529928,2022-08-01,NE,1,TR,NA,NA,NA,NA,NA,NA,NA
YTHEMP-YSL-266936-D9,IBE,S,S7,60.768802,-135.529928,2022-08-01,NE,1,TS,NA,NA,NA,NA,NA,NA,NA
YTHEMP-YSL-266936-D9,IBE,S,S7,60.768802,-135.529928,2022-08-01,NE,2,VLS,38,400,7,Betu gla,L,FA,E
YTHEMP-YSL-266936-D9,IBE,S,S7,60.768802,-135.529928,2022-08-01,NE,2,LS,NA,NA,NA,NA,NA,NA,NA
YTHEMP-YSL-266936-D9,IBE,S,S7,60.768802,-135.529928,2022-08-01,NE,2,MS,NA,NA,NA,NA,NA,NA,NA
YTHEMP-YSL-266936-D9,IBE,S,S7,60.768802,-135.529928,2022-08-01,NE,2,TR,NA,NA,NA,NA,NA,NA,NA
YTHEMP-YSL-266936-D9,IBE,S,S7,60.768802,-135.529928,2022-08-01,NE,2,TS,NA,NA,NA,NA,NA,NA,NA
YTHEMP-YSL-266936-D9,IBE,S,S7,60.768802,-135.529928,2022-08-01,SW,1,VLS,18,25,3,Sali spp,L,FA,M
YTHEMP-YSL-266936-D9,IBE,S,S7,60.768802,-135.529928,2022-08-01,SW,1,LS,60,520,10,Betu gla,L,FA,M
YTHEMP-YSL-266936-D9,IBE,S,S7,60.768802,-135.529928,2022-08-01,SW,1,MS,NA,NA,NA,NA,NA,NA,NA
YTHEMP-YSL-266936-D9,IBE,S,S7,60.768802,-135.529928,2022-08-01,SW,1,TR,NA,NA,NA,NA,NA,NA,NA
YTHEMP-YSL-266936-D9,IBE,S,S7,60.768802,-135.529928,2022-08-01,SW,1,TS,NA,NA,NA,NA,NA,NA,NA
YTHEMP-YSL-266936-D9,IBE,S,S7,60.768802,-135.529928,2022-08-01,SW,2,VLS,28,58,3,Sali spp,L,FA,M
YTHEMP-YSL-266936-D9,IBE,S,S7,60.768802,-135.529928,2022-08-01,SW,2,LS,54,530,10,Betu gla,L,FA,M
YTHEMP-YSL-266936-D9,IBE,S,S7,60.768802,-135.529928,2022-08-01,SW,2,MS,NA,NA,NA,NA,NA,NA,NA
YTHEMP-YSL-266936-D9,IBE,S,S7,60.768802,-135.529928,2022-08-01,SW,2,TR,NA,NA,NA,NA,NA,NA,NA
YTHEMP-YSL-266936-D9,IBE,S,S7,60.768802,-135.529928,2022-08-01,SW,2,TS,NA,NA,NA,NA,NA,NA,NA
YTHEMP-YSL-266936-D9,IBE,S,S7,60.768802,-135.529928,2022-08-01,WN,1,VLS,17,42,5,Sali spp,L,FA,M
YTHEMP-YSL-266936-D9,IBE,S,S7,60.768802,-135.529928,2022-08-01,WN,1,LS,NA,NA,NA,NA,NA,NA,NA
YTHEMP-YSL-266936-D9,IBE,S,S7,60.768802,-135.529928,2022-08-01,WN,1,MS,NA,NA,NA,NA,NA,NA,NA
YTHEMP-YSL-266936-D9,IBE,S,S7,60.768802,-135.529928,2022-08-01,WN,1,TR,NA,NA,NA,NA,NA,NA,NA
YTHEMP-YSL-266936-D9,IBE,S,S7,60.768802,-135.529928,2022-08-01,WN,1,TS,NA,NA,NA,NA,NA,NA,NA
YTHEMP-YSL-266936-D9,IBE,S,S7,60.768802,-135.529928,2022-08-01,WN,2,VLS,20,55,4,Sali spp,L,FA,M
YTHEMP-YSL-266936-D9,IBE,S,S7,60.768802,-135.529928,2022-08-01,WN,2,LS,NA,NA,NA,NA,NA,NA,NA
YTHEMP-YSL-266936-D9,IBE,S,S7,60.768802,-135.529928,2022-08-01,WN,2,MS,NA,NA,NA,NA,NA,NA,NA
YTHEMP-YSL-266936-D9,IBE,S,S7,60.768802,-135.529928,2022-08-01,WN,2,TR,NA,NA,NA,NA,NA,NA,NA
YTHEMP-YSL-266936-D9,IBE,S,S7,60.768802,-135.529928,2022-08-01,WN,2,TS,NA,NA,NA,NA,NA,NA,NA
YTHEMP-YSL-266936-T1,IBE,T,T1,60.76116,-135.52419,2022-08-01,ES,1,LS,NA,NA,NA,NA,NA,NA,NA
YTHEMP-YSL-266936-T1,IBE,T,T1,60.76116,-135.52419,2022-08-01,ES,1,MS,NA,NA,NA,NA,NA,NA,NA
YTHEMP-YSL-266936-T1,IBE,T,T1,60.76116,-135.52419,2022-08-01,ES,1,TR,NA,NA,NA,NA,NA,NA,NA
YTHEMP-YSL-266936-T1,IBE,T,T1,60.76116,-135.52419,2022-08-01,ES,1,TS,NA,NA,NA,NA,NA,NA,NA
YTHEMP-YSL-266936-T1,IBE,T,T1,60.76116,-135.52419,2022-08-01,ES,1,VLS,NA,NA,NA,NA,NA,NA,NA
YTHEMP-YSL-266936-T1,IBE,T,T1,60.76116,-135.52419,2022-08-01,ES,2,LS,NA,NA,NA,NA,NA,NA,NA
YTHEMP-YSL-266936-T1,IBE,T,T1,60.76116,-135.52419,2022-08-01,ES,2,MS,NA,NA,NA,NA,NA,NA,NA
YTHEMP-YSL-266936-T1,IBE,T,T1,60.76116,-135.52419,2022-08-01,ES,2,TR,NA,NA,NA,NA,NA,NA,NA
YTHEMP-YSL-266936-T1,IBE,T,T1,60.76116,-135.52419,2022-08-01,ES,2,TS,NA,NA,NA,NA,NA,NA,NA
YTHEMP-YSL-266936-T1,IBE,T,T1,60.76116,-135.52419,2022-08-01,ES,2,VLS,NA,NA,NA,NA,NA,NA,NA
YTHEMP-YSL-266936-T1,IBE,T,T1,60.76116,-135.52419,2022-08-01,NE,1,VLS,15,232,3,Dasi fru,L,FA,E
YTHEMP-YSL-266936-T1,IBE,T,T1,60.76116,-135.52419,2022-08-01,NE,1,LS,NA,NA,NA,NA,NA,NA,NA
YTHEMP-YSL-266936-T1,IBE,T,T1,60.76116,-135.52419,2022-08-01,NE,1,MS,NA,NA,NA,NA,NA,NA,NA
YTHEMP-YSL-266936-T1,IBE,T,T1,60.76116,-135.52419,2022-08-01,NE,1,TR,NA,NA,NA,NA,NA,NA,NA
YTHEMP-YSL-266936-T1,IBE,T,T1,60.76116,-135.52419,2022-08-01,NE,1,TS,NA,NA,NA,NA,NA,NA,NA
YTHEMP-YSL-266936-T1,IBE,T,T1,60.76116,-135.52419,2022-08-01,NE,2,LS,NA,NA,NA,NA,NA,NA,NA
YTHEMP-YSL-266936-T1,IBE,T,T1,60.76116,-135.52419,2022-08-01,NE,2,MS,NA,NA,NA,NA,NA,NA,NA
YTHEMP-YSL-266936-T1,IBE,T,T1,60.76116,-135.52419,2022-08-01,NE,2,TR,NA,NA,NA,NA,NA,NA,NA
YTHEMP-YSL-266936-T1,IBE,T,T1,60.76116,-135.52419,2022-08-01,NE,2,TS,NA,NA,NA,NA,NA,NA,NA
YTHEMP-YSL-266936-T1,IBE,T,T1,60.76116,-135.52419,2022-08-01,NE,2,VLS,NA,NA,NA,NA,NA,NA,NA
YTHEMP-YSL-266936-T1,IBE,T,T1,60.76116,-135.52419,2022-08-01,SW,1,LS,NA,NA,NA,NA,NA,NA,NA
YTHEMP-YSL-266936-T1,IBE,T,T1,60.76116,-135.52419,2022-08-01,SW,1,MS,NA,NA,NA,NA,NA,NA,NA
YTHEMP-YSL-266936-T1,IBE,T,T1,60.76116,-135.52419,2022-08-01,SW,1,TR,NA,NA,NA,NA,NA,NA,NA
YTHEMP-YSL-266936-T1,IBE,T,T1,60.76116,-135.52419,2022-08-01,SW,1,TS,NA,NA,NA,NA,NA,NA,NA
YTHEMP-YSL-266936-T1,IBE,T,T1,60.76116,-135.52419,2022-08-01,SW,1,VLS,NA,NA,NA,NA,NA,NA,NA
YTHEMP-YSL-266936-T1,IBE,T,T1,60.76116,-135.52419,2022-08-01,SW,2,LS,NA,NA,NA,NA,NA,NA,NA
YTHEMP-YSL-266936-T1,IBE,T,T1,60.76116,-135.52419,2022-08-01,SW,2,MS,NA,NA,NA,NA,NA,NA,NA
YTHEMP-YSL-266936-T1,IBE,T,T1,60.76116,-135.52419,2022-08-01,SW,2,TR,NA,NA,NA,NA,NA,NA,NA
YTHEMP-YSL-266936-T1,IBE,T,T1,60.76116,-135.52419,2022-08-01,SW,2,TS,NA,NA,NA,NA,NA,NA,NA
YTHEMP-YSL-266936-T1,IBE,T,T1,60.76116,-135.52419,2022-08-01,SW,2,VLS,NA,NA,NA,NA,NA,NA,NA
YTHEMP-YSL-266936-T1,IBE,T,T1,60.76116,-135.52419,2022-08-01,WN,1,LS,NA,NA,NA,NA,NA,NA,NA
YTHEMP-YSL-266936-T1,IBE,T,T1,60.76116,-135.52419,2022-08-01,WN,1,MS,NA,NA,NA,NA,NA,NA,NA
YTHEMP-YSL-266936-T1,IBE,T,T1,60.76116,-135.52419,2022-08-01,WN,1,TR,NA,NA,NA,NA,NA,NA,NA
YTHEMP-YSL-266936-T1,IBE,T,T1,60.76116,-135.52419,2022-08-01,WN,1,TS,NA,NA,NA,NA,NA,NA,NA
YTHEMP-YSL-266936-T1,IBE,T,T1,60.76116,-135.52419,2022-08-01,WN,1,VLS,NA,NA,NA,NA,NA,NA,NA
YTHEMP-YSL-266936-T1,IBE,T,T1,60.76116,-135.52419,2022-08-01,WN,2,LS,NA,NA,NA,NA,NA,NA,NA
YTHEMP-YSL-266936-T1,IBE,T,T1,60.76116,-135.52419,2022-08-01,WN,2,MS,NA,NA,NA,NA,NA,NA,NA
YTHEMP-YSL-266936-T1,IBE,T,T1,60.76116,-135.52419,2022-08-01,WN,2,TR,NA,NA,NA,NA,NA,NA,NA
YTHEMP-YSL-266936-T1,IBE,T,T1,60.76116,-135.52419,2022-08-01,WN,2,TS,NA,NA,NA,NA,NA,NA,NA
YTHEMP-YSL-266936-T1,IBE,T,T1,60.76116,-135.52419,2022-08-01,WN,2,VLS,NA,NA,NA,NA,NA,NA,NA
YTHEMP-YSL-266936-T2,IBE,T,T2,60.76737,-135.53969,2022-08-01,ES,1,LS,NA,NA,NA,NA,NA,NA,NA
YTHEMP-YSL-266936-T2,IBE,T,T2,60.76737,-135.53969,2022-08-01,ES,1,MS,NA,NA,NA,NA,NA,NA,NA
YTHEMP-YSL-266936-T2,IBE,T,T2,60.76737,-135.53969,2022-08-01,ES,1,TR,NA,NA,NA,NA,NA,NA,NA
YTHEMP-YSL-266936-T2,IBE,T,T2,60.76737,-135.53969,2022-08-01,ES,1,TS,NA,NA,NA,NA,NA,NA,NA
YTHEMP-YSL-266936-T2,IBE,T,T2,60.76737,-135.53969,2022-08-01,ES,1,VLS,NA,NA,NA,NA,NA,NA,NA
YTHEMP-YSL-266936-T2,IBE,T,T2,60.76737,-135.53969,2022-08-01,ES,2,LS,NA,NA,NA,NA,NA,NA,NA
YTHEMP-YSL-266936-T2,IBE,T,T2,60.76737,-135.53969,2022-08-01,ES,2,MS,NA,NA,NA,NA,NA,NA,NA
YTHEMP-YSL-266936-T2,IBE,T,T2,60.76737,-135.53969,2022-08-01,ES,2,TR,NA,NA,NA,NA,NA,NA,NA
YTHEMP-YSL-266936-T2,IBE,T,T2,60.76737,-135.53969,2022-08-01,ES,2,TS,NA,NA,NA,NA,NA,NA,NA
YTHEMP-YSL-266936-T2,IBE,T,T2,60.76737,-135.53969,2022-08-01,ES,2,VLS,NA,NA,NA,NA,NA,NA,NA
YTHEMP-YSL-266936-T2,IBE,T,T2,60.76737,-135.53969,2022-08-01,NE,1,LS,NA,NA,NA,NA,NA,NA,NA
YTHEMP-YSL-266936-T2,IBE,T,T2,60.76737,-135.53969,2022-08-01,NE,1,MS,NA,NA,NA,NA,NA,NA,NA
YTHEMP-YSL-266936-T2,IBE,T,T2,60.76737,-135.53969,2022-08-01,NE,1,TR,NA,NA,NA,NA,NA,NA,NA
YTHEMP-YSL-266936-T2,IBE,T,T2,60.76737,-135.53969,2022-08-01,NE,1,TS,NA,NA,NA,NA,NA,NA,NA
YTHEMP-YSL-266936-T2,IBE,T,T2,60.76737,-135.53969,2022-08-01,NE,1,VLS,NA,NA,NA,NA,NA,NA,NA
YTHEMP-YSL-266936-T2,IBE,T,T2,60.76737,-135.53969,2022-08-01,NE,2,LS,NA,NA,NA,NA,NA,NA,NA
YTHEMP-YSL-266936-T2,IBE,T,T2,60.76737,-135.53969,2022-08-01,NE,2,MS,NA,NA,NA,NA,NA,NA,NA
YTHEMP-YSL-266936-T2,IBE,T,T2,60.76737,-135.53969,2022-08-01,NE,2,TR,NA,NA,NA,NA,NA,NA,NA
YTHEMP-YSL-266936-T2,IBE,T,T2,60.76737,-135.53969,2022-08-01,NE,2,TS,NA,NA,NA,NA,NA,NA,NA
YTHEMP-YSL-266936-T2,IBE,T,T2,60.76737,-135.53969,2022-08-01,NE,2,VLS,NA,NA,NA,NA,NA,NA,NA
YTHEMP-YSL-266936-T2,IBE,T,T2,60.76737,-135.53969,2022-08-01,SW,1,LS,NA,NA,NA,NA,NA,NA,NA
YTHEMP-YSL-266936-T2,IBE,T,T2,60.76737,-135.53969,2022-08-01,SW,1,MS,NA,NA,NA,NA,NA,NA,NA
YTHEMP-YSL-266936-T2,IBE,T,T2,60.76737,-135.53969,2022-08-01,SW,1,TR,NA,NA,NA,NA,NA,NA,NA
YTHEMP-YSL-266936-T2,IBE,T,T2,60.76737,-135.53969,2022-08-01,SW,1,TS,NA,NA,NA,NA,NA,NA,NA
YTHEMP-YSL-266936-T2,IBE,T,T2,60.76737,-135.53969,2022-08-01,SW,1,VLS,NA,NA,NA,NA,NA,NA,NA
YTHEMP-YSL-266936-T2,IBE,T,T2,60.76737,-135.53969,2022-08-01,SW,2,LS,NA,NA,NA,NA,NA,NA,NA
YTHEMP-YSL-266936-T2,IBE,T,T2,60.76737,-135.53969,2022-08-01,SW,2,MS,NA,NA,NA,NA,NA,NA,NA
YTHEMP-YSL-266936-T2,IBE,T,T2,60.76737,-135.53969,2022-08-01,SW,2,TR,NA,NA,NA,NA,NA,NA,NA
YTHEMP-YSL-266936-T2,IBE,T,T2,60.76737,-135.53969,2022-08-01,SW,2,TS,NA,NA,NA,NA,NA,NA,NA
YTHEMP-YSL-266936-T2,IBE,T,T2,60.76737,-135.53969,2022-08-01,SW,2,VLS,NA,NA,NA,NA,NA,NA,NA
YTHEMP-YSL-266936-T2,IBE,T,T2,60.76737,-135.53969,2022-08-01,WN,1,LS,NA,NA,NA,NA,NA,NA,NA
YTHEMP-YSL-266936-T2,IBE,T,T2,60.76737,-135.53969,2022-08-01,WN,1,MS,NA,NA,NA,NA,NA,NA,NA
YTHEMP-YSL-266936-T2,IBE,T,T2,60.76737,-135.53969,2022-08-01,WN,1,TR,NA,NA,NA,NA,NA,NA,NA
YTHEMP-YSL-266936-T2,IBE,T,T2,60.76737,-135.53969,2022-08-01,WN,1,TS,NA,NA,NA,NA,NA,NA,NA
YTHEMP-YSL-266936-T2,IBE,T,T2,60.76737,-135.53969,2022-08-01,WN,1,VLS,NA,NA,NA,NA,NA,NA,NA
YTHEMP-YSL-266936-T2,IBE,T,T2,60.76737,-135.53969,2022-08-01,WN,2,LS,NA,NA,NA,NA,NA,NA,NA
YTHEMP-YSL-266936-T2,IBE,T,T2,60.76737,-135.53969,2022-08-01,WN,2,MS,NA,NA,NA,NA,NA,NA,NA
YTHEMP-YSL-266936-T2,IBE,T,T2,60.76737,-135.53969,2022-08-01,WN,2,TR,NA,NA,NA,NA,NA,NA,NA
YTHEMP-YSL-266936-T2,IBE,T,T2,60.76737,-135.53969,2022-08-01,WN,2,TS,NA,NA,NA,NA,NA,NA,NA
YTHEMP-YSL-266936-T2,IBE,T,T2,60.76737,-135.53969,2022-08-01,WN,2,VLS,NA,NA,NA,NA,NA,NA,NA
YTHEMP-YSL-266936-T3,IBE,T,T3,60.770977,-135.552167,2022-08-01,ES,1,LS,NA,NA,NA,NA,NA,NA,NA
YTHEMP-YSL-266936-T3,IBE,T,T3,60.770977,-135.552167,2022-08-01,ES,1,MS,NA,NA,NA,NA,NA,NA,NA
YTHEMP-YSL-266936-T3,IBE,T,T3,60.770977,-135.552167,2022-08-01,ES,1,TR,NA,NA,NA,NA,NA,NA,NA
YTHEMP-YSL-266936-T3,IBE,T,T3,60.770977,-135.552167,2022-08-01,ES,1,TS,NA,NA,NA,NA,NA,NA,NA
YTHEMP-YSL-266936-T3,IBE,T,T3,60.770977,-135.552167,2022-08-01,ES,1,VLS,NA,NA,NA,NA,NA,NA,NA
YTHEMP-YSL-266936-T3,IBE,T,T3,60.770977,-135.552167,2022-08-01,ES,2,LS,NA,NA,NA,NA,NA,NA,NA
YTHEMP-YSL-266936-T3,IBE,T,T3,60.770977,-135.552167,2022-08-01,ES,2,MS,NA,NA,NA,NA,NA,NA,NA
YTHEMP-YSL-266936-T3,IBE,T,T3,60.770977,-135.552167,2022-08-01,ES,2,TR,NA,NA,NA,NA,NA,NA,NA
YTHEMP-YSL-266936-T3,IBE,T,T3,60.770977,-135.552167,2022-08-01,ES,2,TS,NA,NA,NA,NA,NA,NA,NA
YTHEMP-YSL-266936-T3,IBE,T,T3,60.770977,-135.552167,2022-08-01,ES,2,VLS,NA,NA,NA,NA,NA,NA,NA
YTHEMP-YSL-266936-T3,IBE,T,T3,60.770977,-135.552167,2022-08-01,NE,1,LS,NA,NA,NA,NA,NA,NA,NA
YTHEMP-YSL-266936-T3,IBE,T,T3,60.770977,-135.552167,2022-08-01,NE,1,MS,NA,NA,NA,NA,NA,NA,NA
YTHEMP-YSL-266936-T3,IBE,T,T3,60.770977,-135.552167,2022-08-01,NE,1,TR,NA,NA,NA,NA,NA,NA,NA
YTHEMP-YSL-266936-T3,IBE,T,T3,60.770977,-135.552167,2022-08-01,NE,1,TS,NA,NA,NA,NA,NA,NA,NA
YTHEMP-YSL-266936-T3,IBE,T,T3,60.770977,-135.552167,2022-08-01,NE,1,VLS,NA,NA,NA,NA,NA,NA,NA
YTHEMP-YSL-266936-T3,IBE,T,T3,60.770977,-135.552167,2022-08-01,NE,2,LS,NA,NA,NA,NA,NA,NA,NA
YTHEMP-YSL-266936-T3,IBE,T,T3,60.770977,-135.552167,2022-08-01,NE,2,MS,NA,NA,NA,NA,NA,NA,NA
YTHEMP-YSL-266936-T3,IBE,T,T3,60.770977,-135.552167,2022-08-01,NE,2,TR,NA,NA,NA,NA,NA,NA,NA
YTHEMP-YSL-266936-T3,IBE,T,T3,60.770977,-135.552167,2022-08-01,NE,2,TS,NA,NA,NA,NA,NA,NA,NA
YTHEMP-YSL-266936-T3,IBE,T,T3,60.770977,-135.552167,2022-08-01,NE,2,VLS,NA,NA,NA,NA,NA,NA,NA
YTHEMP-YSL-266936-T3,IBE,T,T3,60.770977,-135.552167,2022-08-01,SW,1,LS,NA,NA,NA,NA,NA,NA,NA
YTHEMP-YSL-266936-T3,IBE,T,T3,60.770977,-135.552167,2022-08-01,SW,1,MS,NA,NA,NA,NA,NA,NA,NA
YTHEMP-YSL-266936-T3,IBE,T,T3,60.770977,-135.552167,2022-08-01,SW,1,TR,NA,NA,NA,NA,NA,NA,NA
YTHEMP-YSL-266936-T3,IBE,T,T3,60.770977,-135.552167,2022-08-01,SW,1,TS,NA,NA,NA,NA,NA,NA,NA
YTHEMP-YSL-266936-T3,IBE,T,T3,60.770977,-135.552167,2022-08-01,SW,1,VLS,NA,NA,NA,NA,NA,NA,NA
YTHEMP-YSL-266936-T3,IBE,T,T3,60.770977,-135.552167,2022-08-01,SW,2,LS,NA,NA,NA,NA,NA,NA,NA
YTHEMP-YSL-266936-T3,IBE,T,T3,60.770977,-135.552167,2022-08-01,SW,2,MS,NA,NA,NA,NA,NA,NA,NA
YTHEMP-YSL-266936-T3,IBE,T,T3,60.770977,-135.552167,2022-08-01,SW,2,TR,NA,NA,NA,NA,NA,NA,NA
YTHEMP-YSL-266936-T3,IBE,T,T3,60.770977,-135.552167,2022-08-01,SW,2,TS,NA,NA,NA,NA,NA,NA,NA
YTHEMP-YSL-266936-T3,IBE,T,T3,60.770977,-135.552167,2022-08-01,SW,2,VLS,NA,NA,NA,NA,NA,NA,NA
YTHEMP-YSL-266936-T3,IBE,T,T3,60.770977,-135.552167,2022-08-01,WN,1,LS,NA,NA,NA,NA,NA,NA,NA
YTHEMP-YSL-266936-T3,IBE,T,T3,60.770977,-135.552167,2022-08-01,WN,1,MS,NA,NA,NA,NA,NA,NA,NA
YTHEMP-YSL-266936-T3,IBE,T,T3,60.770977,-135.552167,2022-08-01,WN,1,TR,NA,NA,NA,NA,NA,NA,NA
YTHEMP-YSL-266936-T3,IBE,T,T3,60.770977,-135.552167,2022-08-01,WN,1,TS,NA,NA,NA,NA,NA,NA,NA
YTHEMP-YSL-266936-T3,IBE,T,T3,60.770977,-135.552167,2022-08-01,WN,1,VLS,NA,NA,NA,NA,NA,NA,NA
YTHEMP-YSL-266936-T3,IBE,T,T3,60.770977,-135.552167,2022-08-01,WN,2,LS,NA,NA,NA,NA,NA,NA,NA
YTHEMP-YSL-266936-T3,IBE,T,T3,60.770977,-135.552167,2022-08-01,WN,2,MS,NA,NA,NA,NA,NA,NA,NA
YTHEMP-YSL-266936-T3,IBE,T,T3,60.770977,-135.552167,2022-08-01,WN,2,TR,NA,NA,NA,NA,NA,NA,NA
YTHEMP-YSL-266936-T3,IBE,T,T3,60.770977,-135.552167,2022-08-01,WN,2,TS,NA,NA,NA,NA,NA,NA,NA
YTHEMP-YSL-266936-T3,IBE,T,T3,60.770977,-135.552167,2022-08-01,WN,2,VLS,NA,NA,NA,NA,NA,NA,NA
YTHEMP-YSL-266936-T5,IBE,T,T5,60.76176,-135.51877,2022-08-01,ES,1,VLS,22,549,31,Dasi fru,L,FA,E
YTHEMP-YSL-266936-T5,IBE,T,T5,60.76176,-135.51877,2022-08-01,ES,1,LS,NA,NA,NA,NA,NA,NA,NA
YTHEMP-YSL-266936-T5,IBE,T,T5,60.76176,-135.51877,2022-08-01,ES,1,MS,NA,NA,NA,NA,NA,NA,NA
YTHEMP-YSL-266936-T5,IBE,T,T5,60.76176,-135.51877,2022-08-01,ES,1,TR,NA,NA,NA,NA,NA,NA,NA
YTHEMP-YSL-266936-T5,IBE,T,T5,60.76176,-135.51877,2022-08-01,ES,1,TS,NA,NA,NA,NA,NA,NA,NA
YTHEMP-YSL-266936-T5,IBE,T,T5,60.76176,-135.51877,2022-08-01,ES,2,VLS,15,920,80,Vacc uli,L,FP,M
YTHEMP-YSL-266936-T5,IBE,T,T5,60.76176,-135.51877,2022-08-01,ES,2,LS,NA,NA,NA,NA,NA,NA,NA
YTHEMP-YSL-266936-T5,IBE,T,T5,60.76176,-135.51877,2022-08-01,ES,2,MS,NA,NA,NA,NA,NA,NA,NA
YTHEMP-YSL-266936-T5,IBE,T,T5,60.76176,-135.51877,2022-08-01,ES,2,TR,NA,NA,NA,NA,NA,NA,NA
YTHEMP-YSL-266936-T5,IBE,T,T5,60.76176,-135.51877,2022-08-01,ES,2,TS,NA,NA,NA,NA,NA,NA,NA
YTHEMP-YSL-266936-T5,IBE,T,T5,60.76176,-135.51877,2022-08-01,NE,1,VLS,16,285,12,Betu gla,L,FA,M
YTHEMP-YSL-266936-T5,IBE,T,T5,60.76176,-135.51877,2022-08-01,NE,1,LS,81,444,18,Pice gla,L,FA,M
YTHEMP-YSL-266936-T5,IBE,T,T5,60.76176,-135.51877,2022-08-01,NE,1,MS,NA,NA,NA,NA,NA,NA,NA
YTHEMP-YSL-266936-T5,IBE,T,T5,60.76176,-135.51877,2022-08-01,NE,1,TR,NA,NA,NA,NA,NA,NA,NA
YTHEMP-YSL-266936-T5,IBE,T,T5,60.76176,-135.51877,2022-08-01,NE,1,TS,NA,NA,NA,NA,NA,NA,NA
YTHEMP-YSL-266936-T5,IBE,T,T5,60.76176,-135.51877,2022-08-01,NE,2,VLS,17,295,6,Betu gla,L,FA,M
YTHEMP-YSL-266936-T5,IBE,T,T5,60.76176,-135.51877,2022-08-01,NE,2,LS,53,509,3,Dasi fru,L,FA,E
YTHEMP-YSL-266936-T5,IBE,T,T5,60.76176,-135.51877,2022-08-01,NE,2,MS,NA,NA,NA,NA,NA,NA,NA
YTHEMP-YSL-266936-T5,IBE,T,T5,60.76176,-135.51877,2022-08-01,NE,2,TR,NA,NA,NA,NA,NA,NA,NA
YTHEMP-YSL-266936-T5,IBE,T,T5,60.76176,-135.51877,2022-08-01,NE,2,TS,NA,NA,NA,NA,NA,NA,NA
YTHEMP-YSL-266936-T5,IBE,T,T5,60.76176,-135.51877,2022-08-01,SW,1,VLS,22,850,60,Betu gla,L,FA,M
YTHEMP-YSL-266936-T5,IBE,T,T5,60.76176,-135.51877,2022-08-01,SW,1,LS,NA,NA,NA,NA,NA,NA,NA
YTHEMP-YSL-266936-T5,IBE,T,T5,60.76176,-135.51877,2022-08-01,SW,1,MS,NA,NA,NA,NA,NA,NA,NA
YTHEMP-YSL-266936-T5,IBE,T,T5,60.76176,-135.51877,2022-08-01,SW,1,TR,NA,NA,NA,NA,NA,NA,NA
YTHEMP-YSL-266936-T5,IBE,T,T5,60.76176,-135.51877,2022-08-01,SW,1,TS,NA,NA,NA,NA,NA,NA,NA
YTHEMP-YSL-266936-T5,IBE,T,T5,60.76176,-135.51877,2022-08-01,SW,2,VLS,15,920,75,Betu gla,L,FA,M
YTHEMP-YSL-266936-T5,IBE,T,T5,60.76176,-135.51877,2022-08-01,SW,2,LS,NA,NA,NA,NA,NA,NA,NA
YTHEMP-YSL-266936-T5,IBE,T,T5,60.76176,-135.51877,2022-08-01,SW,2,MS,NA,NA,NA,NA,NA,NA,NA
YTHEMP-YSL-266936-T5,IBE,T,T5,60.76176,-135.51877,2022-08-01,SW,2,TR,NA,NA,NA,NA,NA,NA,NA
YTHEMP-YSL-266936-T5,IBE,T,T5,60.76176,-135.51877,2022-08-01,SW,2,TS,NA,NA,NA,NA,NA,NA,NA
YTHEMP-YSL-266936-T5,IBE,T,T5,60.76176,-135.51877,2022-08-01,WN,1,VLS,20,880,10,Dasi fru,L,FA,E
YTHEMP-YSL-266936-T5,IBE,T,T5,60.76176,-135.51877,2022-08-01,WN,1,LS,NA,NA,NA,NA,NA,NA,NA
YTHEMP-YSL-266936-T5,IBE,T,T5,60.76176,-135.51877,2022-08-01,WN,1,MS,NA,NA,NA,NA,NA,NA,NA
YTHEMP-YSL-266936-T5,IBE,T,T5,60.76176,-135.51877,2022-08-01,WN,1,TR,NA,NA,NA,NA,NA,NA,NA
YTHEMP-YSL-266936-T5,IBE,T,T5,60.76176,-135.51877,2022-08-01,WN,1,TS,NA,NA,NA,NA,NA,NA,NA
YTHEMP-YSL-266936-T5,IBE,T,T5,60.76176,-135.51877,2022-08-01,WN,2,VLS,25,900,15,Dasi fru,L,FA,E
YTHEMP-YSL-266936-T5,IBE,T,T5,60.76176,-135.51877,2022-08-01,WN,2,LS,NA,NA,NA,NA,NA,NA,NA
YTHEMP-YSL-266936-T5,IBE,T,T5,60.76176,-135.51877,2022-08-01,WN,2,MS,NA,NA,NA,NA,NA,NA,NA
YTHEMP-YSL-266936-T5,IBE,T,T5,60.76176,-135.51877,2022-08-01,WN,2,TR,NA,NA,NA,NA,NA,NA,NA
YTHEMP-YSL-266936-T5,IBE,T,T5,60.76176,-135.51877,2022-08-01,WN,2,TS,NA,NA,NA,NA,NA,NA,NA
YTHEMP-YSL-266936-T4A,IBE,T,T6,60.76456,-135.5384,2022-08-01,ES,1,LS,NA,NA,NA,NA,NA,NA,NA
YTHEMP-YSL-266936-T4A,IBE,T,T6,60.76456,-135.5384,2022-08-01,ES,1,MS,NA,NA,NA,NA,NA,NA,NA
YTHEMP-YSL-266936-T4A,IBE,T,T6,60.76456,-135.5384,2022-08-01,ES,1,TR,NA,NA,NA,NA,NA,NA,NA
YTHEMP-YSL-266936-T4A,IBE,T,T6,60.76456,-135.5384,2022-08-01,ES,1,TS,NA,NA,NA,NA,NA,NA,NA
YTHEMP-YSL-266936-T4A,IBE,T,T6,60.76456,-135.5384,2022-08-01,ES,1,VLS,NA,NA,NA,NA,NA,NA,NA
YTHEMP-YSL-266936-T4A,IBE,T,T6,60.76456,-135.5384,2022-08-01,ES,2,LS,NA,NA,NA,NA,NA,NA,NA
YTHEMP-YSL-266936-T4A,IBE,T,T6,60.76456,-135.5384,2022-08-01,ES,2,MS,NA,NA,NA,NA,NA,NA,NA
YTHEMP-YSL-266936-T4A,IBE,T,T6,60.76456,-135.5384,2022-08-01,ES,2,TR,NA,NA,NA,NA,NA,NA,NA
YTHEMP-YSL-266936-T4A,IBE,T,T6,60.76456,-135.5384,2022-08-01,ES,2,TS,NA,NA,NA,NA,NA,NA,NA
YTHEMP-YSL-266936-T4A,IBE,T,T6,60.76456,-135.5384,2022-08-01,ES,2,VLS,NA,NA,NA,NA,NA,NA,NA
YTHEMP-YSL-266936-T4A,IBE,T,T6,60.76456,-135.5384,2022-08-01,NE,1,VLS,15,287,40,Phyl spp,L,FA,E
YTHEMP-YSL-266936-T4A,IBE,T,T6,60.76456,-135.5384,2022-08-01,NE,1,LS,NA,NA,NA,NA,NA,NA,NA
YTHEMP-YSL-266936-T4A,IBE,T,T6,60.76456,-135.5384,2022-08-01,NE,1,MS,NA,NA,NA,NA,NA,NA,NA
YTHEMP-YSL-266936-T4A,IBE,T,T6,60.76456,-135.5384,2022-08-01,NE,1,TR,NA,NA,NA,NA,NA,NA,NA
YTHEMP-YSL-266936-T4A,IBE,T,T6,60.76456,-135.5384,2022-08-01,NE,1,TS,NA,NA,NA,NA,NA,NA,NA
YTHEMP-YSL-266936-T4A,IBE,T,T6,60.76456,-135.5384,2022-08-01,NE,2,LS,NA,NA,NA,NA,NA,NA,NA
YTHEMP-YSL-266936-T4A,IBE,T,T6,60.76456,-135.5384,2022-08-01,NE,2,MS,NA,NA,NA,NA,NA,NA,NA
YTHEMP-YSL-266936-T4A,IBE,T,T6,60.76456,-135.5384,2022-08-01,NE,2,TR,NA,NA,NA,NA,NA,NA,NA
YTHEMP-YSL-266936-T4A,IBE,T,T6,60.76456,-135.5384,2022-08-01,NE,2,TS,NA,NA,NA,NA,NA,NA,NA
YTHEMP-YSL-266936-T4A,IBE,T,T6,60.76456,-135.5384,2022-08-01,NE,2,VLS,NA,NA,NA,NA,NA,NA,NA
YTHEMP-YSL-266936-T4A,IBE,T,T6,60.76456,-135.5384,2022-08-01,SW,1,LS,NA,NA,NA,NA,NA,NA,NA
YTHEMP-YSL-266936-T4A,IBE,T,T6,60.76456,-135.5384,2022-08-01,SW,1,MS,NA,NA,NA,NA,NA,NA,NA
YTHEMP-YSL-266936-T4A,IBE,T,T6,60.76456,-135.5384,2022-08-01,SW,1,TR,NA,NA,NA,NA,NA,NA,NA
YTHEMP-YSL-266936-T4A,IBE,T,T6,60.76456,-135.5384,2022-08-01,SW,1,TS,NA,NA,NA,NA,NA,NA,NA
YTHEMP-YSL-266936-T4A,IBE,T,T6,60.76456,-135.5384,2022-08-01,SW,1,VLS,NA,NA,NA,NA,NA,NA,NA
YTHEMP-YSL-266936-T4A,IBE,T,T6,60.76456,-135.5384,2022-08-01,SW,2,LS,NA,NA,NA,NA,NA,NA,NA
YTHEMP-YSL-266936-T4A,IBE,T,T6,60.76456,-135.5384,2022-08-01,SW,2,MS,NA,NA,NA,NA,NA,NA,NA
YTHEMP-YSL-266936-T4A,IBE,T,T6,60.76456,-135.5384,2022-08-01,SW,2,TR,NA,NA,NA,NA,NA,NA,NA
YTHEMP-YSL-266936-T4A,IBE,T,T6,60.76456,-135.5384,2022-08-01,SW,2,TS,NA,NA,NA,NA,NA,NA,NA
YTHEMP-YSL-266936-T4A,IBE,T,T6,60.76456,-135.5384,2022-08-01,SW,2,VLS,NA,NA,NA,NA,NA,NA,NA
YTHEMP-YSL-266936-T4A,IBE,T,T6,60.76456,-135.5384,2022-08-01,WN,1,VLS,16,226,30,Phyl spp,L,FA,E
YTHEMP-YSL-266936-T4A,IBE,T,T6,60.76456,-135.5384,2022-08-01,WN,1,LS,NA,NA,NA,NA,NA,NA,NA
YTHEMP-YSL-266936-T4A,IBE,T,T6,60.76456,-135.5384,2022-08-01,WN,1,MS,NA,NA,NA,NA,NA,NA,NA
YTHEMP-YSL-266936-T4A,IBE,T,T6,60.76456,-135.5384,2022-08-01,WN,1,TR,NA,NA,NA,NA,NA,NA,NA
YTHEMP-YSL-266936-T4A,IBE,T,T6,60.76456,-135.5384,2022-08-01,WN,1,TS,NA,NA,NA,NA,NA,NA,NA
YTHEMP-YSL-266936-T4A,IBE,T,T6,60.76456,-135.5384,2022-08-01,WN,2,VLS,16,339,15,Phyl spp,L,FA,E
YTHEMP-YSL-266936-T4A,IBE,T,T6,60.76456,-135.5384,2022-08-01,WN,2,LS,NA,NA,NA,NA,NA,NA,NA
YTHEMP-YSL-266936-T4A,IBE,T,T6,60.76456,-135.5384,2022-08-01,WN,2,MS,NA,NA,NA,NA,NA,NA,NA
YTHEMP-YSL-266936-T4A,IBE,T,T6,60.76456,-135.5384,2022-08-01,WN,2,TR,NA,NA,NA,NA,NA,NA,NA
YTHEMP-YSL-266936-T4A,IBE,T,T6,60.76456,-135.5384,2022-08-01,WN,2,TS,NA,NA,NA,NA,NA,NA,NA
YTHEMP-YSL-254641-S1,LOR,S,S1,60.44973,-134.74905,2022-07-29,ES,1,VLS,43,200,3,Betu gla,L,FA,E
YTHEMP-YSL-254641-S1,LOR,S,S1,60.44973,-134.74905,2022-07-29,ES,1,LS,60,60,3,Betu gla,L,FA,E
YTHEMP-YSL-254641-S1,LOR,S,S1,60.44973,-134.74905,2022-07-29,ES,1,MS,130,50,2,Sali spp,L,FA,E
YTHEMP-YSL-254641-S1,LOR,S,S1,60.44973,-134.74905,2022-07-29,ES,1,TR,NA,NA,NA,NA,NA,NA,NA
YTHEMP-YSL-254641-S1,LOR,S,S1,60.44973,-134.74905,2022-07-29,ES,1,TS,NA,NA,NA,NA,NA,NA,NA
YTHEMP-YSL-254641-S1,LOR,S,S1,60.44973,-134.74905,2022-07-29,ES,2,VLS,45,220,3,Sali spp,L,FA,E
YTHEMP-YSL-254641-S1,LOR,S,S1,60.44973,-134.74905,2022-07-29,ES,2,LS,55,70,5,Betu gla,L,FA,E
YTHEMP-YSL-254641-S1,LOR,S,S1,60.44973,-134.74905,2022-07-29,ES,2,MS,130,80,1,Pice gla,L,FA,E
YTHEMP-YSL-254641-S1,LOR,S,S1,60.44973,-134.74905,2022-07-29,ES,2,TR,NA,NA,NA,NA,NA,NA,NA
YTHEMP-YSL-254641-S1,LOR,S,S1,60.44973,-134.74905,2022-07-29,ES,2,TS,NA,NA,NA,NA,NA,NA,NA
YTHEMP-YSL-254641-S1,LOR,S,S1,60.44973,-134.74905,2022-07-29,NE,1,VLS,20,240,2,Betu gla,L,FA,E
YTHEMP-YSL-254641-S1,LOR,S,S1,60.44973,-134.74905,2022-07-29,NE,1,LS,65,40,15,Betu gla,L,FA,E
YTHEMP-YSL-254641-S1,LOR,S,S1,60.44973,-134.74905,2022-07-29,NE,1,MS,110,110,3,Sali spp,L,FA,E
YTHEMP-YSL-254641-S1,LOR,S,S1,60.44973,-134.74905,2022-07-29,NE,1,TR,NA,NA,NA,NA,NA,NA,NA
YTHEMP-YSL-254641-S1,LOR,S,S1,60.44973,-134.74905,2022-07-29,NE,1,TS,NA,NA,NA,NA,NA,NA,NA
YTHEMP-YSL-254641-S1,LOR,S,S1,60.44973,-134.74905,2022-07-29,NE,2,VLS,20,240,2,Betu gla,L,FA,E
YTHEMP-YSL-254641-S1,LOR,S,S1,60.44973,-134.74905,2022-07-29,NE,2,LS,60,50,15,Betu gla,L,FA,E
YTHEMP-YSL-254641-S1,LOR,S,S1,60.44973,-134.74905,2022-07-29,NE,2,MS,105,200,3,Sali spp,L,FA,E
YTHEMP-YSL-254641-S1,LOR,S,S1,60.44973,-134.74905,2022-07-29,NE,2,TR,NA,NA,NA,NA,NA,NA,NA
YTHEMP-YSL-254641-S1,LOR,S,S1,60.44973,-134.74905,2022-07-29,NE,2,TS,NA,NA,NA,NA,NA,NA,NA
YTHEMP-YSL-254641-S1,LOR,S,S1,60.44973,-134.74905,2022-07-29,SW,1,VLS,35,220,7,Betu gla,L,FA,E
YTHEMP-YSL-254641-S1,LOR,S,S1,60.44973,-134.74905,2022-07-29,SW,1,LS,55,320,5,Betu gla,L,FA,E
YTHEMP-YSL-254641-S1,LOR,S,S1,60.44973,-134.74905,2022-07-29,SW,1,MS,110,70,3,Sali spp,L,FA,E
YTHEMP-YSL-254641-S1,LOR,S,S1,60.44973,-134.74905,2022-07-29,SW,1,TS,205,70,1,Pice gla,L,FA,E
YTHEMP-YSL-254641-S1,LOR,S,S1,60.44973,-134.74905,2022-07-29,SW,1,TR,NA,NA,NA,NA,NA,NA,NA
YTHEMP-YSL-254641-S1,LOR,S,S1,60.44973,-134.74905,2022-07-29,SW,2,VLS,40,240,5,Betu gla,L,FA,E
YTHEMP-YSL-254641-S1,LOR,S,S1,60.44973,-134.74905,2022-07-29,SW,2,LS,53,340,5,Betu gla,L,FA,E
YTHEMP-YSL-254641-S1,LOR,S,S1,60.44973,-134.74905,2022-07-29,SW,2,MS,150,170,1,Pice gla,L,FA,E
YTHEMP-YSL-254641-S1,LOR,S,S1,60.44973,-134.74905,2022-07-29,SW,2,TS,210,140,1,Pice gla,L,FA,E
YTHEMP-YSL-254641-S1,LOR,S,S1,60.44973,-134.74905,2022-07-29,SW,2,TR,NA,NA,NA,NA,NA,NA,NA
YTHEMP-YSL-254641-S1,LOR,S,S1,60.44973,-134.74905,2022-07-29,WN,1,VLS,50,130,10,Betu gla,L,FA,E
YTHEMP-YSL-254641-S1,LOR,S,S1,60.44973,-134.74905,2022-07-29,WN,1,LS,70,90,1,Sali spp,L,FA,E
YTHEMP-YSL-254641-S1,LOR,S,S1,60.44973,-134.74905,2022-07-29,WN,1,MS,140,320,1,Pice gla,L,FA,E
YTHEMP-YSL-254641-S1,LOR,S,S1,60.44973,-134.74905,2022-07-29,WN,1,TR,NA,NA,NA,NA,NA,NA,NA
YTHEMP-YSL-254641-S1,LOR,S,S1,60.44973,-134.74905,2022-07-29,WN,1,TS,NA,NA,NA,NA,NA,NA,NA
YTHEMP-YSL-254641-S1,LOR,S,S1,60.44973,-134.74905,2022-07-29,WN,2,VLS,49,140,10,Betu gla,L,FA,E
YTHEMP-YSL-254641-S1,LOR,S,S1,60.44973,-134.74905,2022-07-29,WN,2,LS,75,120,1,Sali spp,L,FA,E
YTHEMP-YSL-254641-S1,LOR,S,S1,60.44973,-134.74905,2022-07-29,WN,2,MS,102,340,1,Sali spp,L,FA,E
YTHEMP-YSL-254641-S1,LOR,S,S1,60.44973,-134.74905,2022-07-29,WN,2,TR,NA,NA,NA,NA,NA,NA,NA
YTHEMP-YSL-254641-S1,LOR,S,S1,60.44973,-134.74905,2022-07-29,WN,2,TS,NA,NA,NA,NA,NA,NA,NA
YTHEMP-YSL-254641-S2,LOR,S,S2,60.45095,-134.74318,2022-07-29,ES,1,VLS,17,95,5,Vacc uli,L,FP,E
YTHEMP-YSL-254641-S2,LOR,S,S2,60.45095,-134.74318,2022-07-29,ES,1,LS,67,345,13,Betu gla,L,FA,E
YTHEMP-YSL-254641-S2,LOR,S,S2,60.45095,-134.74318,2022-07-29,ES,1,TS,204,938,3,Pice gla,L,FA,E
YTHEMP-YSL-254641-S2,LOR,S,S2,60.45095,-134.74318,2022-07-29,ES,1,MS,NA,NA,NA,NA,NA,NA,NA
YTHEMP-YSL-254641-S2,LOR,S,S2,60.45095,-134.74318,2022-07-29,ES,1,TR,NA,NA,NA,NA,NA,NA,NA
YTHEMP-YSL-254641-S2,LOR,S,S2,60.45095,-134.74318,2022-07-29,ES,2,VLS,17,99,2,Dasi fru,L,FA,E
YTHEMP-YSL-254641-S2,LOR,S,S2,60.45095,-134.74318,2022-07-29,ES,2,LS,68,383,10,Betu gla,L,FA,E
YTHEMP-YSL-254641-S2,LOR,S,S2,60.45095,-134.74318,2022-07-29,ES,2,TS,213,945,4,Pice gla,L,FA,E
YTHEMP-YSL-254641-S2,LOR,S,S2,60.45095,-134.74318,2022-07-29,ES,2,MS,NA,NA,NA,NA,NA,NA,NA
YTHEMP-YSL-254641-S2,LOR,S,S2,60.45095,-134.74318,2022-07-29,ES,2,TR,NA,NA,NA,NA,NA,NA,NA
YTHEMP-YSL-254641-S2,LOR,S,S2,60.45095,-134.74318,2022-07-29,NE,1,VLS,21,129,3,Dasi fru,L,FA,E
YTHEMP-YSL-254641-S2,LOR,S,S2,60.45095,-134.74318,2022-07-29,NE,1,LS,74,159,5,Sali spp,L,FA,E
YTHEMP-YSL-254641-S2,LOR,S,S2,60.45095,-134.74318,2022-07-29,NE,1,MS,113,202,5,Sali spp,L,FA,E
YTHEMP-YSL-254641-S2,LOR,S,S2,60.45095,-134.74318,2022-07-29,NE,1,TS,206,174,2,Abie las,L,FA,E
YTHEMP-YSL-254641-S2,LOR,S,S2,60.45095,-134.74318,2022-07-29,NE,1,TR,NA,NA,NA,NA,NA,NA,NA
YTHEMP-YSL-254641-S2,LOR,S,S2,60.45095,-134.74318,2022-07-29,NE,2,VLS,27,136,4,Vacc uli,L,FP,E
YTHEMP-YSL-254641-S2,LOR,S,S2,60.45095,-134.74318,2022-07-29,NE,2,LS,94,315,7,Sali spp,L,FA,E
YTHEMP-YSL-254641-S2,LOR,S,S2,60.45095,-134.74318,2022-07-29,NE,2,MS,174,800,1,Pice gla,L,FA,E
YTHEMP-YSL-254641-S2,LOR,S,S2,60.45095,-134.74318,2022-07-29,NE,2,TS,215,754,1,Pice gla,L,FA,E
YTHEMP-YSL-254641-S2,LOR,S,S2,60.45095,-134.74318,2022-07-29,NE,2,TR,NA,NA,NA,NA,NA,NA,NA
YTHEMP-YSL-254641-S2,LOR,S,S2,60.45095,-134.74318,2022-07-29,SW,1,VLS,39,110,4,Vacc uli,L,FP,E
YTHEMP-YSL-254641-S2,LOR,S,S2,60.45095,-134.74318,2022-07-29,SW,1,LS,56,140,3,Betu gla,L,FA,E
YTHEMP-YSL-254641-S2,LOR,S,S2,60.45095,-134.74318,2022-07-29,SW,1,MS,119,54,3,Sali spp,L,FA,E
YTHEMP-YSL-254641-S2,LOR,S,S2,60.45095,-134.74318,2022-07-29,SW,1,TR,NA,NA,NA,NA,NA,NA,NA
YTHEMP-YSL-254641-S2,LOR,S,S2,60.45095,-134.74318,2022-07-29,SW,1,TS,NA,NA,NA,NA,NA,NA,NA
YTHEMP-YSL-254641-S2,LOR,S,S2,60.45095,-134.74318,2022-07-29,SW,2,VLS,21,110,2,Vacc uli,L,FP,E
YTHEMP-YSL-254641-S2,LOR,S,S2,60.45095,-134.74318,2022-07-29,SW,2,LS,77,153,2,Betu gla,L,FA,E
YTHEMP-YSL-254641-S2,LOR,S,S2,60.45095,-134.74318,2022-07-29,SW,2,MS,158,940,1,Pice gla,L,FA,E
YTHEMP-YSL-254641-S2,LOR,S,S2,60.45095,-134.74318,2022-07-29,SW,2,TR,NA,NA,NA,NA,NA,NA,NA
YTHEMP-YSL-254641-S2,LOR,S,S2,60.45095,-134.74318,2022-07-29,SW,2,TS,NA,NA,NA,NA,NA,NA,NA
YTHEMP-YSL-254641-S2,LOR,S,S2,60.45095,-134.74318,2022-07-29,WN,1,VLS,22,177,2,Vacc uli,L,FP,E
YTHEMP-YSL-254641-S2,LOR,S,S2,60.45095,-134.74318,2022-07-29,WN,1,LS,66,92,7,Betu gla,L,FA,E
YTHEMP-YSL-254641-S2,LOR,S,S2,60.45095,-134.74318,2022-07-29,WN,1,MS,109,98,2,Sali spp,L,FA,E
YTHEMP-YSL-254641-S2,LOR,S,S2,60.45095,-134.74318,2022-07-29,WN,1,TR,NA,NA,NA,NA,NA,NA,NA
YTHEMP-YSL-254641-S2,LOR,S,S2,60.45095,-134.74318,2022-07-29,WN,1,TS,NA,NA,NA,NA,NA,NA,NA
YTHEMP-YSL-254641-S2,LOR,S,S2,60.45095,-134.74318,2022-07-29,WN,2,VLS,24,177,3,Dasi fru,L,FA,E
YTHEMP-YSL-254641-S2,LOR,S,S2,60.45095,-134.74318,2022-07-29,WN,2,LS,68,181,9,Betu gla,L,FA,E
YTHEMP-YSL-254641-S2,LOR,S,S2,60.45095,-134.74318,2022-07-29,WN,2,MS,158,166,19,Sali spp,L,FA,E
YTHEMP-YSL-254641-S2,LOR,S,S2,60.45095,-134.74318,2022-07-29,WN,2,TR,NA,NA,NA,NA,NA,NA,NA
YTHEMP-YSL-254641-S2,LOR,S,S2,60.45095,-134.74318,2022-07-29,WN,2,TS,NA,NA,NA,NA,NA,NA,NA
YTHEMP-YSL-254641-S4,LOR,S,S4,60.45328,-134.74604,2022-07-29,ES,1,VLS,33,60,10,Betu gla,L,FA,E
YTHEMP-YSL-254641-S4,LOR,S,S4,60.45328,-134.74604,2022-07-29,ES,1,LS,63,71,1,Sali spp,L,FA,E
YTHEMP-YSL-254641-S4,LOR,S,S4,60.45328,-134.74604,2022-07-29,ES,1,MS,121,386,11,Sali spp,L,FA,E
YTHEMP-YSL-254641-S4,LOR,S,S4,60.45328,-134.74604,2022-07-29,ES,1,TS,203,510,7,Sali spp,L,FA,E
YTHEMP-YSL-254641-S4,LOR,S,S4,60.45328,-134.74604,2022-07-29,ES,1,TR,NA,NA,NA,NA,NA,NA,NA
YTHEMP-YSL-254641-S4,LOR,S,S4,60.45328,-134.74604,2022-07-29,ES,2,VLS,32,121,6,Betu gla,L,FA,E
YTHEMP-YSL-254641-S4,LOR,S,S4,60.45328,-134.74604,2022-07-29,ES,2,LS,72,105,1,Sali spp,D,FA,E
YTHEMP-YSL-254641-S4,LOR,S,S4,60.45328,-134.74604,2022-07-29,ES,2,MS,128,509,6,Sali spp,L,FA,E
YTHEMP-YSL-254641-S4,LOR,S,S4,60.45328,-134.74604,2022-07-29,ES,2,TS,208,837,8,Sali spp,L,FA,E
YTHEMP-YSL-254641-S4,LOR,S,S4,60.45328,-134.74604,2022-07-29,ES,2,TR,NA,NA,NA,NA,NA,NA,NA
YTHEMP-YSL-254641-S4,LOR,S,S4,60.45328,-134.74604,2022-07-29,NE,1,VLS,29,25,3,Betu gla,L,FA,E
YTHEMP-YSL-254641-S4,LOR,S,S4,60.45328,-134.74604,2022-07-29,NE,1,LS,54,60,7,Sali spp,L,FA,E
YTHEMP-YSL-254641-S4,LOR,S,S4,60.45328,-134.74604,2022-07-29,NE,1,MS,120,189,4,Betu gla,L,FA,E
YTHEMP-YSL-254641-S4,LOR,S,S4,60.45328,-134.74604,2022-07-29,NE,1,TS,204,290,1,Sali spp,L,FA,E
YTHEMP-YSL-254641-S4,LOR,S,S4,60.45328,-134.74604,2022-07-29,NE,1,TR,NA,NA,NA,NA,NA,NA,NA
YTHEMP-YSL-254641-S4,LOR,S,S4,60.45328,-134.74604,2022-07-29,NE,2,VLS,17,52,2,Betu gla,L,FA,E
YTHEMP-YSL-254641-S4,LOR,S,S4,60.45328,-134.74604,2022-07-29,NE,2,LS,62,81,6,Betu gla,L,FA,E
YTHEMP-YSL-254641-S4,LOR,S,S4,60.45328,-134.74604,2022-07-29,NE,2,MS,108,332,2,Sali spp,L,FA,E
YTHEMP-YSL-254641-S4,LOR,S,S4,60.45328,-134.74604,2022-07-29,NE,2,TR,NA,NA,NA,NA,NA,NA,NA
YTHEMP-YSL-254641-S4,LOR,S,S4,60.45328,-134.74604,2022-07-29,NE,2,TS,NA,NA,NA,NA,NA,NA,NA
YTHEMP-YSL-254641-S4,LOR,S,S4,60.45328,-134.74604,2022-07-29,SW,1,VLS,21,22,2,Betu gla,L,FA,E
YTHEMP-YSL-254641-S4,LOR,S,S4,60.45328,-134.74604,2022-07-29,SW,1,LS,82,86,4,Betu gla,L,FA,E
YTHEMP-YSL-254641-S4,LOR,S,S4,60.45328,-134.74604,2022-07-29,SW,1,MS,132,492,8,Sali spp,L,FA,E
YTHEMP-YSL-254641-S4,LOR,S,S4,60.45328,-134.74604,2022-07-29,SW,1,TS,201,542,5,Sali spp,L,FA,E
YTHEMP-YSL-254641-S4,LOR,S,S4,60.45328,-134.74604,2022-07-29,SW,1,TR,NA,NA,NA,NA,NA,NA,NA
YTHEMP-YSL-254641-S4,LOR,S,S4,60.45328,-134.74604,2022-07-29,SW,2,VLS,32,30,4,Betu gla,L,FA,E
YTHEMP-YSL-254641-S4,LOR,S,S4,60.45328,-134.74604,2022-07-29,SW,2,LS,97,129,7,Betu gla,L,FA,E
YTHEMP-YSL-254641-S4,LOR,S,S4,60.45328,-134.74604,2022-07-29,SW,2,MS,191,549,1,Sali spp,L,FA,E
YTHEMP-YSL-254641-S4,LOR,S,S4,60.45328,-134.74604,2022-07-29,SW,2,TR,NA,NA,NA,NA,NA,NA,NA
YTHEMP-YSL-254641-S4,LOR,S,S4,60.45328,-134.74604,2022-07-29,SW,2,TS,NA,NA,NA,NA,NA,NA,NA
YTHEMP-YSL-254641-S4,LOR,S,S4,60.45328,-134.74604,2022-07-29,WN,1,VLS,35,100,3,Betu gla,L,FA,E
YTHEMP-YSL-254641-S4,LOR,S,S4,60.45328,-134.74604,2022-07-29,WN,1,LS,69,145,1,Betu gla,L,FA,E
YTHEMP-YSL-254641-S4,LOR,S,S4,60.45328,-134.74604,2022-07-29,WN,1,MS,101,192,4,Betu gla,L,FA,E
YTHEMP-YSL-254641-S4,LOR,S,S4,60.45328,-134.74604,2022-07-29,WN,1,TR,NA,NA,NA,NA,NA,NA,NA
YTHEMP-YSL-254641-S4,LOR,S,S4,60.45328,-134.74604,2022-07-29,WN,1,TS,NA,NA,NA,NA,NA,NA,NA
YTHEMP-YSL-254641-S4,LOR,S,S4,60.45328,-134.74604,2022-07-29,WN,2,VLS,36,123,8,Sali spp,L,FA,E
YTHEMP-YSL-254641-S4,LOR,S,S4,60.45328,-134.74604,2022-07-29,WN,2,LS,52,203,6,Betu gla,L,FA,E
YTHEMP-YSL-254641-S4,LOR,S,S4,60.45328,-134.74604,2022-07-29,WN,2,MS,107,531,7,Sali spp,L,FA,E
YTHEMP-YSL-254641-S4,LOR,S,S4,60.45328,-134.74604,2022-07-29,WN,2,TR,NA,NA,NA,NA,NA,NA,NA
YTHEMP-YSL-254641-S4,LOR,S,S4,60.45328,-134.74604,2022-07-29,WN,2,TS,NA,NA,NA,NA,NA,NA,NA
YTHEMP-YSL-254064-S5,LOR,S,S5,60.44609,-134.75175,2022-07-29,ES,1,VLS,16,300,5,Sali spp,L,FA,M
YTHEMP-YSL-254064-S5,LOR,S,S5,60.44609,-134.75175,2022-07-29,ES,1,LS,NA,NA,NA,NA,NA,NA,NA
YTHEMP-YSL-254064-S5,LOR,S,S5,60.44609,-134.75175,2022-07-29,ES,1,MS,NA,NA,NA,NA,NA,NA,NA
YTHEMP-YSL-254064-S5,LOR,S,S5,60.44609,-134.75175,2022-07-29,ES,1,TR,NA,NA,NA,NA,NA,NA,NA
YTHEMP-YSL-254064-S5,LOR,S,S5,60.44609,-134.75175,2022-07-29,ES,1,TS,NA,NA,NA,NA,NA,NA,NA
YTHEMP-YSL-254064-S5,LOR,S,S5,60.44609,-134.75175,2022-07-29,ES,2,VLS,17,480,3,Sali spp,L,FA,M
YTHEMP-YSL-254064-S5,LOR,S,S5,60.44609,-134.75175,2022-07-29,ES,2,LS,NA,NA,NA,NA,NA,NA,NA
YTHEMP-YSL-254064-S5,LOR,S,S5,60.44609,-134.75175,2022-07-29,ES,2,MS,NA,NA,NA,NA,NA,NA,NA
YTHEMP-YSL-254064-S5,LOR,S,S5,60.44609,-134.75175,2022-07-29,ES,2,TR,NA,NA,NA,NA,NA,NA,NA
YTHEMP-YSL-254064-S5,LOR,S,S5,60.44609,-134.75175,2022-07-29,ES,2,TS,NA,NA,NA,NA,NA,NA,NA
YTHEMP-YSL-254064-S5,LOR,S,S5,60.44609,-134.75175,2022-07-29,NE,1,VLS,16,140,9,Sali spp,L,FA,M
YTHEMP-YSL-254064-S5,LOR,S,S5,60.44609,-134.75175,2022-07-29,NE,1,LS,NA,NA,NA,NA,NA,NA,NA
YTHEMP-YSL-254064-S5,LOR,S,S5,60.44609,-134.75175,2022-07-29,NE,1,MS,NA,NA,NA,NA,NA,NA,NA
YTHEMP-YSL-254064-S5,LOR,S,S5,60.44609,-134.75175,2022-07-29,NE,1,TR,NA,NA,NA,NA,NA,NA,NA
YTHEMP-YSL-254064-S5,LOR,S,S5,60.44609,-134.75175,2022-07-29,NE,1,TS,NA,NA,NA,NA,NA,NA,NA
YTHEMP-YSL-254064-S5,LOR,S,S5,60.44609,-134.75175,2022-07-29,NE,2,VLS,18,150,5,Sali spp,L,FA,M
YTHEMP-YSL-254064-S5,LOR,S,S5,60.44609,-134.75175,2022-07-29,NE,2,LS,NA,NA,NA,NA,NA,NA,NA
YTHEMP-YSL-254064-S5,LOR,S,S5,60.44609,-134.75175,2022-07-29,NE,2,MS,NA,NA,NA,NA,NA,NA,NA
YTHEMP-YSL-254064-S5,LOR,S,S5,60.44609,-134.75175,2022-07-29,NE,2,TR,NA,NA,NA,NA,NA,NA,NA
YTHEMP-YSL-254064-S5,LOR,S,S5,60.44609,-134.75175,2022-07-29,NE,2,TS,NA,NA,NA,NA,NA,NA,NA
YTHEMP-YSL-254064-S5,LOR,S,S5,60.44609,-134.75175,2022-07-29,SW,1,VLS,30,50,6,Betu gla,L,FA,M
YTHEMP-YSL-254064-S5,LOR,S,S5,60.44609,-134.75175,2022-07-29,SW,1,LS,65,260,5,Sali spp,L,FA,E
YTHEMP-YSL-254064-S5,LOR,S,S5,60.44609,-134.75175,2022-07-29,SW,1,MS,NA,NA,NA,NA,NA,NA,NA
YTHEMP-YSL-254064-S5,LOR,S,S5,60.44609,-134.75175,2022-07-29,SW,1,TR,NA,NA,NA,NA,NA,NA,NA
YTHEMP-YSL-254064-S5,LOR,S,S5,60.44609,-134.75175,2022-07-29,SW,1,TS,NA,NA,NA,NA,NA,NA,NA
YTHEMP-YSL-254064-S5,LOR,S,S5,60.44609,-134.75175,2022-07-29,SW,2,VLS,20,80,5,Betu gla,L,FA,M
YTHEMP-YSL-254064-S5,LOR,S,S5,60.44609,-134.75175,2022-07-29,SW,2,LS,60,280,3,Betu gla,L,FA,E
YTHEMP-YSL-254064-S5,LOR,S,S5,60.44609,-134.75175,2022-07-29,SW,2,MS,NA,NA,NA,NA,NA,NA,NA
YTHEMP-YSL-254064-S5,LOR,S,S5,60.44609,-134.75175,2022-07-29,SW,2,TR,NA,NA,NA,NA,NA,NA,NA
YTHEMP-YSL-254064-S5,LOR,S,S5,60.44609,-134.75175,2022-07-29,SW,2,TS,NA,NA,NA,NA,NA,NA,NA
YTHEMP-YSL-254064-S5,LOR,S,S5,60.44609,-134.75175,2022-07-29,WN,1,VLS,20,100,2,Betu gla,L,FA,M
YTHEMP-YSL-254064-S5,LOR,S,S5,60.44609,-134.75175,2022-07-29,WN,1,LS,65,290,10,Betu gla,L,FA,E
YTHEMP-YSL-254064-S5,LOR,S,S5,60.44609,-134.75175,2022-07-29,WN,1,MS,104,650,3,Sali spp,L,FA,E
YTHEMP-YSL-254064-S5,LOR,S,S5,60.44609,-134.75175,2022-07-29,WN,1,TR,NA,NA,NA,NA,NA,NA,NA
YTHEMP-YSL-254064-S5,LOR,S,S5,60.44609,-134.75175,2022-07-29,WN,1,TS,NA,NA,NA,NA,NA,NA,NA
YTHEMP-YSL-254064-S5,LOR,S,S5,60.44609,-134.75175,2022-07-29,WN,2,VLS,30,110,5,Betu gla,L,FA,E
YTHEMP-YSL-254064-S5,LOR,S,S5,60.44609,-134.75175,2022-07-29,WN,2,LS,60,320,5,Betu gla,L,FA,E
YTHEMP-YSL-254064-S5,LOR,S,S5,60.44609,-134.75175,2022-07-29,WN,2,MS,NA,NA,NA,NA,NA,NA,NA
YTHEMP-YSL-254064-S5,LOR,S,S5,60.44609,-134.75175,2022-07-29,WN,2,TR,NA,NA,NA,NA,NA,NA,NA
YTHEMP-YSL-254064-S5,LOR,S,S5,60.44609,-134.75175,2022-07-29,WN,2,TS,NA,NA,NA,NA,NA,NA,NA
YTHEMP-YSL-254641-D10,LOR,S,S6,60.453331,-134.731112,2022-08-19,ES,1,VLS,19,82,1,Sali spp,L,FA,E
YTHEMP-YSL-254641-D10,LOR,S,S6,60.453331,-134.731112,2022-08-19,ES,1,LS,85,39,2,Sali spp,L,FA,E
YTHEMP-YSL-254641-D10,LOR,S,S6,60.453331,-134.731112,2022-08-19,ES,1,MS,118,52,2,Sali spp,L,FA,E
YTHEMP-YSL-254641-D10,LOR,S,S6,60.453331,-134.731112,2022-08-19,ES,1,TR,NA,NA,NA,NA,NA,NA,NA
YTHEMP-YSL-254641-D10,LOR,S,S6,60.453331,-134.731112,2022-08-19,ES,1,TS,NA,NA,NA,NA,NA,NA,NA
YTHEMP-YSL-254641-D10,LOR,S,S6,60.453331,-134.731112,2022-08-19,ES,2,VLS,20,103,2,Rosa aci,L,FP,E
YTHEMP-YSL-254641-D10,LOR,S,S6,60.453331,-134.731112,2022-08-19,ES,2,LS,67,74,3,Betu gla,L,FA,E
YTHEMP-YSL-254641-D10,LOR,S,S6,60.453331,-134.731112,2022-08-19,ES,2,MS,167,87,2,Sali spp,L,FA,E
YTHEMP-YSL-254641-D10,LOR,S,S6,60.453331,-134.731112,2022-08-19,ES,2,TR,NA,NA,NA,NA,NA,NA,NA
YTHEMP-YSL-254641-D10,LOR,S,S6,60.453331,-134.731112,2022-08-19,ES,2,TS,NA,NA,NA,NA,NA,NA,NA
YTHEMP-YSL-254641-D10,LOR,S,S6,60.453331,-134.731112,2022-08-19,NE,1,VLS,34,41,1,Sali spp,L,FA,E
YTHEMP-YSL-254641-D10,LOR,S,S6,60.453331,-134.731112,2022-08-19,NE,1,LS,89,35,1,Sali spp,L,FA,E
YTHEMP-YSL-254641-D10,LOR,S,S6,60.453331,-134.731112,2022-08-19,NE,1,MS,127,42,1,Sali spp,L,FA,E
YTHEMP-YSL-254641-D10,LOR,S,S6,60.453331,-134.731112,2022-08-19,NE,1,TS,280,725,5,Sali spp,L,FA,E
YTHEMP-YSL-254641-D10,LOR,S,S6,60.453331,-134.731112,2022-08-19,NE,1,TR,NA,NA,NA,NA,NA,NA,NA
YTHEMP-YSL-254641-D10,LOR,S,S6,60.453331,-134.731112,2022-08-19,NE,2,VLS,25,76,2,Betu gla,L,FA,E
YTHEMP-YSL-254641-D10,LOR,S,S6,60.453331,-134.731112,2022-08-19,NE,2,LS,80,90,2,Betu gla,L,FA,E
YTHEMP-YSL-254641-D10,LOR,S,S6,60.453331,-134.731112,2022-08-19,NE,2,MS,128,68,3,Sali spp,L,FA,E
YTHEMP-YSL-254641-D10,LOR,S,S6,60.453331,-134.731112,2022-08-19,NE,2,TR,NA,NA,NA,NA,NA,NA,NA
YTHEMP-YSL-254641-D10,LOR,S,S6,60.453331,-134.731112,2022-08-19,NE,2,TS,NA,NA,NA,NA,NA,NA,NA
YTHEMP-YSL-254641-D10,LOR,S,S6,60.453331,-134.731112,2022-08-19,SW,1,VLS,35,14,1,Sali spp,L,FA,E
YTHEMP-YSL-254641-D10,LOR,S,S6,60.453331,-134.731112,2022-08-19,SW,1,LS,56,28,3,Sali spp,L,FA,E
YTHEMP-YSL-254641-D10,LOR,S,S6,60.453331,-134.731112,2022-08-19,SW,1,MS,101,51,2,Sali spp,L,FA,E
YTHEMP-YSL-254641-D10,LOR,S,S6,60.453331,-134.731112,2022-08-19,SW,1,TR,NA,NA,NA,NA,NA,NA,NA
YTHEMP-YSL-254641-D10,LOR,S,S6,60.453331,-134.731112,2022-08-19,SW,1,TS,NA,NA,NA,NA,NA,NA,NA
YTHEMP-YSL-254641-D10,LOR,S,S6,60.453331,-134.731112,2022-08-19,SW,2,VLS,27,20,1,Betu gla,L,FA,E
YTHEMP-YSL-254641-D10,LOR,S,S6,60.453331,-134.731112,2022-08-19,SW,2,LS,90,36,2,Sali spp,L,FA,E
YTHEMP-YSL-254641-D10,LOR,S,S6,60.453331,-134.731112,2022-08-19,SW,2,MS,104,188,5,Betu gla,L,FA,E
YTHEMP-YSL-254641-D10,LOR,S,S6,60.453331,-134.731112,2022-08-19,SW,2,TR,NA,NA,NA,NA,NA,NA,NA
YTHEMP-YSL-254641-D10,LOR,S,S6,60.453331,-134.731112,2022-08-19,SW,2,TS,NA,NA,NA,NA,NA,NA,NA
YTHEMP-YSL-254641-D10,LOR,S,S6,60.453331,-134.731112,2022-08-19,WN,1,VLS,18,17,1,Sali spp,L,FA,E
YTHEMP-YSL-254641-D10,LOR,S,S6,60.453331,-134.731112,2022-08-19,WN,1,LS,78,36,3,Sali spp,L,FA,E
YTHEMP-YSL-254641-D10,LOR,S,S6,60.453331,-134.731112,2022-08-19,WN,1,MS,115,63,5,Sali spp,L,FA,E
YTHEMP-YSL-254641-D10,LOR,S,S6,60.453331,-134.731112,2022-08-19,WN,1,TR,NA,NA,NA,NA,NA,NA,NA
YTHEMP-YSL-254641-D10,LOR,S,S6,60.453331,-134.731112,2022-08-19,WN,1,TS,NA,NA,NA,NA,NA,NA,NA
YTHEMP-YSL-254641-D10,LOR,S,S6,60.453331,-134.731112,2022-08-19,WN,2,VLS,28,38,1,Sali spp,L,FA,E
YTHEMP-YSL-254641-D10,LOR,S,S6,60.453331,-134.731112,2022-08-19,WN,2,LS,57,60,1,Sali spp,L,FA,E
YTHEMP-YSL-254641-D10,LOR,S,S6,60.453331,-134.731112,2022-08-19,WN,2,MS,117,121,4,Sali spp,L,FA,E
YTHEMP-YSL-254641-D10,LOR,S,S6,60.453331,-134.731112,2022-08-19,WN,2,TR,NA,NA,NA,NA,NA,NA,NA
YTHEMP-YSL-254641-D10,LOR,S,S6,60.453331,-134.731112,2022-08-19,WN,2,TS,NA,NA,NA,NA,NA,NA,NA
YTHEMP-YSL-254641-T1,LOR,T,T1,60.46164,-134.73641,2022-07-29,ES,1,LS,NA,NA,NA,NA,NA,NA,NA
YTHEMP-YSL-254641-T1,LOR,T,T1,60.46164,-134.73641,2022-07-29,ES,1,MS,NA,NA,NA,NA,NA,NA,NA
YTHEMP-YSL-254641-T1,LOR,T,T1,60.46164,-134.73641,2022-07-29,ES,1,TR,NA,NA,NA,NA,NA,NA,NA
YTHEMP-YSL-254641-T1,LOR,T,T1,60.46164,-134.73641,2022-07-29,ES,1,TS,NA,NA,NA,NA,NA,NA,NA
YTHEMP-YSL-254641-T1,LOR,T,T1,60.46164,-134.73641,2022-07-29,ES,1,VLS,NA,NA,NA,NA,NA,NA,NA
YTHEMP-YSL-254641-T1,LOR,T,T1,60.46164,-134.73641,2022-07-29,ES,2,LS,NA,NA,NA,NA,NA,NA,NA
YTHEMP-YSL-254641-T1,LOR,T,T1,60.46164,-134.73641,2022-07-29,ES,2,MS,NA,NA,NA,NA,NA,NA,NA
YTHEMP-YSL-254641-T1,LOR,T,T1,60.46164,-134.73641,2022-07-29,ES,2,TR,NA,NA,NA,NA,NA,NA,NA
YTHEMP-YSL-254641-T1,LOR,T,T1,60.46164,-134.73641,2022-07-29,ES,2,TS,NA,NA,NA,NA,NA,NA,NA
YTHEMP-YSL-254641-T1,LOR,T,T1,60.46164,-134.73641,2022-07-29,ES,2,VLS,NA,NA,NA,NA,NA,NA,NA
YTHEMP-YSL-254641-T1,LOR,T,T1,60.46164,-134.73641,2022-07-29,NE,1,LS,NA,NA,NA,NA,NA,NA,NA
YTHEMP-YSL-254641-T1,LOR,T,T1,60.46164,-134.73641,2022-07-29,NE,1,MS,NA,NA,NA,NA,NA,NA,NA
YTHEMP-YSL-254641-T1,LOR,T,T1,60.46164,-134.73641,2022-07-29,NE,1,TR,NA,NA,NA,NA,NA,NA,NA
YTHEMP-YSL-254641-T1,LOR,T,T1,60.46164,-134.73641,2022-07-29,NE,1,TS,NA,NA,NA,NA,NA,NA,NA
YTHEMP-YSL-254641-T1,LOR,T,T1,60.46164,-134.73641,2022-07-29,NE,1,VLS,NA,NA,NA,NA,NA,NA,NA
YTHEMP-YSL-254641-T1,LOR,T,T1,60.46164,-134.73641,2022-07-29,NE,2,LS,NA,NA,NA,NA,NA,NA,NA
YTHEMP-YSL-254641-T1,LOR,T,T1,60.46164,-134.73641,2022-07-29,NE,2,MS,NA,NA,NA,NA,NA,NA,NA
YTHEMP-YSL-254641-T1,LOR,T,T1,60.46164,-134.73641,2022-07-29,NE,2,TR,NA,NA,NA,NA,NA,NA,NA
YTHEMP-YSL-254641-T1,LOR,T,T1,60.46164,-134.73641,2022-07-29,NE,2,TS,NA,NA,NA,NA,NA,NA,NA
YTHEMP-YSL-254641-T1,LOR,T,T1,60.46164,-134.73641,2022-07-29,NE,2,VLS,NA,NA,NA,NA,NA,NA,NA
YTHEMP-YSL-254641-T1,LOR,T,T1,60.46164,-134.73641,2022-07-29,SW,1,LS,NA,NA,NA,NA,NA,NA,NA
YTHEMP-YSL-254641-T1,LOR,T,T1,60.46164,-134.73641,2022-07-29,SW,1,MS,NA,NA,NA,NA,NA,NA,NA
YTHEMP-YSL-254641-T1,LOR,T,T1,60.46164,-134.73641,2022-07-29,SW,1,TR,NA,NA,NA,NA,NA,NA,NA
YTHEMP-YSL-254641-T1,LOR,T,T1,60.46164,-134.73641,2022-07-29,SW,1,TS,NA,NA,NA,NA,NA,NA,NA
YTHEMP-YSL-254641-T1,LOR,T,T1,60.46164,-134.73641,2022-07-29,SW,1,VLS,NA,NA,NA,NA,NA,NA,NA
YTHEMP-YSL-254641-T1,LOR,T,T1,60.46164,-134.73641,2022-07-29,SW,2,LS,NA,NA,NA,NA,NA,NA,NA
YTHEMP-YSL-254641-T1,LOR,T,T1,60.46164,-134.73641,2022-07-29,SW,2,MS,NA,NA,NA,NA,NA,NA,NA
YTHEMP-YSL-254641-T1,LOR,T,T1,60.46164,-134.73641,2022-07-29,SW,2,TR,NA,NA,NA,NA,NA,NA,NA
YTHEMP-YSL-254641-T1,LOR,T,T1,60.46164,-134.73641,2022-07-29,SW,2,TS,NA,NA,NA,NA,NA,NA,NA
YTHEMP-YSL-254641-T1,LOR,T,T1,60.46164,-134.73641,2022-07-29,SW,2,VLS,NA,NA,NA,NA,NA,NA,NA
YTHEMP-YSL-254641-T1,LOR,T,T1,60.46164,-134.73641,2022-07-29,WN,1,LS,NA,NA,NA,NA,NA,NA,NA
YTHEMP-YSL-254641-T1,LOR,T,T1,60.46164,-134.73641,2022-07-29,WN,1,MS,NA,NA,NA,NA,NA,NA,NA
YTHEMP-YSL-254641-T1,LOR,T,T1,60.46164,-134.73641,2022-07-29,WN,1,TR,NA,NA,NA,NA,NA,NA,NA
YTHEMP-YSL-254641-T1,LOR,T,T1,60.46164,-134.73641,2022-07-29,WN,1,TS,NA,NA,NA,NA,NA,NA,NA
YTHEMP-YSL-254641-T1,LOR,T,T1,60.46164,-134.73641,2022-07-29,WN,1,VLS,NA,NA,NA,NA,NA,NA,NA
YTHEMP-YSL-254641-T1,LOR,T,T1,60.46164,-134.73641,2022-07-29,WN,2,LS,NA,NA,NA,NA,NA,NA,NA
YTHEMP-YSL-254641-T1,LOR,T,T1,60.46164,-134.73641,2022-07-29,WN,2,MS,NA,NA,NA,NA,NA,NA,NA
YTHEMP-YSL-254641-T1,LOR,T,T1,60.46164,-134.73641,2022-07-29,WN,2,TR,NA,NA,NA,NA,NA,NA,NA
YTHEMP-YSL-254641-T1,LOR,T,T1,60.46164,-134.73641,2022-07-29,WN,2,TS,NA,NA,NA,NA,NA,NA,NA
YTHEMP-YSL-254641-T1,LOR,T,T1,60.46164,-134.73641,2022-07-29,WN,2,VLS,NA,NA,NA,NA,NA,NA,NA
YTHEMP-YSL-254641-T2,LOR,T,T2,60.45908,-134.73858,2022-07-29,ES,1,VLS,16,187,2,Pice gla,L,FA,E
YTHEMP-YSL-254641-T2,LOR,T,T2,60.45908,-134.73858,2022-07-29,ES,1,LS,NA,NA,NA,NA,NA,NA,NA
YTHEMP-YSL-254641-T2,LOR,T,T2,60.45908,-134.73858,2022-07-29,ES,1,MS,NA,NA,NA,NA,NA,NA,NA
YTHEMP-YSL-254641-T2,LOR,T,T2,60.45908,-134.73858,2022-07-29,ES,1,TR,NA,NA,NA,NA,NA,NA,NA
YTHEMP-YSL-254641-T2,LOR,T,T2,60.45908,-134.73858,2022-07-29,ES,1,TS,NA,NA,NA,NA,NA,NA,NA
YTHEMP-YSL-254641-T2,LOR,T,T2,60.45908,-134.73858,2022-07-29,ES,2,LS,NA,NA,NA,NA,NA,NA,NA
YTHEMP-YSL-254641-T2,LOR,T,T2,60.45908,-134.73858,2022-07-29,ES,2,MS,NA,NA,NA,NA,NA,NA,NA
YTHEMP-YSL-254641-T2,LOR,T,T2,60.45908,-134.73858,2022-07-29,ES,2,TR,NA,NA,NA,NA,NA,NA,NA
YTHEMP-YSL-254641-T2,LOR,T,T2,60.45908,-134.73858,2022-07-29,ES,2,TS,NA,NA,NA,NA,NA,NA,NA
YTHEMP-YSL-254641-T2,LOR,T,T2,60.45908,-134.73858,2022-07-29,ES,2,VLS,NA,NA,NA,NA,NA,NA,NA
YTHEMP-YSL-254641-T2,LOR,T,T2,60.45908,-134.73858,2022-07-29,NE,1,VLS,15,771,4,Betu gla,L,FA,M
YTHEMP-YSL-254641-T2,LOR,T,T2,60.45908,-134.73858,2022-07-29,NE,1,LS,NA,NA,NA,NA,NA,NA,NA
YTHEMP-YSL-254641-T2,LOR,T,T2,60.45908,-134.73858,2022-07-29,NE,1,MS,NA,NA,NA,NA,NA,NA,NA
YTHEMP-YSL-254641-T2,LOR,T,T2,60.45908,-134.73858,2022-07-29,NE,1,TR,NA,NA,NA,NA,NA,NA,NA
YTHEMP-YSL-254641-T2,LOR,T,T2,60.45908,-134.73858,2022-07-29,NE,1,TS,NA,NA,NA,NA,NA,NA,NA
YTHEMP-YSL-254641-T2,LOR,T,T2,60.45908,-134.73858,2022-07-29,NE,2,LS,NA,NA,NA,NA,NA,NA,NA
YTHEMP-YSL-254641-T2,LOR,T,T2,60.45908,-134.73858,2022-07-29,NE,2,MS,NA,NA,NA,NA,NA,NA,NA
YTHEMP-YSL-254641-T2,LOR,T,T2,60.45908,-134.73858,2022-07-29,NE,2,TR,NA,NA,NA,NA,NA,NA,NA
YTHEMP-YSL-254641-T2,LOR,T,T2,60.45908,-134.73858,2022-07-29,NE,2,TS,NA,NA,NA,NA,NA,NA,NA
YTHEMP-YSL-254641-T2,LOR,T,T2,60.45908,-134.73858,2022-07-29,NE,2,VLS,NA,NA,NA,NA,NA,NA,NA
YTHEMP-YSL-254641-T2,LOR,T,T2,60.45908,-134.73858,2022-07-29,SW,1,VLS,27,166,9,Sali spp,L,FA,E
YTHEMP-YSL-254641-T2,LOR,T,T2,60.45908,-134.73858,2022-07-29,SW,1,LS,NA,NA,NA,NA,NA,NA,NA
YTHEMP-YSL-254641-T2,LOR,T,T2,60.45908,-134.73858,2022-07-29,SW,1,MS,NA,NA,NA,NA,NA,NA,NA
YTHEMP-YSL-254641-T2,LOR,T,T2,60.45908,-134.73858,2022-07-29,SW,1,TR,NA,NA,NA,NA,NA,NA,NA
YTHEMP-YSL-254641-T2,LOR,T,T2,60.45908,-134.73858,2022-07-29,SW,1,TS,NA,NA,NA,NA,NA,NA,NA
YTHEMP-YSL-254641-T2,LOR,T,T2,60.45908,-134.73858,2022-07-29,SW,2,LS,NA,NA,NA,NA,NA,NA,NA
YTHEMP-YSL-254641-T2,LOR,T,T2,60.45908,-134.73858,2022-07-29,SW,2,MS,NA,NA,NA,NA,NA,NA,NA
YTHEMP-YSL-254641-T2,LOR,T,T2,60.45908,-134.73858,2022-07-29,SW,2,TR,NA,NA,NA,NA,NA,NA,NA
YTHEMP-YSL-254641-T2,LOR,T,T2,60.45908,-134.73858,2022-07-29,SW,2,TS,NA,NA,NA,NA,NA,NA,NA
YTHEMP-YSL-254641-T2,LOR,T,T2,60.45908,-134.73858,2022-07-29,SW,2,VLS,NA,NA,NA,NA,NA,NA,NA
YTHEMP-YSL-254641-T2,LOR,T,T2,60.45908,-134.73858,2022-07-29,WN,1,VLS,19,836,5,Betu gla,L,FA,M
YTHEMP-YSL-254641-T2,LOR,T,T2,60.45908,-134.73858,2022-07-29,WN,1,LS,NA,NA,NA,NA,NA,NA,NA
YTHEMP-YSL-254641-T2,LOR,T,T2,60.45908,-134.73858,2022-07-29,WN,1,MS,NA,NA,NA,NA,NA,NA,NA
YTHEMP-YSL-254641-T2,LOR,T,T2,60.45908,-134.73858,2022-07-29,WN,1,TR,NA,NA,NA,NA,NA,NA,NA
YTHEMP-YSL-254641-T2,LOR,T,T2,60.45908,-134.73858,2022-07-29,WN,1,TS,NA,NA,NA,NA,NA,NA,NA
YTHEMP-YSL-254641-T2,LOR,T,T2,60.45908,-134.73858,2022-07-29,WN,2,LS,NA,NA,NA,NA,NA,NA,NA
YTHEMP-YSL-254641-T2,LOR,T,T2,60.45908,-134.73858,2022-07-29,WN,2,MS,NA,NA,NA,NA,NA,NA,NA
YTHEMP-YSL-254641-T2,LOR,T,T2,60.45908,-134.73858,2022-07-29,WN,2,TR,NA,NA,NA,NA,NA,NA,NA
YTHEMP-YSL-254641-T2,LOR,T,T2,60.45908,-134.73858,2022-07-29,WN,2,TS,NA,NA,NA,NA,NA,NA,NA
YTHEMP-YSL-254641-T2,LOR,T,T2,60.45908,-134.73858,2022-07-29,WN,2,VLS,NA,NA,NA,NA,NA,NA,NA
YTHEMP-YSL-254641-T3,LOR,T,T3,60.45613,-134.73916,2022-07-29,ES,1,VLS,19,47,2,Sali spp,L,FA,E
YTHEMP-YSL-254641-T3,LOR,T,T3,60.45613,-134.73916,2022-07-29,ES,1,LS,NA,NA,NA,NA,NA,NA,NA
YTHEMP-YSL-254641-T3,LOR,T,T3,60.45613,-134.73916,2022-07-29,ES,1,MS,NA,NA,NA,NA,NA,NA,NA
YTHEMP-YSL-254641-T3,LOR,T,T3,60.45613,-134.73916,2022-07-29,ES,1,TR,NA,NA,NA,NA,NA,NA,NA
YTHEMP-YSL-254641-T3,LOR,T,T3,60.45613,-134.73916,2022-07-29,ES,1,TS,NA,NA,NA,NA,NA,NA,NA
YTHEMP-YSL-254641-T3,LOR,T,T3,60.45613,-134.73916,2022-07-29,ES,2,VLS,19,61,5,Sali spp,L,FA,E
YTHEMP-YSL-254641-T3,LOR,T,T3,60.45613,-134.73916,2022-07-29,ES,2,LS,NA,NA,NA,NA,NA,NA,NA
YTHEMP-YSL-254641-T3,LOR,T,T3,60.45613,-134.73916,2022-07-29,ES,2,MS,NA,NA,NA,NA,NA,NA,NA
YTHEMP-YSL-254641-T3,LOR,T,T3,60.45613,-134.73916,2022-07-29,ES,2,TR,NA,NA,NA,NA,NA,NA,NA
YTHEMP-YSL-254641-T3,LOR,T,T3,60.45613,-134.73916,2022-07-29,ES,2,TS,NA,NA,NA,NA,NA,NA,NA
YTHEMP-YSL-254641-T3,LOR,T,T3,60.45613,-134.73916,2022-07-29,NE,1,VLS,21,57,4,Sali spp,L,FA,E
YTHEMP-YSL-254641-T3,LOR,T,T3,60.45613,-134.73916,2022-07-29,NE,1,LS,NA,NA,NA,NA,NA,NA,NA
YTHEMP-YSL-254641-T3,LOR,T,T3,60.45613,-134.73916,2022-07-29,NE,1,MS,NA,NA,NA,NA,NA,NA,NA
YTHEMP-YSL-254641-T3,LOR,T,T3,60.45613,-134.73916,2022-07-29,NE,1,TR,NA,NA,NA,NA,NA,NA,NA
YTHEMP-YSL-254641-T3,LOR,T,T3,60.45613,-134.73916,2022-07-29,NE,1,TS,NA,NA,NA,NA,NA,NA,NA
YTHEMP-YSL-254641-T3,LOR,T,T3,60.45613,-134.73916,2022-07-29,NE,2,VLS,17,72,6,Sali spp,L,FA,E
YTHEMP-YSL-254641-T3,LOR,T,T3,60.45613,-134.73916,2022-07-29,NE,2,LS,NA,NA,NA,NA,NA,NA,NA
YTHEMP-YSL-254641-T3,LOR,T,T3,60.45613,-134.73916,2022-07-29,NE,2,MS,NA,NA,NA,NA,NA,NA,NA
YTHEMP-YSL-254641-T3,LOR,T,T3,60.45613,-134.73916,2022-07-29,NE,2,TR,NA,NA,NA,NA,NA,NA,NA
YTHEMP-YSL-254641-T3,LOR,T,T3,60.45613,-134.73916,2022-07-29,NE,2,TS,NA,NA,NA,NA,NA,NA,NA
YTHEMP-YSL-254641-T3,LOR,T,T3,60.45613,-134.73916,2022-07-29,SW,1,VLS,22,272,7,Dasi fru,L,FA,E
YTHEMP-YSL-254641-T3,LOR,T,T3,60.45613,-134.73916,2022-07-29,SW,1,LS,NA,NA,NA,NA,NA,NA,NA
YTHEMP-YSL-254641-T3,LOR,T,T3,60.45613,-134.73916,2022-07-29,SW,1,MS,NA,NA,NA,NA,NA,NA,NA
YTHEMP-YSL-254641-T3,LOR,T,T3,60.45613,-134.73916,2022-07-29,SW,1,TR,NA,NA,NA,NA,NA,NA,NA
YTHEMP-YSL-254641-T3,LOR,T,T3,60.45613,-134.73916,2022-07-29,SW,1,TS,NA,NA,NA,NA,NA,NA,NA
YTHEMP-YSL-254641-T3,LOR,T,T3,60.45613,-134.73916,2022-07-29,SW,2,VLS,19,279,12,Dasi fru,L,FA,E
YTHEMP-YSL-254641-T3,LOR,T,T3,60.45613,-134.73916,2022-07-29,SW,2,LS,NA,NA,NA,NA,NA,NA,NA
YTHEMP-YSL-254641-T3,LOR,T,T3,60.45613,-134.73916,2022-07-29,SW,2,MS,NA,NA,NA,NA,NA,NA,NA
YTHEMP-YSL-254641-T3,LOR,T,T3,60.45613,-134.73916,2022-07-29,SW,2,TR,NA,NA,NA,NA,NA,NA,NA
YTHEMP-YSL-254641-T3,LOR,T,T3,60.45613,-134.73916,2022-07-29,SW,2,TS,NA,NA,NA,NA,NA,NA,NA
YTHEMP-YSL-254641-T3,LOR,T,T3,60.45613,-134.73916,2022-07-29,WN,1,VLS,22,125,21,Dasi fru,L,FA,E
YTHEMP-YSL-254641-T3,LOR,T,T3,60.45613,-134.73916,2022-07-29,WN,1,LS,NA,NA,NA,NA,NA,NA,NA
YTHEMP-YSL-254641-T3,LOR,T,T3,60.45613,-134.73916,2022-07-29,WN,1,MS,NA,NA,NA,NA,NA,NA,NA
YTHEMP-YSL-254641-T3,LOR,T,T3,60.45613,-134.73916,2022-07-29,WN,1,TR,NA,NA,NA,NA,NA,NA,NA
YTHEMP-YSL-254641-T3,LOR,T,T3,60.45613,-134.73916,2022-07-29,WN,1,TS,NA,NA,NA,NA,NA,NA,NA
YTHEMP-YSL-254641-T3,LOR,T,T3,60.45613,-134.73916,2022-07-29,WN,2,VLS,16,295,3,Sali spp,L,FA,E
YTHEMP-YSL-254641-T3,LOR,T,T3,60.45613,-134.73916,2022-07-29,WN,2,LS,NA,NA,NA,NA,NA,NA,NA
YTHEMP-YSL-254641-T3,LOR,T,T3,60.45613,-134.73916,2022-07-29,WN,2,MS,NA,NA,NA,NA,NA,NA,NA
YTHEMP-YSL-254641-T3,LOR,T,T3,60.45613,-134.73916,2022-07-29,WN,2,TR,NA,NA,NA,NA,NA,NA,NA
YTHEMP-YSL-254641-T3,LOR,T,T3,60.45613,-134.73916,2022-07-29,WN,2,TS,NA,NA,NA,NA,NA,NA,NA
YTHEMP-YSL-254641-T4,LOR,T,T4,60.45359,-134.74057,2022-07-29,ES,1,VLS,45,17,3,Dasi fru,L,FA,E
YTHEMP-YSL-254641-T4,LOR,T,T4,60.45359,-134.74057,2022-07-29,ES,1,LS,67,20,4,Betu gla,L,FA,E
YTHEMP-YSL-254641-T4,LOR,T,T4,60.45359,-134.74057,2022-07-29,ES,1,MS,NA,NA,NA,NA,NA,NA,NA
YTHEMP-YSL-254641-T4,LOR,T,T4,60.45359,-134.74057,2022-07-29,ES,1,TR,NA,NA,NA,NA,NA,NA,NA
YTHEMP-YSL-254641-T4,LOR,T,T4,60.45359,-134.74057,2022-07-29,ES,1,TS,NA,NA,NA,NA,NA,NA,NA
YTHEMP-YSL-254641-T4,LOR,T,T4,60.45359,-134.74057,2022-07-29,ES,2,VLS,31,76,2,Dasi fru,L,FA,E
YTHEMP-YSL-254641-T4,LOR,T,T4,60.45359,-134.74057,2022-07-29,ES,2,LS,60,70,5,Betu gla,L,FA,E
YTHEMP-YSL-254641-T4,LOR,T,T4,60.45359,-134.74057,2022-07-29,ES,2,MS,NA,NA,NA,NA,NA,NA,NA
YTHEMP-YSL-254641-T4,LOR,T,T4,60.45359,-134.74057,2022-07-29,ES,2,TR,NA,NA,NA,NA,NA,NA,NA
YTHEMP-YSL-254641-T4,LOR,T,T4,60.45359,-134.74057,2022-07-29,ES,2,TS,NA,NA,NA,NA,NA,NA,NA
YTHEMP-YSL-254641-T4,LOR,T,T4,60.45359,-134.74057,2022-07-29,NE,1,VLS,16,60,1,Dasi fru,L,FA,E
YTHEMP-YSL-254641-T4,LOR,T,T4,60.45359,-134.74057,2022-07-29,NE,1,LS,76,74,2,Betu gla,L,FA,E
YTHEMP-YSL-254641-T4,LOR,T,T4,60.45359,-134.74057,2022-07-29,NE,1,MS,NA,NA,NA,NA,NA,NA,NA
YTHEMP-YSL-254641-T4,LOR,T,T4,60.45359,-134.74057,2022-07-29,NE,1,TR,NA,NA,NA,NA,NA,NA,NA
YTHEMP-YSL-254641-T4,LOR,T,T4,60.45359,-134.74057,2022-07-29,NE,1,TS,NA,NA,NA,NA,NA,NA,NA
YTHEMP-YSL-254641-T4,LOR,T,T4,60.45359,-134.74057,2022-07-29,NE,2,VLS,22,65,2,Dasi fru,L,FA,E
YTHEMP-YSL-254641-T4,LOR,T,T4,60.45359,-134.74057,2022-07-29,NE,2,LS,NA,NA,NA,NA,NA,NA,NA
YTHEMP-YSL-254641-T4,LOR,T,T4,60.45359,-134.74057,2022-07-29,NE,2,MS,NA,NA,NA,NA,NA,NA,NA
YTHEMP-YSL-254641-T4,LOR,T,T4,60.45359,-134.74057,2022-07-29,NE,2,TR,NA,NA,NA,NA,NA,NA,NA
YTHEMP-YSL-254641-T4,LOR,T,T4,60.45359,-134.74057,2022-07-29,NE,2,TS,NA,NA,NA,NA,NA,NA,NA
YTHEMP-YSL-254641-T4,LOR,T,T4,60.45359,-134.74057,2022-07-29,SW,1,VLS,16,103,4,Dasi fru,L,FA,E
YTHEMP-YSL-254641-T4,LOR,T,T4,60.45359,-134.74057,2022-07-29,SW,1,LS,NA,NA,NA,NA,NA,NA,NA
YTHEMP-YSL-254641-T4,LOR,T,T4,60.45359,-134.74057,2022-07-29,SW,1,MS,NA,NA,NA,NA,NA,NA,NA
YTHEMP-YSL-254641-T4,LOR,T,T4,60.45359,-134.74057,2022-07-29,SW,1,TR,NA,NA,NA,NA,NA,NA,NA
YTHEMP-YSL-254641-T4,LOR,T,T4,60.45359,-134.74057,2022-07-29,SW,1,TS,NA,NA,NA,NA,NA,NA,NA
YTHEMP-YSL-254641-T4,LOR,T,T4,60.45359,-134.74057,2022-07-29,SW,2,VLS,36,195,10,Sali spp,L,FA,E
YTHEMP-YSL-254641-T4,LOR,T,T4,60.45359,-134.74057,2022-07-29,SW,2,LS,NA,NA,NA,NA,NA,NA,NA
YTHEMP-YSL-254641-T4,LOR,T,T4,60.45359,-134.74057,2022-07-29,SW,2,MS,NA,NA,NA,NA,NA,NA,NA
YTHEMP-YSL-254641-T4,LOR,T,T4,60.45359,-134.74057,2022-07-29,SW,2,TR,NA,NA,NA,NA,NA,NA,NA
YTHEMP-YSL-254641-T4,LOR,T,T4,60.45359,-134.74057,2022-07-29,SW,2,TS,NA,NA,NA,NA,NA,NA,NA
YTHEMP-YSL-254641-T4,LOR,T,T4,60.45359,-134.74057,2022-07-29,WN,1,VLS,17,109,9,Dasi fru,L,FA,E
YTHEMP-YSL-254641-T4,LOR,T,T4,60.45359,-134.74057,2022-07-29,WN,1,LS,NA,NA,NA,NA,NA,NA,NA
YTHEMP-YSL-254641-T4,LOR,T,T4,60.45359,-134.74057,2022-07-29,WN,1,MS,NA,NA,NA,NA,NA,NA,NA
YTHEMP-YSL-254641-T4,LOR,T,T4,60.45359,-134.74057,2022-07-29,WN,1,TR,NA,NA,NA,NA,NA,NA,NA
YTHEMP-YSL-254641-T4,LOR,T,T4,60.45359,-134.74057,2022-07-29,WN,1,TS,NA,NA,NA,NA,NA,NA,NA
YTHEMP-YSL-254641-T4,LOR,T,T4,60.45359,-134.74057,2022-07-29,WN,2,VLS,22,123,1,Sali spp,L,FA,E
YTHEMP-YSL-254641-T4,LOR,T,T4,60.45359,-134.74057,2022-07-29,WN,2,LS,NA,NA,NA,NA,NA,NA,NA
YTHEMP-YSL-254641-T4,LOR,T,T4,60.45359,-134.74057,2022-07-29,WN,2,MS,NA,NA,NA,NA,NA,NA,NA
YTHEMP-YSL-254641-T4,LOR,T,T4,60.45359,-134.74057,2022-07-29,WN,2,TR,NA,NA,NA,NA,NA,NA,NA
YTHEMP-YSL-254641-T4,LOR,T,T4,60.45359,-134.74057,2022-07-29,WN,2,TS,NA,NA,NA,NA,NA,NA,NA
YTHEMP-YSL-254641-D7A,LOR,T,T5,60.46147,-134.731304,2022-07-29,ES,1,VLS,22,785,6,Sali spp,L,FA,E
YTHEMP-YSL-254641-D7A,LOR,T,T5,60.46147,-134.731304,2022-07-29,ES,1,LS,NA,NA,NA,NA,NA,NA,NA
YTHEMP-YSL-254641-D7A,LOR,T,T5,60.46147,-134.731304,2022-07-29,ES,1,MS,NA,NA,NA,NA,NA,NA,NA
YTHEMP-YSL-254641-D7A,LOR,T,T5,60.46147,-134.731304,2022-07-29,ES,1,TR,NA,NA,NA,NA,NA,NA,NA
YTHEMP-YSL-254641-D7A,LOR,T,T5,60.46147,-134.731304,2022-07-29,ES,1,TS,NA,NA,NA,NA,NA,NA,NA
YTHEMP-YSL-254641-D7A,LOR,T,T5,60.46147,-134.731304,2022-07-29,ES,2,LS,NA,NA,NA,NA,NA,NA,NA
YTHEMP-YSL-254641-D7A,LOR,T,T5,60.46147,-134.731304,2022-07-29,ES,2,MS,NA,NA,NA,NA,NA,NA,NA
YTHEMP-YSL-254641-D7A,LOR,T,T5,60.46147,-134.731304,2022-07-29,ES,2,TR,NA,NA,NA,NA,NA,NA,NA
YTHEMP-YSL-254641-D7A,LOR,T,T5,60.46147,-134.731304,2022-07-29,ES,2,TS,NA,NA,NA,NA,NA,NA,NA
YTHEMP-YSL-254641-D7A,LOR,T,T5,60.46147,-134.731304,2022-07-29,ES,2,VLS,NA,NA,NA,NA,NA,NA,NA
YTHEMP-YSL-254641-D7A,LOR,T,T5,60.46147,-134.731304,2022-07-29,NE,1,VLS,23,975,5,Sali spp,L,FA,E
YTHEMP-YSL-254641-D7A,LOR,T,T5,60.46147,-134.731304,2022-07-29,NE,1,LS,NA,NA,NA,NA,NA,NA,NA
YTHEMP-YSL-254641-D7A,LOR,T,T5,60.46147,-134.731304,2022-07-29,NE,1,MS,NA,NA,NA,NA,NA,NA,NA
YTHEMP-YSL-254641-D7A,LOR,T,T5,60.46147,-134.731304,2022-07-29,NE,1,TR,NA,NA,NA,NA,NA,NA,NA
YTHEMP-YSL-254641-D7A,LOR,T,T5,60.46147,-134.731304,2022-07-29,NE,1,TS,NA,NA,NA,NA,NA,NA,NA
YTHEMP-YSL-254641-D7A,LOR,T,T5,60.46147,-134.731304,2022-07-29,NE,2,VLS,16,985,17,Betu gla,L,FA,M
YTHEMP-YSL-254641-D7A,LOR,T,T5,60.46147,-134.731304,2022-07-29,NE,2,LS,NA,NA,NA,NA,NA,NA,NA
YTHEMP-YSL-254641-D7A,LOR,T,T5,60.46147,-134.731304,2022-07-29,NE,2,MS,NA,NA,NA,NA,NA,NA,NA
YTHEMP-YSL-254641-D7A,LOR,T,T5,60.46147,-134.731304,2022-07-29,NE,2,TR,NA,NA,NA,NA,NA,NA,NA
YTHEMP-YSL-254641-D7A,LOR,T,T5,60.46147,-134.731304,2022-07-29,NE,2,TS,NA,NA,NA,NA,NA,NA,NA
YTHEMP-YSL-254641-D7A,LOR,T,T5,60.46147,-134.731304,2022-07-29,SW,1,LS,NA,NA,NA,NA,NA,NA,NA
YTHEMP-YSL-254641-D7A,LOR,T,T5,60.46147,-134.731304,2022-07-29,SW,1,MS,NA,NA,NA,NA,NA,NA,NA
YTHEMP-YSL-254641-D7A,LOR,T,T5,60.46147,-134.731304,2022-07-29,SW,1,TR,NA,NA,NA,NA,NA,NA,NA
YTHEMP-YSL-254641-D7A,LOR,T,T5,60.46147,-134.731304,2022-07-29,SW,1,TS,NA,NA,NA,NA,NA,NA,NA
YTHEMP-YSL-254641-D7A,LOR,T,T5,60.46147,-134.731304,2022-07-29,SW,1,VLS,NA,NA,NA,NA,NA,NA,NA
YTHEMP-YSL-254641-D7A,LOR,T,T5,60.46147,-134.731304,2022-07-29,SW,2,LS,NA,NA,NA,NA,NA,NA,NA
YTHEMP-YSL-254641-D7A,LOR,T,T5,60.46147,-134.731304,2022-07-29,SW,2,MS,NA,NA,NA,NA,NA,NA,NA
YTHEMP-YSL-254641-D7A,LOR,T,T5,60.46147,-134.731304,2022-07-29,SW,2,TR,NA,NA,NA,NA,NA,NA,NA
YTHEMP-YSL-254641-D7A,LOR,T,T5,60.46147,-134.731304,2022-07-29,SW,2,TS,NA,NA,NA,NA,NA,NA,NA
YTHEMP-YSL-254641-D7A,LOR,T,T5,60.46147,-134.731304,2022-07-29,SW,2,VLS,NA,NA,NA,NA,NA,NA,NA
YTHEMP-YSL-254641-D7A,LOR,T,T5,60.46147,-134.731304,2022-07-29,WN,1,LS,NA,NA,NA,NA,NA,NA,NA
YTHEMP-YSL-254641-D7A,LOR,T,T5,60.46147,-134.731304,2022-07-29,WN,1,MS,NA,NA,NA,NA,NA,NA,NA
YTHEMP-YSL-254641-D7A,LOR,T,T5,60.46147,-134.731304,2022-07-29,WN,1,TR,NA,NA,NA,NA,NA,NA,NA
YTHEMP-YSL-254641-D7A,LOR,T,T5,60.46147,-134.731304,2022-07-29,WN,1,TS,NA,NA,NA,NA,NA,NA,NA
YTHEMP-YSL-254641-D7A,LOR,T,T5,60.46147,-134.731304,2022-07-29,WN,1,VLS,NA,NA,NA,NA,NA,NA,NA
YTHEMP-YSL-254641-D7A,LOR,T,T5,60.46147,-134.731304,2022-07-29,WN,2,LS,NA,NA,NA,NA,NA,NA,NA
YTHEMP-YSL-254641-D7A,LOR,T,T5,60.46147,-134.731304,2022-07-29,WN,2,MS,NA,NA,NA,NA,NA,NA,NA
YTHEMP-YSL-254641-D7A,LOR,T,T5,60.46147,-134.731304,2022-07-29,WN,2,TR,NA,NA,NA,NA,NA,NA,NA
YTHEMP-YSL-254641-D7A,LOR,T,T5,60.46147,-134.731304,2022-07-29,WN,2,TS,NA,NA,NA,NA,NA,NA,NA
YTHEMP-YSL-254641-D7A,LOR,T,T5,60.46147,-134.731304,2022-07-29,WN,2,VLS,NA,NA,NA,NA,NA,NA,NA
YTHEMP-YSH-243244-S3,MON,S,S3,60.050049,-134.630526,2022-07-22,ES,1,VLS,45,70,3,Betu gla,L,FA,M
YTHEMP-YSH-243244-S3,MON,S,S3,60.050049,-134.630526,2022-07-22,ES,1,LS,75,50,3,Betu gla,L,FA,E
YTHEMP-YSH-243244-S3,MON,S,S3,60.050049,-134.630526,2022-07-22,ES,1,MS,125,240,2,Sali spp,L,FA,E
YTHEMP-YSH-243244-S3,MON,S,S3,60.050049,-134.630526,2022-07-22,ES,1,TR,NA,NA,NA,NA,NA,NA,NA
YTHEMP-YSH-243244-S3,MON,S,S3,60.050049,-134.630526,2022-07-22,ES,1,TS,NA,NA,NA,NA,NA,NA,NA
YTHEMP-YSH-243244-S3,MON,S,S3,60.050049,-134.630526,2022-07-22,ES,2,VLS,40,140,2,Betu gla,L,FA,M
YTHEMP-YSH-243244-S3,MON,S,S3,60.050049,-134.630526,2022-07-22,ES,2,LS,65,200,3,Betu gla,L,FA,E
YTHEMP-YSH-243244-S3,MON,S,S3,60.050049,-134.630526,2022-07-22,ES,2,MS,120,560,8,Sali spp,L,FA,E
YTHEMP-YSH-243244-S3,MON,S,S3,60.050049,-134.630526,2022-07-22,ES,2,TR,NA,NA,NA,NA,NA,NA,NA
YTHEMP-YSH-243244-S3,MON,S,S3,60.050049,-134.630526,2022-07-22,ES,2,TS,NA,NA,NA,NA,NA,NA,NA
YTHEMP-YSH-243244-S3,MON,S,S3,60.050049,-134.630526,2022-07-22,NE,1,VLS,15,140,12,Vacc uli,L,FP,M
YTHEMP-YSH-243244-S3,MON,S,S3,60.050049,-134.630526,2022-07-22,NE,1,LS,75,45,4,Betu gla,L,FA,E
YTHEMP-YSH-243244-S3,MON,S,S3,60.050049,-134.630526,2022-07-22,NE,1,MS,105,350,1,Abie las,L,FA,E
YTHEMP-YSH-243244-S3,MON,S,S3,60.050049,-134.630526,2022-07-22,NE,1,TR,NA,NA,NA,NA,NA,NA,NA
YTHEMP-YSH-243244-S3,MON,S,S3,60.050049,-134.630526,2022-07-22,NE,1,TS,NA,NA,NA,NA,NA,NA,NA
YTHEMP-YSH-243244-S3,MON,S,S3,60.050049,-134.630526,2022-07-22,NE,2,VLS,45,140,7,Betu gla,L,FA,E
YTHEMP-YSH-243244-S3,MON,S,S3,60.050049,-134.630526,2022-07-22,NE,2,LS,51,190,2,Betu gla,L,FA,E
YTHEMP-YSH-243244-S3,MON,S,S3,60.050049,-134.630526,2022-07-22,NE,2,MS,110,750,12,Sali spp,L,FA,E
YTHEMP-YSH-243244-S3,MON,S,S3,60.050049,-134.630526,2022-07-22,NE,2,TR,NA,NA,NA,NA,NA,NA,NA
YTHEMP-YSH-243244-S3,MON,S,S3,60.050049,-134.630526,2022-07-22,NE,2,TS,NA,NA,NA,NA,NA,NA,NA
YTHEMP-YSH-243244-S3,MON,S,S3,60.050049,-134.630526,2022-07-22,SW,1,VLS,15,100,1,Betu gla,L,FA,M
YTHEMP-YSH-243244-S3,MON,S,S3,60.050049,-134.630526,2022-07-22,SW,1,LS,51,140,4,Betu gla,L,FA,M
YTHEMP-YSH-243244-S3,MON,S,S3,60.050049,-134.630526,2022-07-22,SW,1,MS,105,280,10,Sali spp,L,FA,E
YTHEMP-YSH-243244-S3,MON,S,S3,60.050049,-134.630526,2022-07-22,SW,1,TR,NA,NA,NA,NA,NA,NA,NA
YTHEMP-YSH-243244-S3,MON,S,S3,60.050049,-134.630526,2022-07-22,SW,1,TS,NA,NA,NA,NA,NA,NA,NA
YTHEMP-YSH-243244-S3,MON,S,S3,60.050049,-134.630526,2022-07-22,SW,2,VLS,30,140,2,Betu gla,L,FA,M
YTHEMP-YSH-243244-S3,MON,S,S3,60.050049,-134.630526,2022-07-22,SW,2,LS,80,260,1,Betu gla,L,FA,M
YTHEMP-YSH-243244-S3,MON,S,S3,60.050049,-134.630526,2022-07-22,SW,2,MS,101,400,3,Betu gla,L,FA,E
YTHEMP-YSH-243244-S3,MON,S,S3,60.050049,-134.630526,2022-07-22,SW,2,TR,NA,NA,NA,NA,NA,NA,NA
YTHEMP-YSH-243244-S3,MON,S,S3,60.050049,-134.630526,2022-07-22,SW,2,TS,NA,NA,NA,NA,NA,NA,NA
YTHEMP-YSH-243244-S3,MON,S,S3,60.050049,-134.630526,2022-07-22,WN,1,VLS,20,115,1,Betu gla,L,FA,M
YTHEMP-YSH-243244-S3,MON,S,S3,60.050049,-134.630526,2022-07-22,WN,1,LS,85,110,2,Sali spp,L,FA,M
YTHEMP-YSH-243244-S3,MON,S,S3,60.050049,-134.630526,2022-07-22,WN,1,MS,NA,NA,NA,NA,NA,NA,NA
YTHEMP-YSH-243244-S3,MON,S,S3,60.050049,-134.630526,2022-07-22,WN,1,TR,NA,NA,NA,NA,NA,NA,NA
YTHEMP-YSH-243244-S3,MON,S,S3,60.050049,-134.630526,2022-07-22,WN,1,TS,NA,NA,NA,NA,NA,NA,NA
YTHEMP-YSH-243244-S3,MON,S,S3,60.050049,-134.630526,2022-07-22,WN,2,VLS,35,120,4,Betu gla,L,FA,M
YTHEMP-YSH-243244-S3,MON,S,S3,60.050049,-134.630526,2022-07-22,WN,2,LS,60,190,8,Sali spp,L,FA,E
YTHEMP-YSH-243244-S3,MON,S,S3,60.050049,-134.630526,2022-07-22,WN,2,MS,NA,NA,NA,NA,NA,NA,NA
YTHEMP-YSH-243244-S3,MON,S,S3,60.050049,-134.630526,2022-07-22,WN,2,TR,NA,NA,NA,NA,NA,NA,NA
YTHEMP-YSH-243244-S3,MON,S,S3,60.050049,-134.630526,2022-07-22,WN,2,TS,NA,NA,NA,NA,NA,NA,NA
YTHEMP-YSH-243244-S4,MON,S,S4,60.05494,-134.61755,2022-07-22,ES,1,VLS,40,300,2,Betu gla,L,FA,E
YTHEMP-YSH-243244-S4,MON,S,S4,60.05494,-134.61755,2022-07-22,ES,1,LS,90,140,3,Sali spp,L,FA,E
YTHEMP-YSH-243244-S4,MON,S,S4,60.05494,-134.61755,2022-07-22,ES,1,MS,120,500,2,Betu gla,L,FA,E
YTHEMP-YSH-243244-S4,MON,S,S4,60.05494,-134.61755,2022-07-22,ES,1,TR,NA,NA,NA,NA,NA,NA,NA
YTHEMP-YSH-243244-S4,MON,S,S4,60.05494,-134.61755,2022-07-22,ES,1,TS,NA,NA,NA,NA,NA,NA,NA
YTHEMP-YSH-243244-S4,MON,S,S4,60.05494,-134.61755,2022-07-22,ES,2,VLS,30,310,2,Betu gla,L,FA,E
YTHEMP-YSH-243244-S4,MON,S,S4,60.05494,-134.61755,2022-07-22,ES,2,LS,60,170,5,Sali spp,L,FA,E
YTHEMP-YSH-243244-S4,MON,S,S4,60.05494,-134.61755,2022-07-22,ES,2,MS,110,600,2,Betu gla,L,FA,E
YTHEMP-YSH-243244-S4,MON,S,S4,60.05494,-134.61755,2022-07-22,ES,2,TR,NA,NA,NA,NA,NA,NA,NA
YTHEMP-YSH-243244-S4,MON,S,S4,60.05494,-134.61755,2022-07-22,ES,2,TS,NA,NA,NA,NA,NA,NA,NA
YTHEMP-YSH-243244-S4,MON,S,S4,60.05494,-134.61755,2022-07-22,NE,1,VLS,30,110,3,Betu gla,L,FA,E
YTHEMP-YSH-243244-S4,MON,S,S4,60.05494,-134.61755,2022-07-22,NE,1,LS,65,290,7,Betu gla,L,FA,E
YTHEMP-YSH-243244-S4,MON,S,S4,60.05494,-134.61755,2022-07-22,NE,1,MS,120,200,1,Abie las,L,FA,M
YTHEMP-YSH-243244-S4,MON,S,S4,60.05494,-134.61755,2022-07-22,NE,1,TS,400,850,1,Abie las,L,FA,E
YTHEMP-YSH-243244-S4,MON,S,S4,60.05494,-134.61755,2022-07-22,NE,1,TR,NA,NA,NA,NA,NA,NA,NA
YTHEMP-YSH-243244-S4,MON,S,S4,60.05494,-134.61755,2022-07-22,NE,2,VLS,25,110,3,Betu gla,L,FA,E
YTHEMP-YSH-243244-S4,MON,S,S4,60.05494,-134.61755,2022-07-22,NE,2,LS,55,310,5,Betu gla,L,FA,E
YTHEMP-YSH-243244-S4,MON,S,S4,60.05494,-134.61755,2022-07-22,NE,2,MS,120,350,1,Abie las,L,FA,M
YTHEMP-YSH-243244-S4,MON,S,S4,60.05494,-134.61755,2022-07-22,NE,2,TS,390,850,1,Abie las,L,FA,E
YTHEMP-YSH-243244-S4,MON,S,S4,60.05494,-134.61755,2022-07-22,NE,2,TR,NA,NA,NA,NA,NA,NA,NA
YTHEMP-YSH-243244-S4,MON,S,S4,60.05494,-134.61755,2022-07-22,SW,1,VLS,20,120,15,Betu gla,L,FA,M
YTHEMP-YSH-243244-S4,MON,S,S4,60.05494,-134.61755,2022-07-22,SW,1,LS,60,70,10,Betu gla,L,FA,E
YTHEMP-YSH-243244-S4,MON,S,S4,60.05494,-134.61755,2022-07-22,SW,1,MS,NA,NA,NA,NA,NA,NA,NA
YTHEMP-YSH-243244-S4,MON,S,S4,60.05494,-134.61755,2022-07-22,SW,1,TR,NA,NA,NA,NA,NA,NA,NA
YTHEMP-YSH-243244-S4,MON,S,S4,60.05494,-134.61755,2022-07-22,SW,1,TS,NA,NA,NA,NA,NA,NA,NA
YTHEMP-YSH-243244-S4,MON,S,S4,60.05494,-134.61755,2022-07-22,SW,2,VLS,30,140,15,Betu gla,L,FA,M
YTHEMP-YSH-243244-S4,MON,S,S4,60.05494,-134.61755,2022-07-22,SW,2,LS,65,110,5,Sali spp,L,FA,E
YTHEMP-YSH-243244-S4,MON,S,S4,60.05494,-134.61755,2022-07-22,SW,2,MS,NA,NA,NA,NA,NA,NA,NA
YTHEMP-YSH-243244-S4,MON,S,S4,60.05494,-134.61755,2022-07-22,SW,2,TR,NA,NA,NA,NA,NA,NA,NA
YTHEMP-YSH-243244-S4,MON,S,S4,60.05494,-134.61755,2022-07-22,SW,2,TS,NA,NA,NA,NA,NA,NA,NA
YTHEMP-YSH-243244-S4,MON,S,S4,60.05494,-134.61755,2022-07-22,WN,1,VLS,20,100,15,Betu gla,L,FA,E
YTHEMP-YSH-243244-S4,MON,S,S4,60.05494,-134.61755,2022-07-22,WN,1,LS,80,80,1,Abie las,L,FA,E
YTHEMP-YSH-243244-S4,MON,S,S4,60.05494,-134.61755,2022-07-22,WN,1,MS,NA,NA,NA,NA,NA,NA,NA
YTHEMP-YSH-243244-S4,MON,S,S4,60.05494,-134.61755,2022-07-22,WN,1,TR,NA,NA,NA,NA,NA,NA,NA
YTHEMP-YSH-243244-S4,MON,S,S4,60.05494,-134.61755,2022-07-22,WN,1,TS,NA,NA,NA,NA,NA,NA,NA
YTHEMP-YSH-243244-S4,MON,S,S4,60.05494,-134.61755,2022-07-22,WN,2,VLS,35,110,15,Betu gla,L,FA,E
YTHEMP-YSH-243244-S4,MON,S,S4,60.05494,-134.61755,2022-07-22,WN,2,LS,75,600,10,Sali spp,L,FA,E
YTHEMP-YSH-243244-S4,MON,S,S4,60.05494,-134.61755,2022-07-22,WN,2,MS,NA,NA,NA,NA,NA,NA,NA
YTHEMP-YSH-243244-S4,MON,S,S4,60.05494,-134.61755,2022-07-22,WN,2,TR,NA,NA,NA,NA,NA,NA,NA
YTHEMP-YSH-243244-S4,MON,S,S4,60.05494,-134.61755,2022-07-22,WN,2,TS,NA,NA,NA,NA,NA,NA,NA
YTHEMP-YSH-243244-S5,MON,S,S5,60.05582,-134.62287,2022-07-22,ES,1,VLS,45,105,15,Sali spp,L,FA,E
YTHEMP-YSH-243244-S5,MON,S,S5,60.05582,-134.62287,2022-07-22,ES,1,LS,NA,NA,NA,NA,NA,NA,NA
YTHEMP-YSH-243244-S5,MON,S,S5,60.05582,-134.62287,2022-07-22,ES,1,MS,NA,NA,NA,NA,NA,NA,NA
YTHEMP-YSH-243244-S5,MON,S,S5,60.05582,-134.62287,2022-07-22,ES,1,TR,NA,NA,NA,NA,NA,NA,NA
YTHEMP-YSH-243244-S5,MON,S,S5,60.05582,-134.62287,2022-07-22,ES,1,TS,NA,NA,NA,NA,NA,NA,NA
YTHEMP-YSH-243244-S5,MON,S,S5,60.05582,-134.62287,2022-07-22,ES,2,VLS,38,110,15,Betu gla,L,FA,E
YTHEMP-YSH-243244-S5,MON,S,S5,60.05582,-134.62287,2022-07-22,ES,2,LS,NA,NA,NA,NA,NA,NA,NA
YTHEMP-YSH-243244-S5,MON,S,S5,60.05582,-134.62287,2022-07-22,ES,2,MS,NA,NA,NA,NA,NA,NA,NA
YTHEMP-YSH-243244-S5,MON,S,S5,60.05582,-134.62287,2022-07-22,ES,2,TR,NA,NA,NA,NA,NA,NA,NA
YTHEMP-YSH-243244-S5,MON,S,S5,60.05582,-134.62287,2022-07-22,ES,2,TS,NA,NA,NA,NA,NA,NA,NA
YTHEMP-YSH-243244-S5,MON,S,S5,60.05582,-134.62287,2022-07-22,NE,1,VLS,39,90,5,Sali spp,L,FA,E
YTHEMP-YSH-243244-S5,MON,S,S5,60.05582,-134.62287,2022-07-22,NE,1,LS,NA,NA,NA,NA,NA,NA,NA
YTHEMP-YSH-243244-S5,MON,S,S5,60.05582,-134.62287,2022-07-22,NE,1,MS,NA,NA,NA,NA,NA,NA,NA
YTHEMP-YSH-243244-S5,MON,S,S5,60.05582,-134.62287,2022-07-22,NE,1,TR,NA,NA,NA,NA,NA,NA,NA
YTHEMP-YSH-243244-S5,MON,S,S5,60.05582,-134.62287,2022-07-22,NE,1,TS,NA,NA,NA,NA,NA,NA,NA
YTHEMP-YSH-243244-S5,MON,S,S5,60.05582,-134.62287,2022-07-22,NE,2,VLS,42,100,2,Betu gla,L,FA,E
YTHEMP-YSH-243244-S5,MON,S,S5,60.05582,-134.62287,2022-07-22,NE,2,LS,NA,NA,NA,NA,NA,NA,NA
YTHEMP-YSH-243244-S5,MON,S,S5,60.05582,-134.62287,2022-07-22,NE,2,MS,NA,NA,NA,NA,NA,NA,NA
YTHEMP-YSH-243244-S5,MON,S,S5,60.05582,-134.62287,2022-07-22,NE,2,TR,NA,NA,NA,NA,NA,NA,NA
YTHEMP-YSH-243244-S5,MON,S,S5,60.05582,-134.62287,2022-07-22,NE,2,TS,NA,NA,NA,NA,NA,NA,NA
YTHEMP-YSH-243244-S5,MON,S,S5,60.05582,-134.62287,2022-07-22,SW,1,VLS,38,130,1,Betu gla,L,FA,E
YTHEMP-YSH-243244-S5,MON,S,S5,60.05582,-134.62287,2022-07-22,SW,1,LS,88,110,2,Sali spp,L,FA,E
YTHEMP-YSH-243244-S5,MON,S,S5,60.05582,-134.62287,2022-07-22,SW,1,MS,NA,NA,NA,NA,NA,NA,NA
YTHEMP-YSH-243244-S5,MON,S,S5,60.05582,-134.62287,2022-07-22,SW,1,TR,NA,NA,NA,NA,NA,NA,NA
YTHEMP-YSH-243244-S5,MON,S,S5,60.05582,-134.62287,2022-07-22,SW,1,TS,NA,NA,NA,NA,NA,NA,NA
YTHEMP-YSH-243244-S5,MON,S,S5,60.05582,-134.62287,2022-07-22,SW,2,VLS,56,140,1,Sali spp,L,FA,E
YTHEMP-YSH-243244-S5,MON,S,S5,60.05582,-134.62287,2022-07-22,SW,2,LS,70,130,3,Sali spp,L,FA,E
YTHEMP-YSH-243244-S5,MON,S,S5,60.05582,-134.62287,2022-07-22,SW,2,MS,NA,NA,NA,NA,NA,NA,NA
YTHEMP-YSH-243244-S5,MON,S,S5,60.05582,-134.62287,2022-07-22,SW,2,TR,NA,NA,NA,NA,NA,NA,NA
YTHEMP-YSH-243244-S5,MON,S,S5,60.05582,-134.62287,2022-07-22,SW,2,TS,NA,NA,NA,NA,NA,NA,NA
YTHEMP-YSH-243244-S5,MON,S,S5,60.05582,-134.62287,2022-07-22,WN,1,VLS,45,100,10,Betu gla,L,FA,E
YTHEMP-YSH-243244-S5,MON,S,S5,60.05582,-134.62287,2022-07-22,WN,1,LS,70,250,3,Sali spp,L,FA,E
YTHEMP-YSH-243244-S5,MON,S,S5,60.05582,-134.62287,2022-07-22,WN,1,MS,110,510,5,Sali spp,L,FA,E
YTHEMP-YSH-243244-S5,MON,S,S5,60.05582,-134.62287,2022-07-22,WN,1,TR,NA,NA,NA,NA,NA,NA,NA
YTHEMP-YSH-243244-S5,MON,S,S5,60.05582,-134.62287,2022-07-22,WN,1,TS,NA,NA,NA,NA,NA,NA,NA
YTHEMP-YSH-243244-S5,MON,S,S5,60.05582,-134.62287,2022-07-22,WN,2,VLS,36,110,10,Betu gla,L,FA,E
YTHEMP-YSH-243244-S5,MON,S,S5,60.05582,-134.62287,2022-07-22,WN,2,LS,75,270,4,Sali spp,L,FA,E
YTHEMP-YSH-243244-S5,MON,S,S5,60.05582,-134.62287,2022-07-22,WN,2,MS,NA,NA,NA,NA,NA,NA,NA
YTHEMP-YSH-243244-S5,MON,S,S5,60.05582,-134.62287,2022-07-22,WN,2,TR,NA,NA,NA,NA,NA,NA,NA
YTHEMP-YSH-243244-S5,MON,S,S5,60.05582,-134.62287,2022-07-22,WN,2,TS,NA,NA,NA,NA,NA,NA,NA
YTHEMP-BMP-242114-D12,MON,S,S7,60.050077,-134.614686,2022-07-22,ES,1,VLS,45,100,10,Sali spp,L,FA,E
YTHEMP-BMP-242114-D12,MON,S,S7,60.050077,-134.614686,2022-07-22,ES,1,LS,80,410,10,Sali spp,L,FA,E
YTHEMP-BMP-242114-D12,MON,S,S7,60.050077,-134.614686,2022-07-22,ES,1,MS,NA,NA,NA,NA,NA,NA,NA
YTHEMP-BMP-242114-D12,MON,S,S7,60.050077,-134.614686,2022-07-22,ES,1,TR,NA,NA,NA,NA,NA,NA,NA
YTHEMP-BMP-242114-D12,MON,S,S7,60.050077,-134.614686,2022-07-22,ES,1,TS,NA,NA,NA,NA,NA,NA,NA
YTHEMP-BMP-242114-D12,MON,S,S7,60.050077,-134.614686,2022-07-22,ES,2,VLS,35,180,5,Sali spp,L,FA,E
YTHEMP-BMP-242114-D12,MON,S,S7,60.050077,-134.614686,2022-07-22,ES,2,LS,75,820,5,Betu gla,L,FA,E
YTHEMP-BMP-242114-D12,MON,S,S7,60.050077,-134.614686,2022-07-22,ES,2,MS,NA,NA,NA,NA,NA,NA,NA
YTHEMP-BMP-242114-D12,MON,S,S7,60.050077,-134.614686,2022-07-22,ES,2,TR,NA,NA,NA,NA,NA,NA,NA
YTHEMP-BMP-242114-D12,MON,S,S7,60.050077,-134.614686,2022-07-22,ES,2,TS,NA,NA,NA,NA,NA,NA,NA
YTHEMP-BMP-242114-D12,MON,S,S7,60.050077,-134.614686,2022-07-22,NE,1,VLS,40,300,5,Sali spp,L,FA,E
YTHEMP-BMP-242114-D12,MON,S,S7,60.050077,-134.614686,2022-07-22,NE,1,LS,80,610,2,Betu gla,L,FA,E
YTHEMP-BMP-242114-D12,MON,S,S7,60.050077,-134.614686,2022-07-22,NE,1,MS,195,250,1,Abie las,L,FA,E
YTHEMP-BMP-242114-D12,MON,S,S7,60.050077,-134.614686,2022-07-22,NE,1,TR,NA,NA,NA,NA,NA,NA,NA
YTHEMP-BMP-242114-D12,MON,S,S7,60.050077,-134.614686,2022-07-22,NE,1,TS,NA,NA,NA,NA,NA,NA,NA
YTHEMP-BMP-242114-D12,MON,S,S7,60.050077,-134.614686,2022-07-22,NE,2,VLS,35,550,5,Sali spp,L,FA,E
YTHEMP-BMP-242114-D12,MON,S,S7,60.050077,-134.614686,2022-07-22,NE,2,LS,85,750,3,Betu gla,L,FA,E
YTHEMP-BMP-242114-D12,MON,S,S7,60.050077,-134.614686,2022-07-22,NE,2,MS,130,550,5,Betu gla,L,FA,E
YTHEMP-BMP-242114-D12,MON,S,S7,60.050077,-134.614686,2022-07-22,NE,2,TR,NA,NA,NA,NA,NA,NA,NA
YTHEMP-BMP-242114-D12,MON,S,S7,60.050077,-134.614686,2022-07-22,NE,2,TS,NA,NA,NA,NA,NA,NA,NA
YTHEMP-BMP-242114-D12,MON,S,S7,60.050077,-134.614686,2022-07-22,SW,1,VLS,17,180,3,Betu gla,L,FA,E
YTHEMP-BMP-242114-D12,MON,S,S7,60.050077,-134.614686,2022-07-22,SW,1,LS,60,590,15,Sali spp,L,FA,E
YTHEMP-BMP-242114-D12,MON,S,S7,60.050077,-134.614686,2022-07-22,SW,1,MS,NA,NA,NA,NA,NA,NA,NA
YTHEMP-BMP-242114-D12,MON,S,S7,60.050077,-134.614686,2022-07-22,SW,1,TR,NA,NA,NA,NA,NA,NA,NA
YTHEMP-BMP-242114-D12,MON,S,S7,60.050077,-134.614686,2022-07-22,SW,1,TS,NA,NA,NA,NA,NA,NA,NA
YTHEMP-BMP-242114-D12,MON,S,S7,60.050077,-134.614686,2022-07-22,SW,2,VLS,30,200,3,Betu gla,L,FA,E
YTHEMP-BMP-242114-D12,MON,S,S7,60.050077,-134.614686,2022-07-22,SW,2,LS,70,750,1,Abie las,L,FA,E
YTHEMP-BMP-242114-D12,MON,S,S7,60.050077,-134.614686,2022-07-22,SW,2,MS,NA,NA,NA,NA,NA,NA,NA
YTHEMP-BMP-242114-D12,MON,S,S7,60.050077,-134.614686,2022-07-22,SW,2,TR,NA,NA,NA,NA,NA,NA,NA
YTHEMP-BMP-242114-D12,MON,S,S7,60.050077,-134.614686,2022-07-22,SW,2,TS,NA,NA,NA,NA,NA,NA,NA
YTHEMP-BMP-242114-D12,MON,S,S7,60.050077,-134.614686,2022-07-22,WN,1,VLS,45,140,20,Sali spp,L,FA,E
YTHEMP-BMP-242114-D12,MON,S,S7,60.050077,-134.614686,2022-07-22,WN,1,LS,75,410,5,Betu gla,L,FA,E
YTHEMP-BMP-242114-D12,MON,S,S7,60.050077,-134.614686,2022-07-22,WN,1,MS,NA,NA,NA,NA,NA,NA,NA
YTHEMP-BMP-242114-D12,MON,S,S7,60.050077,-134.614686,2022-07-22,WN,1,TR,NA,NA,NA,NA,NA,NA,NA
YTHEMP-BMP-242114-D12,MON,S,S7,60.050077,-134.614686,2022-07-22,WN,1,TS,NA,NA,NA,NA,NA,NA,NA
YTHEMP-BMP-242114-D12,MON,S,S7,60.050077,-134.614686,2022-07-22,WN,2,VLS,25,310,5,Betu gla,L,FA,E
YTHEMP-BMP-242114-D12,MON,S,S7,60.050077,-134.614686,2022-07-22,WN,2,LS,80,530,5,Betu gla,L,FA,E
YTHEMP-BMP-242114-D12,MON,S,S7,60.050077,-134.614686,2022-07-22,WN,2,MS,NA,NA,NA,NA,NA,NA,NA
YTHEMP-BMP-242114-D12,MON,S,S7,60.050077,-134.614686,2022-07-22,WN,2,TR,NA,NA,NA,NA,NA,NA,NA
YTHEMP-BMP-242114-D12,MON,S,S7,60.050077,-134.614686,2022-07-22,WN,2,TS,NA,NA,NA,NA,NA,NA,NA
YTHEMP-BMP-242114-D21,MON,S,S8,60.047489,-134.619193,2022-07-22,ES,1,LS,75,50,1,Abie las,L,FA,M
YTHEMP-BMP-242114-D21,MON,S,S8,60.047489,-134.619193,2022-07-22,ES,1,MS,110,510,1,Abie las,L,FA,E
YTHEMP-BMP-242114-D21,MON,S,S8,60.047489,-134.619193,2022-07-22,ES,1,TR,NA,NA,NA,NA,NA,NA,NA
YTHEMP-BMP-242114-D21,MON,S,S8,60.047489,-134.619193,2022-07-22,ES,1,TS,NA,NA,NA,NA,NA,NA,NA
YTHEMP-BMP-242114-D21,MON,S,S8,60.047489,-134.619193,2022-07-22,ES,1,VLS,NA,NA,NA,NA,NA,NA,NA
YTHEMP-BMP-242114-D21,MON,S,S8,60.047489,-134.619193,2022-07-22,ES,2,LS,95,50,1,Abie las,L,FA,M
YTHEMP-BMP-242114-D21,MON,S,S8,60.047489,-134.619193,2022-07-22,ES,2,MS,NA,NA,NA,NA,NA,NA,NA
YTHEMP-BMP-242114-D21,MON,S,S8,60.047489,-134.619193,2022-07-22,ES,2,TR,NA,NA,NA,NA,NA,NA,NA
YTHEMP-BMP-242114-D21,MON,S,S8,60.047489,-134.619193,2022-07-22,ES,2,TS,NA,NA,NA,NA,NA,NA,NA
YTHEMP-BMP-242114-D21,MON,S,S8,60.047489,-134.619193,2022-07-22,ES,2,VLS,NA,NA,NA,NA,NA,NA,NA
YTHEMP-BMP-242114-D21,MON,S,S8,60.047489,-134.619193,2022-07-22,NE,1,LS,70,50,3,Betu gla,L,FA,E
YTHEMP-BMP-242114-D21,MON,S,S8,60.047489,-134.619193,2022-07-22,NE,1,MS,130,90,1,Abie las,L,FA,E
YTHEMP-BMP-242114-D21,MON,S,S8,60.047489,-134.619193,2022-07-22,NE,1,TR,NA,NA,NA,NA,NA,NA,NA
YTHEMP-BMP-242114-D21,MON,S,S8,60.047489,-134.619193,2022-07-22,NE,1,TS,NA,NA,NA,NA,NA,NA,NA
YTHEMP-BMP-242114-D21,MON,S,S8,60.047489,-134.619193,2022-07-22,NE,1,VLS,NA,NA,NA,NA,NA,NA,NA
YTHEMP-BMP-242114-D21,MON,S,S8,60.047489,-134.619193,2022-07-22,NE,2,LS,55,70,1,Abie las,L,FA,M
YTHEMP-BMP-242114-D21,MON,S,S8,60.047489,-134.619193,2022-07-22,NE,2,MS,110,110,1,Abie las,L,FA,E
YTHEMP-BMP-242114-D21,MON,S,S8,60.047489,-134.619193,2022-07-22,NE,2,TR,NA,NA,NA,NA,NA,NA,NA
YTHEMP-BMP-242114-D21,MON,S,S8,60.047489,-134.619193,2022-07-22,NE,2,TS,NA,NA,NA,NA,NA,NA,NA
YTHEMP-BMP-242114-D21,MON,S,S8,60.047489,-134.619193,2022-07-22,NE,2,VLS,NA,NA,NA,NA,NA,NA,NA
YTHEMP-BMP-242114-D21,MON,S,S8,60.047489,-134.619193,2022-07-22,SW,1,LS,75,50,1,Abie las,L,FA,M
YTHEMP-BMP-242114-D21,MON,S,S8,60.047489,-134.619193,2022-07-22,SW,1,MS,NA,NA,NA,NA,NA,NA,NA
YTHEMP-BMP-242114-D21,MON,S,S8,60.047489,-134.619193,2022-07-22,SW,1,TR,NA,NA,NA,NA,NA,NA,NA
YTHEMP-BMP-242114-D21,MON,S,S8,60.047489,-134.619193,2022-07-22,SW,1,TS,NA,NA,NA,NA,NA,NA,NA
YTHEMP-BMP-242114-D21,MON,S,S8,60.047489,-134.619193,2022-07-22,SW,1,VLS,NA,NA,NA,NA,NA,NA,NA
YTHEMP-BMP-242114-D21,MON,S,S8,60.047489,-134.619193,2022-07-22,SW,2,LS,65,50,1,Abie las,L,FA,M
YTHEMP-BMP-242114-D21,MON,S,S8,60.047489,-134.619193,2022-07-22,SW,2,MS,NA,NA,NA,NA,NA,NA,NA
YTHEMP-BMP-242114-D21,MON,S,S8,60.047489,-134.619193,2022-07-22,SW,2,TR,NA,NA,NA,NA,NA,NA,NA
YTHEMP-BMP-242114-D21,MON,S,S8,60.047489,-134.619193,2022-07-22,SW,2,TS,NA,NA,NA,NA,NA,NA,NA
YTHEMP-BMP-242114-D21,MON,S,S8,60.047489,-134.619193,2022-07-22,SW,2,VLS,NA,NA,NA,NA,NA,NA,NA
YTHEMP-BMP-242114-D21,MON,S,S8,60.047489,-134.619193,2022-07-22,WN,1,VLS,45,500,10,Betu gla,L,FA,M
YTHEMP-BMP-242114-D21,MON,S,S8,60.047489,-134.619193,2022-07-22,WN,1,LS,75,50,1,Abie las,L,FA,M
YTHEMP-BMP-242114-D21,MON,S,S8,60.047489,-134.619193,2022-07-22,WN,1,MS,NA,NA,NA,NA,NA,NA,NA
YTHEMP-BMP-242114-D21,MON,S,S8,60.047489,-134.619193,2022-07-22,WN,1,TR,NA,NA,NA,NA,NA,NA,NA
YTHEMP-BMP-242114-D21,MON,S,S8,60.047489,-134.619193,2022-07-22,WN,1,TS,NA,NA,NA,NA,NA,NA,NA
YTHEMP-BMP-242114-D21,MON,S,S8,60.047489,-134.619193,2022-07-22,WN,2,VLS,45,520,10,Betu gla,L,FA,M
YTHEMP-BMP-242114-D21,MON,S,S8,60.047489,-134.619193,2022-07-22,WN,2,LS,65,60,1,Abie las,L,FA,M
YTHEMP-BMP-242114-D21,MON,S,S8,60.047489,-134.619193,2022-07-22,WN,2,MS,NA,NA,NA,NA,NA,NA,NA
YTHEMP-BMP-242114-D21,MON,S,S8,60.047489,-134.619193,2022-07-22,WN,2,TR,NA,NA,NA,NA,NA,NA,NA
YTHEMP-BMP-242114-D21,MON,S,S8,60.047489,-134.619193,2022-07-22,WN,2,TS,NA,NA,NA,NA,NA,NA,NA
YTHEMP-YSH-242678-T1,MON,T,T1,60.04548,-134.65038,2022-07-22,ES,1,LS,65,480,21,Sali spp,L,FA,E
YTHEMP-YSH-242678-T1,MON,T,T1,60.04548,-134.65038,2022-07-22,ES,1,MS,NA,NA,NA,NA,NA,NA,NA
YTHEMP-YSH-242678-T1,MON,T,T1,60.04548,-134.65038,2022-07-22,ES,1,TR,NA,NA,NA,NA,NA,NA,NA
YTHEMP-YSH-242678-T1,MON,T,T1,60.04548,-134.65038,2022-07-22,ES,1,TS,NA,NA,NA,NA,NA,NA,NA
YTHEMP-YSH-242678-T1,MON,T,T1,60.04548,-134.65038,2022-07-22,ES,1,VLS,NA,NA,NA,NA,NA,NA,NA
YTHEMP-YSH-242678-T1,MON,T,T1,60.04548,-134.65038,2022-07-22,ES,2,LS,NA,NA,NA,NA,NA,NA,NA
YTHEMP-YSH-242678-T1,MON,T,T1,60.04548,-134.65038,2022-07-22,ES,2,MS,NA,NA,NA,NA,NA,NA,NA
YTHEMP-YSH-242678-T1,MON,T,T1,60.04548,-134.65038,2022-07-22,ES,2,TR,NA,NA,NA,NA,NA,NA,NA
YTHEMP-YSH-242678-T1,MON,T,T1,60.04548,-134.65038,2022-07-22,ES,2,TS,NA,NA,NA,NA,NA,NA,NA
YTHEMP-YSH-242678-T1,MON,T,T1,60.04548,-134.65038,2022-07-22,ES,2,VLS,NA,NA,NA,NA,NA,NA,NA
YTHEMP-YSH-242678-T1,MON,T,T1,60.04548,-134.65038,2022-07-22,NE,1,VLS,32,800,80,Sali spp,L,FA,M
YTHEMP-YSH-242678-T1,MON,T,T1,60.04548,-134.65038,2022-07-22,NE,1,LS,NA,NA,NA,NA,NA,NA,NA
YTHEMP-YSH-242678-T1,MON,T,T1,60.04548,-134.65038,2022-07-22,NE,1,MS,NA,NA,NA,NA,NA,NA,NA
YTHEMP-YSH-242678-T1,MON,T,T1,60.04548,-134.65038,2022-07-22,NE,1,TR,NA,NA,NA,NA,NA,NA,NA
YTHEMP-YSH-242678-T1,MON,T,T1,60.04548,-134.65038,2022-07-22,NE,1,TS,NA,NA,NA,NA,NA,NA,NA
YTHEMP-YSH-242678-T1,MON,T,T1,60.04548,-134.65038,2022-07-22,NE,2,LS,NA,NA,NA,NA,NA,NA,NA
YTHEMP-YSH-242678-T1,MON,T,T1,60.04548,-134.65038,2022-07-22,NE,2,MS,NA,NA,NA,NA,NA,NA,NA
YTHEMP-YSH-242678-T1,MON,T,T1,60.04548,-134.65038,2022-07-22,NE,2,TR,NA,NA,NA,NA,NA,NA,NA
YTHEMP-YSH-242678-T1,MON,T,T1,60.04548,-134.65038,2022-07-22,NE,2,TS,NA,NA,NA,NA,NA,NA,NA
YTHEMP-YSH-242678-T1,MON,T,T1,60.04548,-134.65038,2022-07-22,NE,2,VLS,NA,NA,NA,NA,NA,NA,NA
YTHEMP-YSH-242678-T1,MON,T,T1,60.04548,-134.65038,2022-07-22,SW,1,LS,NA,NA,NA,NA,NA,NA,NA
YTHEMP-YSH-242678-T1,MON,T,T1,60.04548,-134.65038,2022-07-22,SW,1,MS,NA,NA,NA,NA,NA,NA,NA
YTHEMP-YSH-242678-T1,MON,T,T1,60.04548,-134.65038,2022-07-22,SW,1,TR,NA,NA,NA,NA,NA,NA,NA
YTHEMP-YSH-242678-T1,MON,T,T1,60.04548,-134.65038,2022-07-22,SW,1,TS,NA,NA,NA,NA,NA,NA,NA
YTHEMP-YSH-242678-T1,MON,T,T1,60.04548,-134.65038,2022-07-22,SW,1,VLS,NA,NA,NA,NA,NA,NA,NA
YTHEMP-YSH-242678-T1,MON,T,T1,60.04548,-134.65038,2022-07-22,SW,2,LS,NA,NA,NA,NA,NA,NA,NA
YTHEMP-YSH-242678-T1,MON,T,T1,60.04548,-134.65038,2022-07-22,SW,2,MS,NA,NA,NA,NA,NA,NA,NA
YTHEMP-YSH-242678-T1,MON,T,T1,60.04548,-134.65038,2022-07-22,SW,2,TR,NA,NA,NA,NA,NA,NA,NA
YTHEMP-YSH-242678-T1,MON,T,T1,60.04548,-134.65038,2022-07-22,SW,2,TS,NA,NA,NA,NA,NA,NA,NA
YTHEMP-YSH-242678-T1,MON,T,T1,60.04548,-134.65038,2022-07-22,SW,2,VLS,NA,NA,NA,NA,NA,NA,NA
YTHEMP-YSH-242678-T1,MON,T,T1,60.04548,-134.65038,2022-07-22,WN,1,VLS,16,900,13,Sali spp,L,FA,M
YTHEMP-YSH-242678-T1,MON,T,T1,60.04548,-134.65038,2022-07-22,WN,1,LS,NA,NA,NA,NA,NA,NA,NA
YTHEMP-YSH-242678-T1,MON,T,T1,60.04548,-134.65038,2022-07-22,WN,1,MS,NA,NA,NA,NA,NA,NA,NA
YTHEMP-YSH-242678-T1,MON,T,T1,60.04548,-134.65038,2022-07-22,WN,1,TR,NA,NA,NA,NA,NA,NA,NA
YTHEMP-YSH-242678-T1,MON,T,T1,60.04548,-134.65038,2022-07-22,WN,1,TS,NA,NA,NA,NA,NA,NA,NA
YTHEMP-YSH-242678-T1,MON,T,T1,60.04548,-134.65038,2022-07-22,WN,2,LS,NA,NA,NA,NA,NA,NA,NA
YTHEMP-YSH-242678-T1,MON,T,T1,60.04548,-134.65038,2022-07-22,WN,2,MS,NA,NA,NA,NA,NA,NA,NA
YTHEMP-YSH-242678-T1,MON,T,T1,60.04548,-134.65038,2022-07-22,WN,2,TR,NA,NA,NA,NA,NA,NA,NA
YTHEMP-YSH-242678-T1,MON,T,T1,60.04548,-134.65038,2022-07-22,WN,2,TS,NA,NA,NA,NA,NA,NA,NA
YTHEMP-YSH-242678-T1,MON,T,T1,60.04548,-134.65038,2022-07-22,WN,2,VLS,NA,NA,NA,NA,NA,NA,NA
YTHEMP-YSH-242678-T2,MON,T,T2,60.0456,-134.65589,2022-07-22,ES,1,LS,NA,NA,NA,NA,NA,NA,NA
YTHEMP-YSH-242678-T2,MON,T,T2,60.0456,-134.65589,2022-07-22,ES,1,MS,NA,NA,NA,NA,NA,NA,NA
YTHEMP-YSH-242678-T2,MON,T,T2,60.0456,-134.65589,2022-07-22,ES,1,TR,NA,NA,NA,NA,NA,NA,NA
YTHEMP-YSH-242678-T2,MON,T,T2,60.0456,-134.65589,2022-07-22,ES,1,TS,NA,NA,NA,NA,NA,NA,NA
YTHEMP-YSH-242678-T2,MON,T,T2,60.0456,-134.65589,2022-07-22,ES,1,VLS,NA,NA,NA,NA,NA,NA,NA
YTHEMP-YSH-242678-T2,MON,T,T2,60.0456,-134.65589,2022-07-22,ES,2,LS,NA,NA,NA,NA,NA,NA,NA
YTHEMP-YSH-242678-T2,MON,T,T2,60.0456,-134.65589,2022-07-22,ES,2,MS,NA,NA,NA,NA,NA,NA,NA
YTHEMP-YSH-242678-T2,MON,T,T2,60.0456,-134.65589,2022-07-22,ES,2,TR,NA,NA,NA,NA,NA,NA,NA
YTHEMP-YSH-242678-T2,MON,T,T2,60.0456,-134.65589,2022-07-22,ES,2,TS,NA,NA,NA,NA,NA,NA,NA
YTHEMP-YSH-242678-T2,MON,T,T2,60.0456,-134.65589,2022-07-22,ES,2,VLS,NA,NA,NA,NA,NA,NA,NA
YTHEMP-YSH-242678-T2,MON,T,T2,60.0456,-134.65589,2022-07-22,NE,1,LS,NA,NA,NA,NA,NA,NA,NA
YTHEMP-YSH-242678-T2,MON,T,T2,60.0456,-134.65589,2022-07-22,NE,1,MS,NA,NA,NA,NA,NA,NA,NA
YTHEMP-YSH-242678-T2,MON,T,T2,60.0456,-134.65589,2022-07-22,NE,1,TR,NA,NA,NA,NA,NA,NA,NA
YTHEMP-YSH-242678-T2,MON,T,T2,60.0456,-134.65589,2022-07-22,NE,1,TS,NA,NA,NA,NA,NA,NA,NA
YTHEMP-YSH-242678-T2,MON,T,T2,60.0456,-134.65589,2022-07-22,NE,1,VLS,NA,NA,NA,NA,NA,NA,NA
YTHEMP-YSH-242678-T2,MON,T,T2,60.0456,-134.65589,2022-07-22,NE,2,LS,NA,NA,NA,NA,NA,NA,NA
YTHEMP-YSH-242678-T2,MON,T,T2,60.0456,-134.65589,2022-07-22,NE,2,MS,NA,NA,NA,NA,NA,NA,NA
YTHEMP-YSH-242678-T2,MON,T,T2,60.0456,-134.65589,2022-07-22,NE,2,TR,NA,NA,NA,NA,NA,NA,NA
YTHEMP-YSH-242678-T2,MON,T,T2,60.0456,-134.65589,2022-07-22,NE,2,TS,NA,NA,NA,NA,NA,NA,NA
YTHEMP-YSH-242678-T2,MON,T,T2,60.0456,-134.65589,2022-07-22,NE,2,VLS,NA,NA,NA,NA,NA,NA,NA
YTHEMP-YSH-242678-T2,MON,T,T2,60.0456,-134.65589,2022-07-22,SW,1,LS,NA,NA,NA,NA,NA,NA,NA
YTHEMP-YSH-242678-T2,MON,T,T2,60.0456,-134.65589,2022-07-22,SW,1,MS,NA,NA,NA,NA,NA,NA,NA
YTHEMP-YSH-242678-T2,MON,T,T2,60.0456,-134.65589,2022-07-22,SW,1,TR,NA,NA,NA,NA,NA,NA,NA
YTHEMP-YSH-242678-T2,MON,T,T2,60.0456,-134.65589,2022-07-22,SW,1,TS,NA,NA,NA,NA,NA,NA,NA
YTHEMP-YSH-242678-T2,MON,T,T2,60.0456,-134.65589,2022-07-22,SW,1,VLS,NA,NA,NA,NA,NA,NA,NA
YTHEMP-YSH-242678-T2,MON,T,T2,60.0456,-134.65589,2022-07-22,SW,2,LS,NA,NA,NA,NA,NA,NA,NA
YTHEMP-YSH-242678-T2,MON,T,T2,60.0456,-134.65589,2022-07-22,SW,2,MS,NA,NA,NA,NA,NA,NA,NA
YTHEMP-YSH-242678-T2,MON,T,T2,60.0456,-134.65589,2022-07-22,SW,2,TR,NA,NA,NA,NA,NA,NA,NA
YTHEMP-YSH-242678-T2,MON,T,T2,60.0456,-134.65589,2022-07-22,SW,2,TS,NA,NA,NA,NA,NA,NA,NA
YTHEMP-YSH-242678-T2,MON,T,T2,60.0456,-134.65589,2022-07-22,SW,2,VLS,NA,NA,NA,NA,NA,NA,NA
YTHEMP-YSH-242678-T2,MON,T,T2,60.0456,-134.65589,2022-07-22,WN,1,VLS,17,240,9,Sali spp,L,FA,M
YTHEMP-YSH-242678-T2,MON,T,T2,60.0456,-134.65589,2022-07-22,WN,1,LS,NA,NA,NA,NA,NA,NA,NA
YTHEMP-YSH-242678-T2,MON,T,T2,60.0456,-134.65589,2022-07-22,WN,1,MS,NA,NA,NA,NA,NA,NA,NA
YTHEMP-YSH-242678-T2,MON,T,T2,60.0456,-134.65589,2022-07-22,WN,1,TR,NA,NA,NA,NA,NA,NA,NA
YTHEMP-YSH-242678-T2,MON,T,T2,60.0456,-134.65589,2022-07-22,WN,1,TS,NA,NA,NA,NA,NA,NA,NA
YTHEMP-YSH-242678-T2,MON,T,T2,60.0456,-134.65589,2022-07-22,WN,2,LS,NA,NA,NA,NA,NA,NA,NA
YTHEMP-YSH-242678-T2,MON,T,T2,60.0456,-134.65589,2022-07-22,WN,2,MS,NA,NA,NA,NA,NA,NA,NA
YTHEMP-YSH-242678-T2,MON,T,T2,60.0456,-134.65589,2022-07-22,WN,2,TR,NA,NA,NA,NA,NA,NA,NA
YTHEMP-YSH-242678-T2,MON,T,T2,60.0456,-134.65589,2022-07-22,WN,2,TS,NA,NA,NA,NA,NA,NA,NA
YTHEMP-YSH-242678-T2,MON,T,T2,60.0456,-134.65589,2022-07-22,WN,2,VLS,NA,NA,NA,NA,NA,NA,NA
YTHEMP-BMP-242114-T3,MON,T,T3,60.04538,-134.63919,2022-07-22,ES,1,VLS,45,85,1,Sali spp,L,FA,E
YTHEMP-BMP-242114-T3,MON,T,T3,60.04538,-134.63919,2022-07-22,ES,1,LS,60,10,5,Sali spp,L,FA,M
YTHEMP-BMP-242114-T3,MON,T,T3,60.04538,-134.63919,2022-07-22,ES,1,MS,NA,NA,NA,NA,NA,NA,NA
YTHEMP-BMP-242114-T3,MON,T,T3,60.04538,-134.63919,2022-07-22,ES,1,TR,NA,NA,NA,NA,NA,NA,NA
YTHEMP-BMP-242114-T3,MON,T,T3,60.04538,-134.63919,2022-07-22,ES,1,TS,NA,NA,NA,NA,NA,NA,NA
YTHEMP-BMP-242114-T3,MON,T,T3,60.04538,-134.63919,2022-07-22,ES,2,VLS,45,100,5,Sali spp,L,FA,E
YTHEMP-BMP-242114-T3,MON,T,T3,60.04538,-134.63919,2022-07-22,ES,2,LS,60,210,10,Betu gla,L,FA,M
YTHEMP-BMP-242114-T3,MON,T,T3,60.04538,-134.63919,2022-07-22,ES,2,MS,NA,NA,NA,NA,NA,NA,NA
YTHEMP-BMP-242114-T3,MON,T,T3,60.04538,-134.63919,2022-07-22,ES,2,TR,NA,NA,NA,NA,NA,NA,NA
YTHEMP-BMP-242114-T3,MON,T,T3,60.04538,-134.63919,2022-07-22,ES,2,TS,NA,NA,NA,NA,NA,NA,NA
YTHEMP-BMP-242114-T3,MON,T,T3,60.04538,-134.63919,2022-07-22,NE,1,VLS,20,180,1,Betu gla,L,FA,M
YTHEMP-BMP-242114-T3,MON,T,T3,60.04538,-134.63919,2022-07-22,NE,1,LS,65,30,4,Sali spp,L,FA,E
YTHEMP-BMP-242114-T3,MON,T,T3,60.04538,-134.63919,2022-07-22,NE,1,MS,135,830,5,Abie las,L,FA,E
YTHEMP-BMP-242114-T3,MON,T,T3,60.04538,-134.63919,2022-07-22,NE,1,TR,NA,NA,NA,NA,NA,NA,NA
YTHEMP-BMP-242114-T3,MON,T,T3,60.04538,-134.63919,2022-07-22,NE,1,TS,NA,NA,NA,NA,NA,NA,NA
YTHEMP-BMP-242114-T3,MON,T,T3,60.04538,-134.63919,2022-07-22,NE,2,VLS,50,230,3,Sali spp,L,FA,M
YTHEMP-BMP-242114-T3,MON,T,T3,60.04538,-134.63919,2022-07-22,NE,2,LS,65,115,6,Sali spp,L,FA,E
YTHEMP-BMP-242114-T3,MON,T,T3,60.04538,-134.63919,2022-07-22,NE,2,MS,101,890,1,Sali spp,L,FA,E
YTHEMP-BMP-242114-T3,MON,T,T3,60.04538,-134.63919,2022-07-22,NE,2,TR,NA,NA,NA,NA,NA,NA,NA
YTHEMP-BMP-242114-T3,MON,T,T3,60.04538,-134.63919,2022-07-22,NE,2,TS,NA,NA,NA,NA,NA,NA,NA
YTHEMP-BMP-242114-T3,MON,T,T3,60.04538,-134.63919,2022-07-22,SW,1,VLS,25,70,1,Betu gla,L,FA,M
YTHEMP-BMP-242114-T3,MON,T,T3,60.04538,-134.63919,2022-07-22,SW,1,LS,65,360,18,Betu gla,L,FA,M
YTHEMP-BMP-242114-T3,MON,T,T3,60.04538,-134.63919,2022-07-22,SW,1,MS,105,925,31,Sali spp,L,FA,E
YTHEMP-BMP-242114-T3,MON,T,T3,60.04538,-134.63919,2022-07-22,SW,1,TR,NA,NA,NA,NA,NA,NA,NA
YTHEMP-BMP-242114-T3,MON,T,T3,60.04538,-134.63919,2022-07-22,SW,1,TS,NA,NA,NA,NA,NA,NA,NA
YTHEMP-BMP-242114-T3,MON,T,T3,60.04538,-134.63919,2022-07-22,SW,2,VLS,35,120,6,Betu gla,L,FA,M
YTHEMP-BMP-242114-T3,MON,T,T3,60.04538,-134.63919,2022-07-22,SW,2,LS,55,400,8,Sali spp,L,FA,E
YTHEMP-BMP-242114-T3,MON,T,T3,60.04538,-134.63919,2022-07-22,SW,2,MS,NA,NA,NA,NA,NA,NA,NA
YTHEMP-BMP-242114-T3,MON,T,T3,60.04538,-134.63919,2022-07-22,SW,2,TR,NA,NA,NA,NA,NA,NA,NA
YTHEMP-BMP-242114-T3,MON,T,T3,60.04538,-134.63919,2022-07-22,SW,2,TS,NA,NA,NA,NA,NA,NA,NA
YTHEMP-BMP-242114-T3,MON,T,T3,60.04538,-134.63919,2022-07-22,WN,1,VLS,40,280,9,Sali spp,L,FA,M
YTHEMP-BMP-242114-T3,MON,T,T3,60.04538,-134.63919,2022-07-22,WN,1,LS,50,410,7,Sali spp,L,FA,E
YTHEMP-BMP-242114-T3,MON,T,T3,60.04538,-134.63919,2022-07-22,WN,1,MS,NA,NA,NA,NA,NA,NA,NA
YTHEMP-BMP-242114-T3,MON,T,T3,60.04538,-134.63919,2022-07-22,WN,1,TR,NA,NA,NA,NA,NA,NA,NA
YTHEMP-BMP-242114-T3,MON,T,T3,60.04538,-134.63919,2022-07-22,WN,1,TS,NA,NA,NA,NA,NA,NA,NA
YTHEMP-BMP-242114-T3,MON,T,T3,60.04538,-134.63919,2022-07-22,WN,2,VLS,25,345,2,Betu gla,L,FA,M
YTHEMP-BMP-242114-T3,MON,T,T3,60.04538,-134.63919,2022-07-22,WN,2,LS,NA,NA,NA,NA,NA,NA,NA
YTHEMP-BMP-242114-T3,MON,T,T3,60.04538,-134.63919,2022-07-22,WN,2,MS,NA,NA,NA,NA,NA,NA,NA
YTHEMP-BMP-242114-T3,MON,T,T3,60.04538,-134.63919,2022-07-22,WN,2,TR,NA,NA,NA,NA,NA,NA,NA
YTHEMP-BMP-242114-T3,MON,T,T3,60.04538,-134.63919,2022-07-22,WN,2,TS,NA,NA,NA,NA,NA,NA,NA
YTHEMP-YSH-242678-T4,MON,T,T4,60.045,-134.64493,2022-07-22,ES,1,VLS,31,790,17,Betu gla,L,FA,M
YTHEMP-YSH-242678-T4,MON,T,T4,60.045,-134.64493,2022-07-22,ES,1,LS,80,80,5,Sali spp,L,FA,E
YTHEMP-YSH-242678-T4,MON,T,T4,60.045,-134.64493,2022-07-22,ES,1,MS,NA,NA,NA,NA,NA,NA,NA
YTHEMP-YSH-242678-T4,MON,T,T4,60.045,-134.64493,2022-07-22,ES,1,TR,NA,NA,NA,NA,NA,NA,NA
YTHEMP-YSH-242678-T4,MON,T,T4,60.045,-134.64493,2022-07-22,ES,1,TS,NA,NA,NA,NA,NA,NA,NA
YTHEMP-YSH-242678-T4,MON,T,T4,60.045,-134.64493,2022-07-22,ES,2,VLS,15,940,5,Betu gla,L,FA,M
YTHEMP-YSH-242678-T4,MON,T,T4,60.045,-134.64493,2022-07-22,ES,2,LS,82,970,2,Betu gla,L,FA,E
YTHEMP-YSH-242678-T4,MON,T,T4,60.045,-134.64493,2022-07-22,ES,2,MS,NA,NA,NA,NA,NA,NA,NA
YTHEMP-YSH-242678-T4,MON,T,T4,60.045,-134.64493,2022-07-22,ES,2,TR,NA,NA,NA,NA,NA,NA,NA
YTHEMP-YSH-242678-T4,MON,T,T4,60.045,-134.64493,2022-07-22,ES,2,TS,NA,NA,NA,NA,NA,NA,NA
YTHEMP-YSH-242678-T4,MON,T,T4,60.045,-134.64493,2022-07-22,NE,1,VLS,21,78,1,Abie las,L,FA,E
YTHEMP-YSH-242678-T4,MON,T,T4,60.045,-134.64493,2022-07-22,NE,1,MS,115,840,2,Abie las,L,FA,E
YTHEMP-YSH-242678-T4,MON,T,T4,60.045,-134.64493,2022-07-22,NE,1,LS,NA,NA,NA,NA,NA,NA,NA
YTHEMP-YSH-242678-T4,MON,T,T4,60.045,-134.64493,2022-07-22,NE,1,TR,NA,NA,NA,NA,NA,NA,NA
YTHEMP-YSH-242678-T4,MON,T,T4,60.045,-134.64493,2022-07-22,NE,1,TS,NA,NA,NA,NA,NA,NA,NA
YTHEMP-YSH-242678-T4,MON,T,T4,60.045,-134.64493,2022-07-22,NE,2,VLS,30,860,10,Betu gla,L,FA,M
YTHEMP-YSH-242678-T4,MON,T,T4,60.045,-134.64493,2022-07-22,NE,2,LS,NA,NA,NA,NA,NA,NA,NA
YTHEMP-YSH-242678-T4,MON,T,T4,60.045,-134.64493,2022-07-22,NE,2,MS,NA,NA,NA,NA,NA,NA,NA
YTHEMP-YSH-242678-T4,MON,T,T4,60.045,-134.64493,2022-07-22,NE,2,TR,NA,NA,NA,NA,NA,NA,NA
YTHEMP-YSH-242678-T4,MON,T,T4,60.045,-134.64493,2022-07-22,NE,2,TS,NA,NA,NA,NA,NA,NA,NA
YTHEMP-YSH-242678-T4,MON,T,T4,60.045,-134.64493,2022-07-22,SW,1,VLS,35,165,18,Betu gla,L,FA,M
YTHEMP-YSH-242678-T4,MON,T,T4,60.045,-134.64493,2022-07-22,SW,1,LS,55,275,16,Betu gla,L,FA,E
YTHEMP-YSH-242678-T4,MON,T,T4,60.045,-134.64493,2022-07-22,SW,1,MS,NA,NA,NA,NA,NA,NA,NA
YTHEMP-YSH-242678-T4,MON,T,T4,60.045,-134.64493,2022-07-22,SW,1,TR,NA,NA,NA,NA,NA,NA,NA
YTHEMP-YSH-242678-T4,MON,T,T4,60.045,-134.64493,2022-07-22,SW,1,TS,NA,NA,NA,NA,NA,NA,NA
YTHEMP-YSH-242678-T4,MON,T,T4,60.045,-134.64493,2022-07-22,SW,2,VLS,40,220,8,Betu gla,L,FA,M
YTHEMP-YSH-242678-T4,MON,T,T4,60.045,-134.64493,2022-07-22,SW,2,LS,65,330,11,Betu gla,L,FA,E
YTHEMP-YSH-242678-T4,MON,T,T4,60.045,-134.64493,2022-07-22,SW,2,MS,NA,NA,NA,NA,NA,NA,NA
YTHEMP-YSH-242678-T4,MON,T,T4,60.045,-134.64493,2022-07-22,SW,2,TR,NA,NA,NA,NA,NA,NA,NA
YTHEMP-YSH-242678-T4,MON,T,T4,60.045,-134.64493,2022-07-22,SW,2,TS,NA,NA,NA,NA,NA,NA,NA
YTHEMP-YSH-242678-T4,MON,T,T4,60.045,-134.64493,2022-07-22,WN,1,VLS,35,45,8,Betu gla,L,FA,M
YTHEMP-YSH-242678-T4,MON,T,T4,60.045,-134.64493,2022-07-22,WN,1,LS,65,20,7,Sali spp,L,FA,M
YTHEMP-YSH-242678-T4,MON,T,T4,60.045,-134.64493,2022-07-22,WN,1,MS,NA,NA,NA,NA,NA,NA,NA
YTHEMP-YSH-242678-T4,MON,T,T4,60.045,-134.64493,2022-07-22,WN,1,TR,NA,NA,NA,NA,NA,NA,NA
YTHEMP-YSH-242678-T4,MON,T,T4,60.045,-134.64493,2022-07-22,WN,1,TS,NA,NA,NA,NA,NA,NA,NA
YTHEMP-YSH-242678-T4,MON,T,T4,60.045,-134.64493,2022-07-22,WN,2,VLS,40,140,4,Betu gla,L,FA,M
YTHEMP-YSH-242678-T4,MON,T,T4,60.045,-134.64493,2022-07-22,WN,2,LS,60,240,4,Betu gla,L,FA,E
YTHEMP-YSH-242678-T4,MON,T,T4,60.045,-134.64493,2022-07-22,WN,2,MS,NA,NA,NA,NA,NA,NA,NA
YTHEMP-YSH-242678-T4,MON,T,T4,60.045,-134.64493,2022-07-22,WN,2,TR,NA,NA,NA,NA,NA,NA,NA
YTHEMP-YSH-242678-T4,MON,T,T4,60.045,-134.64493,2022-07-22,WN,2,TS,NA,NA,NA,NA,NA,NA,NA
YTHEMP-BMP-242114-D11,MON,T,T5,60.047263,-134.635717,2022-07-22,ES,1,VLS,25,60,1,Sali spp,L,FA,M
YTHEMP-BMP-242114-D11,MON,T,T5,60.047263,-134.635717,2022-07-22,ES,1,LS,65,70,2,Betu gla,L,FA,E
YTHEMP-BMP-242114-D11,MON,T,T5,60.047263,-134.635717,2022-07-22,ES,1,MS,NA,NA,NA,NA,NA,NA,NA
YTHEMP-BMP-242114-D11,MON,T,T5,60.047263,-134.635717,2022-07-22,ES,1,TR,NA,NA,NA,NA,NA,NA,NA
YTHEMP-BMP-242114-D11,MON,T,T5,60.047263,-134.635717,2022-07-22,ES,1,TS,NA,NA,NA,NA,NA,NA,NA
YTHEMP-BMP-242114-D11,MON,T,T5,60.047263,-134.635717,2022-07-22,ES,2,VLS,45,115,5,Betu gla,L,FA,E
YTHEMP-BMP-242114-D11,MON,T,T5,60.047263,-134.635717,2022-07-22,ES,2,LS,85,315,14,Sali spp,L,FA,E
YTHEMP-BMP-242114-D11,MON,T,T5,60.047263,-134.635717,2022-07-22,ES,2,MS,NA,NA,NA,NA,NA,NA,NA
YTHEMP-BMP-242114-D11,MON,T,T5,60.047263,-134.635717,2022-07-22,ES,2,TR,NA,NA,NA,NA,NA,NA,NA
YTHEMP-BMP-242114-D11,MON,T,T5,60.047263,-134.635717,2022-07-22,ES,2,TS,NA,NA,NA,NA,NA,NA,NA
YTHEMP-BMP-242114-D11,MON,T,T5,60.047263,-134.635717,2022-07-22,NE,1,VLS,40,30,4,Betu gla,L,FA,E
YTHEMP-BMP-242114-D11,MON,T,T5,60.047263,-134.635717,2022-07-22,NE,1,LS,50,320,2,Sali spp,L,FA,E
YTHEMP-BMP-242114-D11,MON,T,T5,60.047263,-134.635717,2022-07-22,NE,1,MS,NA,NA,NA,NA,NA,NA,NA
YTHEMP-BMP-242114-D11,MON,T,T5,60.047263,-134.635717,2022-07-22,NE,1,TR,NA,NA,NA,NA,NA,NA,NA
YTHEMP-BMP-242114-D11,MON,T,T5,60.047263,-134.635717,2022-07-22,NE,1,TS,NA,NA,NA,NA,NA,NA,NA
YTHEMP-BMP-242114-D11,MON,T,T5,60.047263,-134.635717,2022-07-22,NE,2,VLS,45,30,3,Betu gla,L,FA,E
YTHEMP-BMP-242114-D11,MON,T,T5,60.047263,-134.635717,2022-07-22,NE,2,LS,50,370,3,Sali spp,L,FA,E
YTHEMP-BMP-242114-D11,MON,T,T5,60.047263,-134.635717,2022-07-22,NE,2,MS,NA,NA,NA,NA,NA,NA,NA
YTHEMP-BMP-242114-D11,MON,T,T5,60.047263,-134.635717,2022-07-22,NE,2,TR,NA,NA,NA,NA,NA,NA,NA
YTHEMP-BMP-242114-D11,MON,T,T5,60.047263,-134.635717,2022-07-22,NE,2,TS,NA,NA,NA,NA,NA,NA,NA
YTHEMP-BMP-242114-D11,MON,T,T5,60.047263,-134.635717,2022-07-22,SW,1,VLS,45,75,4,Betu gla,L,FA,E
YTHEMP-BMP-242114-D11,MON,T,T5,60.047263,-134.635717,2022-07-22,SW,1,LS,55,105,1,Sali spp,L,FA,E
YTHEMP-BMP-242114-D11,MON,T,T5,60.047263,-134.635717,2022-07-22,SW,1,MS,NA,NA,NA,NA,NA,NA,NA
YTHEMP-BMP-242114-D11,MON,T,T5,60.047263,-134.635717,2022-07-22,SW,1,TR,NA,NA,NA,NA,NA,NA,NA
YTHEMP-BMP-242114-D11,MON,T,T5,60.047263,-134.635717,2022-07-22,SW,1,TS,NA,NA,NA,NA,NA,NA,NA
YTHEMP-BMP-242114-D11,MON,T,T5,60.047263,-134.635717,2022-07-22,SW,2,VLS,25,100,1,Sali spp,L,FA,E
YTHEMP-BMP-242114-D11,MON,T,T5,60.047263,-134.635717,2022-07-22,SW,2,LS,50,110,5,Betu gla,L,FA,E
YTHEMP-BMP-242114-D11,MON,T,T5,60.047263,-134.635717,2022-07-22,SW,2,MS,NA,NA,NA,NA,NA,NA,NA
YTHEMP-BMP-242114-D11,MON,T,T5,60.047263,-134.635717,2022-07-22,SW,2,TR,NA,NA,NA,NA,NA,NA,NA
YTHEMP-BMP-242114-D11,MON,T,T5,60.047263,-134.635717,2022-07-22,SW,2,TS,NA,NA,NA,NA,NA,NA,NA
YTHEMP-BMP-242114-D11,MON,T,T5,60.047263,-134.635717,2022-07-22,WN,1,VLS,40,50,4,Betu gla,L,FA,M
YTHEMP-BMP-242114-D11,MON,T,T5,60.047263,-134.635717,2022-07-22,WN,1,LS,55,50,2,Betu gla,L,FA,E
YTHEMP-BMP-242114-D11,MON,T,T5,60.047263,-134.635717,2022-07-22,WN,1,MS,NA,NA,NA,NA,NA,NA,NA
YTHEMP-BMP-242114-D11,MON,T,T5,60.047263,-134.635717,2022-07-22,WN,1,TR,NA,NA,NA,NA,NA,NA,NA
YTHEMP-BMP-242114-D11,MON,T,T5,60.047263,-134.635717,2022-07-22,WN,1,TS,NA,NA,NA,NA,NA,NA,NA
YTHEMP-BMP-242114-D11,MON,T,T5,60.047263,-134.635717,2022-07-22,WN,2,VLS,45,80,2,Sali spp,L,FA,E
YTHEMP-BMP-242114-D11,MON,T,T5,60.047263,-134.635717,2022-07-22,WN,2,LS,50,110,1,Sali spp,L,FA,E
YTHEMP-BMP-242114-D11,MON,T,T5,60.047263,-134.635717,2022-07-22,WN,2,MS,NA,NA,NA,NA,NA,NA,NA
YTHEMP-BMP-242114-D11,MON,T,T5,60.047263,-134.635717,2022-07-22,WN,2,TR,NA,NA,NA,NA,NA,NA,NA
YTHEMP-BMP-242114-D11,MON,T,T5,60.047263,-134.635717,2022-07-22,WN,2,TS,NA,NA,NA,NA,NA,NA,NA
YTHEMP-RUR-265140-S2,ROC,S,S2,60.44803,-137.096038,2022-07-27,ES,1,LS,NA,NA,NA,NA,NA,NA,NA
YTHEMP-RUR-265140-S2,ROC,S,S2,60.44803,-137.096038,2022-07-27,ES,1,MS,NA,NA,NA,NA,NA,NA,NA
YTHEMP-RUR-265140-S2,ROC,S,S2,60.44803,-137.096038,2022-07-27,ES,1,TR,NA,NA,NA,NA,NA,NA,NA
YTHEMP-RUR-265140-S2,ROC,S,S2,60.44803,-137.096038,2022-07-27,ES,1,TS,NA,NA,NA,NA,NA,NA,NA
YTHEMP-RUR-265140-S2,ROC,S,S2,60.44803,-137.096038,2022-07-27,ES,1,VLS,NA,NA,NA,NA,NA,NA,NA
YTHEMP-RUR-265140-S2,ROC,S,S2,60.44803,-137.096038,2022-07-27,ES,2,LS,NA,NA,NA,NA,NA,NA,NA
YTHEMP-RUR-265140-S2,ROC,S,S2,60.44803,-137.096038,2022-07-27,ES,2,MS,NA,NA,NA,NA,NA,NA,NA
YTHEMP-RUR-265140-S2,ROC,S,S2,60.44803,-137.096038,2022-07-27,ES,2,TR,NA,NA,NA,NA,NA,NA,NA
YTHEMP-RUR-265140-S2,ROC,S,S2,60.44803,-137.096038,2022-07-27,ES,2,TS,NA,NA,NA,NA,NA,NA,NA
YTHEMP-RUR-265140-S2,ROC,S,S2,60.44803,-137.096038,2022-07-27,ES,2,VLS,NA,NA,NA,NA,NA,NA,NA
YTHEMP-RUR-265140-S2,ROC,S,S2,60.44803,-137.096038,2022-07-27,NE,1,LS,NA,NA,NA,NA,NA,NA,NA
YTHEMP-RUR-265140-S2,ROC,S,S2,60.44803,-137.096038,2022-07-27,NE,1,MS,NA,NA,NA,NA,NA,NA,NA
YTHEMP-RUR-265140-S2,ROC,S,S2,60.44803,-137.096038,2022-07-27,NE,1,TR,NA,NA,NA,NA,NA,NA,NA
YTHEMP-RUR-265140-S2,ROC,S,S2,60.44803,-137.096038,2022-07-27,NE,1,TS,NA,NA,NA,NA,NA,NA,NA
YTHEMP-RUR-265140-S2,ROC,S,S2,60.44803,-137.096038,2022-07-27,NE,1,VLS,NA,NA,NA,NA,NA,NA,NA
YTHEMP-RUR-265140-S2,ROC,S,S2,60.44803,-137.096038,2022-07-27,NE,2,LS,NA,NA,NA,NA,NA,NA,NA
YTHEMP-RUR-265140-S2,ROC,S,S2,60.44803,-137.096038,2022-07-27,NE,2,MS,NA,NA,NA,NA,NA,NA,NA
YTHEMP-RUR-265140-S2,ROC,S,S2,60.44803,-137.096038,2022-07-27,NE,2,TR,NA,NA,NA,NA,NA,NA,NA
YTHEMP-RUR-265140-S2,ROC,S,S2,60.44803,-137.096038,2022-07-27,NE,2,TS,NA,NA,NA,NA,NA,NA,NA
YTHEMP-RUR-265140-S2,ROC,S,S2,60.44803,-137.096038,2022-07-27,NE,2,VLS,NA,NA,NA,NA,NA,NA,NA
YTHEMP-RUR-265140-S2,ROC,S,S2,60.44803,-137.096038,2022-07-27,SW,1,LS,NA,NA,NA,NA,NA,NA,NA
YTHEMP-RUR-265140-S2,ROC,S,S2,60.44803,-137.096038,2022-07-27,SW,1,MS,NA,NA,NA,NA,NA,NA,NA
YTHEMP-RUR-265140-S2,ROC,S,S2,60.44803,-137.096038,2022-07-27,SW,1,TR,NA,NA,NA,NA,NA,NA,NA
YTHEMP-RUR-265140-S2,ROC,S,S2,60.44803,-137.096038,2022-07-27,SW,1,TS,NA,NA,NA,NA,NA,NA,NA
YTHEMP-RUR-265140-S2,ROC,S,S2,60.44803,-137.096038,2022-07-27,SW,1,VLS,NA,NA,NA,NA,NA,NA,NA
YTHEMP-RUR-265140-S2,ROC,S,S2,60.44803,-137.096038,2022-07-27,SW,2,LS,NA,NA,NA,NA,NA,NA,NA
YTHEMP-RUR-265140-S2,ROC,S,S2,60.44803,-137.096038,2022-07-27,SW,2,MS,NA,NA,NA,NA,NA,NA,NA
YTHEMP-RUR-265140-S2,ROC,S,S2,60.44803,-137.096038,2022-07-27,SW,2,TR,NA,NA,NA,NA,NA,NA,NA
YTHEMP-RUR-265140-S2,ROC,S,S2,60.44803,-137.096038,2022-07-27,SW,2,TS,NA,NA,NA,NA,NA,NA,NA
YTHEMP-RUR-265140-S2,ROC,S,S2,60.44803,-137.096038,2022-07-27,SW,2,VLS,NA,NA,NA,NA,NA,NA,NA
YTHEMP-RUR-265140-S2,ROC,S,S2,60.44803,-137.096038,2022-07-27,WN,1,LS,NA,NA,NA,NA,NA,NA,NA
YTHEMP-RUR-265140-S2,ROC,S,S2,60.44803,-137.096038,2022-07-27,WN,1,MS,NA,NA,NA,NA,NA,NA,NA
YTHEMP-RUR-265140-S2,ROC,S,S2,60.44803,-137.096038,2022-07-27,WN,1,TR,NA,NA,NA,NA,NA,NA,NA
YTHEMP-RUR-265140-S2,ROC,S,S2,60.44803,-137.096038,2022-07-27,WN,1,TS,NA,NA,NA,NA,NA,NA,NA
YTHEMP-RUR-265140-S2,ROC,S,S2,60.44803,-137.096038,2022-07-27,WN,1,VLS,NA,NA,NA,NA,NA,NA,NA
YTHEMP-RUR-265140-S2,ROC,S,S2,60.44803,-137.096038,2022-07-27,WN,2,LS,NA,NA,NA,NA,NA,NA,NA
YTHEMP-RUR-265140-S2,ROC,S,S2,60.44803,-137.096038,2022-07-27,WN,2,MS,NA,NA,NA,NA,NA,NA,NA
YTHEMP-RUR-265140-S2,ROC,S,S2,60.44803,-137.096038,2022-07-27,WN,2,TR,NA,NA,NA,NA,NA,NA,NA
YTHEMP-RUR-265140-S2,ROC,S,S2,60.44803,-137.096038,2022-07-27,WN,2,TS,NA,NA,NA,NA,NA,NA,NA
YTHEMP-RUR-265140-S2,ROC,S,S2,60.44803,-137.096038,2022-07-27,WN,2,VLS,NA,NA,NA,NA,NA,NA,NA
YTHEMP-RUR-265140-S3,ROC,S,S3,60.44586,-137.09141,2022-07-27,ES,1,VLS,36,42,3,Betu gla,L,FA,E
YTHEMP-RUR-265140-S3,ROC,S,S3,60.44586,-137.09141,2022-07-27,ES,1,LS,95,36,7,Sali spp,L,FA,E
YTHEMP-RUR-265140-S3,ROC,S,S3,60.44586,-137.09141,2022-07-27,ES,1,MS,NA,NA,NA,NA,NA,NA,NA
YTHEMP-RUR-265140-S3,ROC,S,S3,60.44586,-137.09141,2022-07-27,ES,1,TR,NA,NA,NA,NA,NA,NA,NA
YTHEMP-RUR-265140-S3,ROC,S,S3,60.44586,-137.09141,2022-07-27,ES,1,TS,NA,NA,NA,NA,NA,NA,NA
YTHEMP-RUR-265140-S3,ROC,S,S3,60.44586,-137.09141,2022-07-27,ES,2,VLS,19,58,5,Vacc uli,L,FP,E
YTHEMP-RUR-265140-S3,ROC,S,S3,60.44586,-137.09141,2022-07-27,ES,2,LS,NA,NA,NA,NA,NA,NA,NA
YTHEMP-RUR-265140-S3,ROC,S,S3,60.44586,-137.09141,2022-07-27,ES,2,MS,NA,NA,NA,NA,NA,NA,NA
YTHEMP-RUR-265140-S3,ROC,S,S3,60.44586,-137.09141,2022-07-27,ES,2,TR,NA,NA,NA,NA,NA,NA,NA
YTHEMP-RUR-265140-S3,ROC,S,S3,60.44586,-137.09141,2022-07-27,ES,2,TS,NA,NA,NA,NA,NA,NA,NA
YTHEMP-RUR-265140-S3,ROC,S,S3,60.44586,-137.09141,2022-07-27,NE,1,VLS,16,47,3,Vacc uli,L,FP,E
YTHEMP-RUR-265140-S3,ROC,S,S3,60.44586,-137.09141,2022-07-27,NE,1,LS,59,138,5,Betu gla,L,FA,E
YTHEMP-RUR-265140-S3,ROC,S,S3,60.44586,-137.09141,2022-07-27,NE,1,MS,NA,NA,NA,NA,NA,NA,NA
YTHEMP-RUR-265140-S3,ROC,S,S3,60.44586,-137.09141,2022-07-27,NE,1,TR,NA,NA,NA,NA,NA,NA,NA
YTHEMP-RUR-265140-S3,ROC,S,S3,60.44586,-137.09141,2022-07-27,NE,1,TS,NA,NA,NA,NA,NA,NA,NA
YTHEMP-RUR-265140-S3,ROC,S,S3,60.44586,-137.09141,2022-07-27,NE,2,VLS,40,95,12,Betu gla,L,FA,E
YTHEMP-RUR-265140-S3,ROC,S,S3,60.44586,-137.09141,2022-07-27,NE,2,LS,51,176,6,Betu gla,L,FA,E
YTHEMP-RUR-265140-S3,ROC,S,S3,60.44586,-137.09141,2022-07-27,NE,2,MS,NA,NA,NA,NA,NA,NA,NA
YTHEMP-RUR-265140-S3,ROC,S,S3,60.44586,-137.09141,2022-07-27,NE,2,TR,NA,NA,NA,NA,NA,NA,NA
YTHEMP-RUR-265140-S3,ROC,S,S3,60.44586,-137.09141,2022-07-27,NE,2,TS,NA,NA,NA,NA,NA,NA,NA
YTHEMP-RUR-265140-S3,ROC,S,S3,60.44586,-137.09141,2022-07-27,SW,1,VLS,18,127,7,Vacc uli,L,FP,E
YTHEMP-RUR-265140-S3,ROC,S,S3,60.44586,-137.09141,2022-07-27,SW,1,LS,87,94,9,Sali spp,L,FA,E
YTHEMP-RUR-265140-S3,ROC,S,S3,60.44586,-137.09141,2022-07-27,SW,1,MS,NA,NA,NA,NA,NA,NA,NA
YTHEMP-RUR-265140-S3,ROC,S,S3,60.44586,-137.09141,2022-07-27,SW,1,TR,NA,NA,NA,NA,NA,NA,NA
YTHEMP-RUR-265140-S3,ROC,S,S3,60.44586,-137.09141,2022-07-27,SW,1,TS,NA,NA,NA,NA,NA,NA,NA
YTHEMP-RUR-265140-S3,ROC,S,S3,60.44586,-137.09141,2022-07-27,SW,2,VLS,17,133,9,Vacc uli,L,FP,E
YTHEMP-RUR-265140-S3,ROC,S,S3,60.44586,-137.09141,2022-07-27,SW,2,LS,68,983,6,Sali spp,L,FA,E
YTHEMP-RUR-265140-S3,ROC,S,S3,60.44586,-137.09141,2022-07-27,SW,2,MS,NA,NA,NA,NA,NA,NA,NA
YTHEMP-RUR-265140-S3,ROC,S,S3,60.44586,-137.09141,2022-07-27,SW,2,TR,NA,NA,NA,NA,NA,NA,NA
YTHEMP-RUR-265140-S3,ROC,S,S3,60.44586,-137.09141,2022-07-27,SW,2,TS,NA,NA,NA,NA,NA,NA,NA
YTHEMP-RUR-265140-S3,ROC,S,S3,60.44586,-137.09141,2022-07-27,WN,1,VLS,17,46,4,Vacc uli,L,FP,E
YTHEMP-RUR-265140-S3,ROC,S,S3,60.44586,-137.09141,2022-07-27,WN,1,LS,61,575,9,Sali spp,L,FA,E
YTHEMP-RUR-265140-S3,ROC,S,S3,60.44586,-137.09141,2022-07-27,WN,1,MS,NA,NA,NA,NA,NA,NA,NA
YTHEMP-RUR-265140-S3,ROC,S,S3,60.44586,-137.09141,2022-07-27,WN,1,TR,NA,NA,NA,NA,NA,NA,NA
YTHEMP-RUR-265140-S3,ROC,S,S3,60.44586,-137.09141,2022-07-27,WN,1,TS,NA,NA,NA,NA,NA,NA,NA
YTHEMP-RUR-265140-S3,ROC,S,S3,60.44586,-137.09141,2022-07-27,WN,2,VLS,27,53,5,Betu gla,L,FA,E
YTHEMP-RUR-265140-S3,ROC,S,S3,60.44586,-137.09141,2022-07-27,WN,2,LS,96,685,12,Sali spp,L,FA,E
YTHEMP-RUR-265140-S3,ROC,S,S3,60.44586,-137.09141,2022-07-27,WN,2,MS,NA,NA,NA,NA,NA,NA,NA
YTHEMP-RUR-265140-S3,ROC,S,S3,60.44586,-137.09141,2022-07-27,WN,2,TR,NA,NA,NA,NA,NA,NA,NA
YTHEMP-RUR-265140-S3,ROC,S,S3,60.44586,-137.09141,2022-07-27,WN,2,TS,NA,NA,NA,NA,NA,NA,NA
YTHEMP-RUR-265140-S5,ROC,S,S5,60.44871,-137.09059,2022-07-27,ES,1,LS,95,100,6,Sali spp,L,FA,E
YTHEMP-RUR-265140-S5,ROC,S,S5,60.44871,-137.09059,2022-07-27,ES,1,MS,NA,NA,NA,NA,NA,NA,NA
YTHEMP-RUR-265140-S5,ROC,S,S5,60.44871,-137.09059,2022-07-27,ES,1,TR,NA,NA,NA,NA,NA,NA,NA
YTHEMP-RUR-265140-S5,ROC,S,S5,60.44871,-137.09059,2022-07-27,ES,1,TS,NA,NA,NA,NA,NA,NA,NA
YTHEMP-RUR-265140-S5,ROC,S,S5,60.44871,-137.09059,2022-07-27,ES,1,VLS,NA,NA,NA,NA,NA,NA,NA
YTHEMP-RUR-265140-S5,ROC,S,S5,60.44871,-137.09059,2022-07-27,ES,2,LS,NA,NA,NA,NA,NA,NA,NA
YTHEMP-RUR-265140-S5,ROC,S,S5,60.44871,-137.09059,2022-07-27,ES,2,MS,NA,NA,NA,NA,NA,NA,NA
YTHEMP-RUR-265140-S5,ROC,S,S5,60.44871,-137.09059,2022-07-27,ES,2,TR,NA,NA,NA,NA,NA,NA,NA
YTHEMP-RUR-265140-S5,ROC,S,S5,60.44871,-137.09059,2022-07-27,ES,2,TS,NA,NA,NA,NA,NA,NA,NA
YTHEMP-RUR-265140-S5,ROC,S,S5,60.44871,-137.09059,2022-07-27,ES,2,VLS,NA,NA,NA,NA,NA,NA,NA
YTHEMP-RUR-265140-S5,ROC,S,S5,60.44871,-137.09059,2022-07-27,NE,1,LS,NA,NA,NA,NA,NA,NA,NA
YTHEMP-RUR-265140-S5,ROC,S,S5,60.44871,-137.09059,2022-07-27,NE,1,MS,NA,NA,NA,NA,NA,NA,NA
YTHEMP-RUR-265140-S5,ROC,S,S5,60.44871,-137.09059,2022-07-27,NE,1,TR,NA,NA,NA,NA,NA,NA,NA
YTHEMP-RUR-265140-S5,ROC,S,S5,60.44871,-137.09059,2022-07-27,NE,1,TS,NA,NA,NA,NA,NA,NA,NA
YTHEMP-RUR-265140-S5,ROC,S,S5,60.44871,-137.09059,2022-07-27,NE,1,VLS,NA,NA,NA,NA,NA,NA,NA
YTHEMP-RUR-265140-S5,ROC,S,S5,60.44871,-137.09059,2022-07-27,NE,2,LS,NA,NA,NA,NA,NA,NA,NA
YTHEMP-RUR-265140-S5,ROC,S,S5,60.44871,-137.09059,2022-07-27,NE,2,MS,NA,NA,NA,NA,NA,NA,NA
YTHEMP-RUR-265140-S5,ROC,S,S5,60.44871,-137.09059,2022-07-27,NE,2,TR,NA,NA,NA,NA,NA,NA,NA
YTHEMP-RUR-265140-S5,ROC,S,S5,60.44871,-137.09059,2022-07-27,NE,2,TS,NA,NA,NA,NA,NA,NA,NA
YTHEMP-RUR-265140-S5,ROC,S,S5,60.44871,-137.09059,2022-07-27,NE,2,VLS,NA,NA,NA,NA,NA,NA,NA
YTHEMP-RUR-265140-S5,ROC,S,S5,60.44871,-137.09059,2022-07-27,SW,1,VLS,37,331,6,Sali spp,L,FA,E
YTHEMP-RUR-265140-S5,ROC,S,S5,60.44871,-137.09059,2022-07-27,SW,1,LS,76,512,10,Sali spp,L,FA,E
YTHEMP-RUR-265140-S5,ROC,S,S5,60.44871,-137.09059,2022-07-27,SW,1,MS,NA,NA,NA,NA,NA,NA,NA
YTHEMP-RUR-265140-S5,ROC,S,S5,60.44871,-137.09059,2022-07-27,SW,1,TR,NA,NA,NA,NA,NA,NA,NA
YTHEMP-RUR-265140-S5,ROC,S,S5,60.44871,-137.09059,2022-07-27,SW,1,TS,NA,NA,NA,NA,NA,NA,NA
YTHEMP-RUR-265140-S5,ROC,S,S5,60.44871,-137.09059,2022-07-27,SW,2,VLS,17,339,1,Sali spp,L,FA,E
YTHEMP-RUR-265140-S5,ROC,S,S5,60.44871,-137.09059,2022-07-27,SW,2,LS,56,648,7,Sali spp,L,FA,E
YTHEMP-RUR-265140-S5,ROC,S,S5,60.44871,-137.09059,2022-07-27,SW,2,MS,NA,NA,NA,NA,NA,NA,NA
YTHEMP-RUR-265140-S5,ROC,S,S5,60.44871,-137.09059,2022-07-27,SW,2,TR,NA,NA,NA,NA,NA,NA,NA
YTHEMP-RUR-265140-S5,ROC,S,S5,60.44871,-137.09059,2022-07-27,SW,2,TS,NA,NA,NA,NA,NA,NA,NA
YTHEMP-RUR-265140-S5,ROC,S,S5,60.44871,-137.09059,2022-07-27,WN,1,VLS,35,311,4,Sali spp,L,FA,E
YTHEMP-RUR-265140-S5,ROC,S,S5,60.44871,-137.09059,2022-07-27,WN,1,LS,62,500,10,Sali spp,L,FA,E
YTHEMP-RUR-265140-S5,ROC,S,S5,60.44871,-137.09059,2022-07-27,WN,1,MS,112,392,7,Sali spp,L,FA,E
YTHEMP-RUR-265140-S5,ROC,S,S5,60.44871,-137.09059,2022-07-27,WN,1,TR,NA,NA,NA,NA,NA,NA,NA
YTHEMP-RUR-265140-S5,ROC,S,S5,60.44871,-137.09059,2022-07-27,WN,1,TS,NA,NA,NA,NA,NA,NA,NA
YTHEMP-RUR-265140-S5,ROC,S,S5,60.44871,-137.09059,2022-07-27,WN,2,VLS,41,320,2,Sali spp,L,FA,E
YTHEMP-RUR-265140-S5,ROC,S,S5,60.44871,-137.09059,2022-07-27,WN,2,LS,87,588,12,Sali spp,L,FA,E
YTHEMP-RUR-265140-S5,ROC,S,S5,60.44871,-137.09059,2022-07-27,WN,2,MS,NA,NA,NA,NA,NA,NA,NA
YTHEMP-RUR-265140-S5,ROC,S,S5,60.44871,-137.09059,2022-07-27,WN,2,TR,NA,NA,NA,NA,NA,NA,NA
YTHEMP-RUR-265140-S5,ROC,S,S5,60.44871,-137.09059,2022-07-27,WN,2,TS,NA,NA,NA,NA,NA,NA,NA
YTHEMP-RUR-265140-S6,ROC,S,S6,60.45008,-137.08592,2022-07-27,ES,1,VLS,17,90,30,Juni com,L,FP,M
YTHEMP-RUR-265140-S6,ROC,S,S6,60.45008,-137.08592,2022-07-27,ES,1,LS,54,720,3,Sali spp,L,FA,E
YTHEMP-RUR-265140-S6,ROC,S,S6,60.45008,-137.08592,2022-07-27,ES,1,MS,103,190,3,Sali spp,L,FA,E
YTHEMP-RUR-265140-S6,ROC,S,S6,60.45008,-137.08592,2022-07-27,ES,1,TR,NA,NA,NA,NA,NA,NA,NA
YTHEMP-RUR-265140-S6,ROC,S,S6,60.45008,-137.08592,2022-07-27,ES,1,TS,NA,NA,NA,NA,NA,NA,NA
YTHEMP-RUR-265140-S6,ROC,S,S6,60.45008,-137.08592,2022-07-27,ES,2,VLS,26,639,4,Sali spp,L,FA,E
YTHEMP-RUR-265140-S6,ROC,S,S6,60.45008,-137.08592,2022-07-27,ES,2,LS,85,762,3,Sali spp,L,FA,E
YTHEMP-RUR-265140-S6,ROC,S,S6,60.45008,-137.08592,2022-07-27,ES,2,MS,101,952,2,Sali spp,L,FA,E
YTHEMP-RUR-265140-S6,ROC,S,S6,60.45008,-137.08592,2022-07-27,ES,2,TR,NA,NA,NA,NA,NA,NA,NA
YTHEMP-RUR-265140-S6,ROC,S,S6,60.45008,-137.08592,2022-07-27,ES,2,TS,NA,NA,NA,NA,NA,NA,NA
YTHEMP-RUR-265140-S6,ROC,S,S6,60.45008,-137.08592,2022-07-27,NE,1,VLS,16,285,1,Sali spp,L,FA,E
YTHEMP-RUR-265140-S6,ROC,S,S6,60.45008,-137.08592,2022-07-27,NE,1,LS,55,787,3,Sali spp,L,FA,E
YTHEMP-RUR-265140-S6,ROC,S,S6,60.45008,-137.08592,2022-07-27,NE,1,MS,NA,NA,NA,NA,NA,NA,NA
YTHEMP-RUR-265140-S6,ROC,S,S6,60.45008,-137.08592,2022-07-27,NE,1,TR,NA,NA,NA,NA,NA,NA,NA
YTHEMP-RUR-265140-S6,ROC,S,S6,60.45008,-137.08592,2022-07-27,NE,1,TS,NA,NA,NA,NA,NA,NA,NA
YTHEMP-RUR-265140-S6,ROC,S,S6,60.45008,-137.08592,2022-07-27,NE,2,VLS,17,775,20,Juni com,L,FP,M
YTHEMP-RUR-265140-S6,ROC,S,S6,60.45008,-137.08592,2022-07-27,NE,2,LS,NA,NA,NA,NA,NA,NA,NA
YTHEMP-RUR-265140-S6,ROC,S,S6,60.45008,-137.08592,2022-07-27,NE,2,MS,NA,NA,NA,NA,NA,NA,NA
YTHEMP-RUR-265140-S6,ROC,S,S6,60.45008,-137.08592,2022-07-27,NE,2,TR,NA,NA,NA,NA,NA,NA,NA
YTHEMP-RUR-265140-S6,ROC,S,S6,60.45008,-137.08592,2022-07-27,NE,2,TS,NA,NA,NA,NA,NA,NA,NA
YTHEMP-RUR-265140-S6,ROC,S,S6,60.45008,-137.08592,2022-07-27,SW,1,VLS,23,280,1,Sali spp,L,FA,E
YTHEMP-RUR-265140-S6,ROC,S,S6,60.45008,-137.08592,2022-07-27,SW,1,LS,51,121,4,Sali spp,L,FA,E
YTHEMP-RUR-265140-S6,ROC,S,S6,60.45008,-137.08592,2022-07-27,SW,1,MS,119,180,6,Sali spp,L,FA,E
YTHEMP-RUR-265140-S6,ROC,S,S6,60.45008,-137.08592,2022-07-27,SW,1,TR,NA,NA,NA,NA,NA,NA,NA
YTHEMP-RUR-265140-S6,ROC,S,S6,60.45008,-137.08592,2022-07-27,SW,1,TS,NA,NA,NA,NA,NA,NA,NA
YTHEMP-RUR-265140-S6,ROC,S,S6,60.45008,-137.08592,2022-07-27,SW,2,MS,120,300,7,Sali spp,L,FA,E
YTHEMP-RUR-265140-S6,ROC,S,S6,60.45008,-137.08592,2022-07-27,SW,2,LS,NA,NA,NA,NA,NA,NA,NA
YTHEMP-RUR-265140-S6,ROC,S,S6,60.45008,-137.08592,2022-07-27,SW,2,TR,NA,NA,NA,NA,NA,NA,NA
YTHEMP-RUR-265140-S6,ROC,S,S6,60.45008,-137.08592,2022-07-27,SW,2,TS,NA,NA,NA,NA,NA,NA,NA
YTHEMP-RUR-265140-S6,ROC,S,S6,60.45008,-137.08592,2022-07-27,SW,2,VLS,NA,NA,NA,NA,NA,NA,NA
YTHEMP-RUR-265140-S6,ROC,S,S6,60.45008,-137.08592,2022-07-27,WN,1,VLS,19,497,10,Juni com,L,FP,M
YTHEMP-RUR-265140-S6,ROC,S,S6,60.45008,-137.08592,2022-07-27,WN,1,LS,NA,NA,NA,NA,NA,NA,NA
YTHEMP-RUR-265140-S6,ROC,S,S6,60.45008,-137.08592,2022-07-27,WN,1,MS,NA,NA,NA,NA,NA,NA,NA
YTHEMP-RUR-265140-S6,ROC,S,S6,60.45008,-137.08592,2022-07-27,WN,1,TR,NA,NA,NA,NA,NA,NA,NA
YTHEMP-RUR-265140-S6,ROC,S,S6,60.45008,-137.08592,2022-07-27,WN,1,TS,NA,NA,NA,NA,NA,NA,NA
YTHEMP-RUR-265140-S6,ROC,S,S6,60.45008,-137.08592,2022-07-27,WN,2,VLS,15,650,3,Juni com,L,FP,M
YTHEMP-RUR-265140-S6,ROC,S,S6,60.45008,-137.08592,2022-07-27,WN,2,LS,NA,NA,NA,NA,NA,NA,NA
YTHEMP-RUR-265140-S6,ROC,S,S6,60.45008,-137.08592,2022-07-27,WN,2,MS,NA,NA,NA,NA,NA,NA,NA
YTHEMP-RUR-265140-S6,ROC,S,S6,60.45008,-137.08592,2022-07-27,WN,2,TR,NA,NA,NA,NA,NA,NA,NA
YTHEMP-RUR-265140-S6,ROC,S,S6,60.45008,-137.08592,2022-07-27,WN,2,TS,NA,NA,NA,NA,NA,NA,NA
YTHEMP-RUR-265140-S4A,ROC,S,S7,60.447143,-137.085535,2022-07-27,ES,1,VLS,15,102,6,Vacc vit,L,FP,E
YTHEMP-RUR-265140-S4A,ROC,S,S7,60.447143,-137.085535,2022-07-27,ES,1,LS,77,108,3,Betu gla,L,FA,E
YTHEMP-RUR-265140-S4A,ROC,S,S7,60.447143,-137.085535,2022-07-27,ES,1,MS,120,153,3,Pice gla,L,FA,E
YTHEMP-RUR-265140-S4A,ROC,S,S7,60.447143,-137.085535,2022-07-27,ES,1,TS,510,130,1,Pice gla,L,FA,E
YTHEMP-RUR-265140-S4A,ROC,S,S7,60.447143,-137.085535,2022-07-27,ES,1,TR,NA,NA,NA,NA,NA,NA,NA
YTHEMP-RUR-265140-S4A,ROC,S,S7,60.447143,-137.085535,2022-07-27,ES,2,VLS,18,150,7,Vacc vit,L,FP,E
YTHEMP-RUR-265140-S4A,ROC,S,S7,60.447143,-137.085535,2022-07-27,ES,2,LS,76,180,3,Sali spp,L,FA,E
YTHEMP-RUR-265140-S4A,ROC,S,S7,60.447143,-137.085535,2022-07-27,ES,2,MS,130,290,4,Betu gla,L,FA,E
YTHEMP-RUR-265140-S4A,ROC,S,S7,60.447143,-137.085535,2022-07-27,ES,2,TR,NA,NA,NA,NA,NA,NA,NA
YTHEMP-RUR-265140-S4A,ROC,S,S7,60.447143,-137.085535,2022-07-27,ES,2,TS,NA,NA,NA,NA,NA,NA,NA
YTHEMP-RUR-265140-S4A,ROC,S,S7,60.447143,-137.085535,2022-07-27,NE,1,VLS,21,168,7,Empe nig,L,FP,E
YTHEMP-RUR-265140-S4A,ROC,S,S7,60.447143,-137.085535,2022-07-27,NE,1,LS,70,177,6,Betu gla,L,FA,E
YTHEMP-RUR-265140-S4A,ROC,S,S7,60.447143,-137.085535,2022-07-27,NE,1,MS,135,155,7,Sali spp,L,FA,E
YTHEMP-RUR-265140-S4A,ROC,S,S7,60.447143,-137.085535,2022-07-27,NE,1,TS,206,357,1,Pice gla,L,FA,E
YTHEMP-RUR-265140-S4A,ROC,S,S7,60.447143,-137.085535,2022-07-27,NE,1,TR,NA,NA,NA,NA,NA,NA,NA
YTHEMP-RUR-265140-S4A,ROC,S,S7,60.447143,-137.085535,2022-07-27,NE,2,VLS,23,188,3,Vacc uli,L,FP,E
YTHEMP-RUR-265140-S4A,ROC,S,S7,60.447143,-137.085535,2022-07-27,NE,2,LS,51,229,1,Sali spp,L,FA,E
YTHEMP-RUR-265140-S4A,ROC,S,S7,60.447143,-137.085535,2022-07-27,NE,2,MS,122,210,3,Sali spp,L,FA,E
YTHEMP-RUR-265140-S4A,ROC,S,S7,60.447143,-137.085535,2022-07-27,NE,2,TR,NA,NA,NA,NA,NA,NA,NA
YTHEMP-RUR-265140-S4A,ROC,S,S7,60.447143,-137.085535,2022-07-27,NE,2,TS,NA,NA,NA,NA,NA,NA,NA
YTHEMP-RUR-265140-S4A,ROC,S,S7,60.447143,-137.085535,2022-07-27,SW,1,VLS,19,385,7,Vacc uli,L,FP,E
YTHEMP-RUR-265140-S4A,ROC,S,S7,60.447143,-137.085535,2022-07-27,SW,1,LS,74,54,2,Betu gla,L,FA,E
YTHEMP-RUR-265140-S4A,ROC,S,S7,60.447143,-137.085535,2022-07-27,SW,1,MS,106,56,11,Pice gla,L,FA,M
YTHEMP-RUR-265140-S4A,ROC,S,S7,60.447143,-137.085535,2022-07-27,SW,1,TR,NA,NA,NA,NA,NA,NA,NA
YTHEMP-RUR-265140-S4A,ROC,S,S7,60.447143,-137.085535,2022-07-27,SW,1,TS,NA,NA,NA,NA,NA,NA,NA
YTHEMP-RUR-265140-S4A,ROC,S,S7,60.447143,-137.085535,2022-07-27,SW,2,VLS,19,430,10,Vacc uli,L,FP,E
YTHEMP-RUR-265140-S4A,ROC,S,S7,60.447143,-137.085535,2022-07-27,SW,2,LS,57,108,4,Betu gla,L,FA,E
YTHEMP-RUR-265140-S4A,ROC,S,S7,60.447143,-137.085535,2022-07-27,SW,2,MS,153,165,1,Pice gla,L,FA,E
YTHEMP-RUR-265140-S4A,ROC,S,S7,60.447143,-137.085535,2022-07-27,SW,2,TR,NA,NA,NA,NA,NA,NA,NA
YTHEMP-RUR-265140-S4A,ROC,S,S7,60.447143,-137.085535,2022-07-27,SW,2,TS,NA,NA,NA,NA,NA,NA,NA
YTHEMP-RUR-265140-S4A,ROC,S,S7,60.447143,-137.085535,2022-07-27,WN,1,VLS,21,136,5,Vacc uli,L,FP,E
YTHEMP-RUR-265140-S4A,ROC,S,S7,60.447143,-137.085535,2022-07-27,WN,1,LS,56,133,6,Pice gla,L,FA,M
YTHEMP-RUR-265140-S4A,ROC,S,S7,60.447143,-137.085535,2022-07-27,WN,1,MS,112,363,4,Sali spp,NA,NA,NA
YTHEMP-RUR-265140-S4A,ROC,S,S7,60.447143,-137.085535,2022-07-27,WN,1,TR,NA,NA,NA,NA,NA,NA,NA
YTHEMP-RUR-265140-S4A,ROC,S,S7,60.447143,-137.085535,2022-07-27,WN,1,TS,NA,NA,NA,NA,NA,NA,NA
YTHEMP-RUR-265140-S4A,ROC,S,S7,60.447143,-137.085535,2022-07-27,WN,2,VLS,46,148,4,Betu gla,L,FA,E
YTHEMP-RUR-265140-S4A,ROC,S,S7,60.447143,-137.085535,2022-07-27,WN,2,LS,61,200,6,Betu gla,L,FA,E
YTHEMP-RUR-265140-S4A,ROC,S,S7,60.447143,-137.085535,2022-07-27,WN,2,MS,109,385,10,Sali spp,L,FA,E
YTHEMP-RUR-265140-S4A,ROC,S,S7,60.447143,-137.085535,2022-07-27,WN,2,TR,NA,NA,NA,NA,NA,NA,NA
YTHEMP-RUR-265140-S4A,ROC,S,S7,60.447143,-137.085535,2022-07-27,WN,2,TS,NA,NA,NA,NA,NA,NA,NA
YTHEMP-RUR-265140-T1,ROC,T,T1,60.44474,-137.09647,2022-07-27,ES,1,VLS,30,340,5,Popu bal,L,FA,E
YTHEMP-RUR-265140-T1,ROC,T,T1,60.44474,-137.09647,2022-07-27,ES,1,LS,NA,NA,NA,NA,NA,NA,NA
YTHEMP-RUR-265140-T1,ROC,T,T1,60.44474,-137.09647,2022-07-27,ES,1,MS,NA,NA,NA,NA,NA,NA,NA
YTHEMP-RUR-265140-T1,ROC,T,T1,60.44474,-137.09647,2022-07-27,ES,1,TR,NA,NA,NA,NA,NA,NA,NA
YTHEMP-RUR-265140-T1,ROC,T,T1,60.44474,-137.09647,2022-07-27,ES,1,TS,NA,NA,NA,NA,NA,NA,NA
YTHEMP-RUR-265140-T1,ROC,T,T1,60.44474,-137.09647,2022-07-27,ES,2,LS,NA,NA,NA,NA,NA,NA,NA
YTHEMP-RUR-265140-T1,ROC,T,T1,60.44474,-137.09647,2022-07-27,ES,2,MS,NA,NA,NA,NA,NA,NA,NA
YTHEMP-RUR-265140-T1,ROC,T,T1,60.44474,-137.09647,2022-07-27,ES,2,TR,NA,NA,NA,NA,NA,NA,NA
YTHEMP-RUR-265140-T1,ROC,T,T1,60.44474,-137.09647,2022-07-27,ES,2,TS,NA,NA,NA,NA,NA,NA,NA
YTHEMP-RUR-265140-T1,ROC,T,T1,60.44474,-137.09647,2022-07-27,ES,2,VLS,NA,NA,NA,NA,NA,NA,NA
YTHEMP-RUR-265140-T1,ROC,T,T1,60.44474,-137.09647,2022-07-27,NE,1,LS,NA,NA,NA,NA,NA,NA,NA
YTHEMP-RUR-265140-T1,ROC,T,T1,60.44474,-137.09647,2022-07-27,NE,1,MS,NA,NA,NA,NA,NA,NA,NA
YTHEMP-RUR-265140-T1,ROC,T,T1,60.44474,-137.09647,2022-07-27,NE,1,TR,NA,NA,NA,NA,NA,NA,NA
YTHEMP-RUR-265140-T1,ROC,T,T1,60.44474,-137.09647,2022-07-27,NE,1,TS,NA,NA,NA,NA,NA,NA,NA
YTHEMP-RUR-265140-T1,ROC,T,T1,60.44474,-137.09647,2022-07-27,NE,1,VLS,NA,NA,NA,NA,NA,NA,NA
YTHEMP-RUR-265140-T1,ROC,T,T1,60.44474,-137.09647,2022-07-27,NE,2,LS,NA,NA,NA,NA,NA,NA,NA
YTHEMP-RUR-265140-T1,ROC,T,T1,60.44474,-137.09647,2022-07-27,NE,2,MS,NA,NA,NA,NA,NA,NA,NA
YTHEMP-RUR-265140-T1,ROC,T,T1,60.44474,-137.09647,2022-07-27,NE,2,TR,NA,NA,NA,NA,NA,NA,NA
YTHEMP-RUR-265140-T1,ROC,T,T1,60.44474,-137.09647,2022-07-27,NE,2,TS,NA,NA,NA,NA,NA,NA,NA
YTHEMP-RUR-265140-T1,ROC,T,T1,60.44474,-137.09647,2022-07-27,NE,2,VLS,NA,NA,NA,NA,NA,NA,NA
YTHEMP-RUR-265140-T1,ROC,T,T1,60.44474,-137.09647,2022-07-27,SW,1,VLS,25,357,6,Popu bal,L,FA,E
YTHEMP-RUR-265140-T1,ROC,T,T1,60.44474,-137.09647,2022-07-27,SW,1,LS,NA,NA,NA,NA,NA,NA,NA
YTHEMP-RUR-265140-T1,ROC,T,T1,60.44474,-137.09647,2022-07-27,SW,1,MS,NA,NA,NA,NA,NA,NA,NA
YTHEMP-RUR-265140-T1,ROC,T,T1,60.44474,-137.09647,2022-07-27,SW,1,TR,NA,NA,NA,NA,NA,NA,NA
YTHEMP-RUR-265140-T1,ROC,T,T1,60.44474,-137.09647,2022-07-27,SW,1,TS,NA,NA,NA,NA,NA,NA,NA
YTHEMP-RUR-265140-T1,ROC,T,T1,60.44474,-137.09647,2022-07-27,SW,2,VLS,28,463,4,Popu bal,L,FA,E
YTHEMP-RUR-265140-T1,ROC,T,T1,60.44474,-137.09647,2022-07-27,SW,2,LS,NA,NA,NA,NA,NA,NA,NA
YTHEMP-RUR-265140-T1,ROC,T,T1,60.44474,-137.09647,2022-07-27,SW,2,MS,NA,NA,NA,NA,NA,NA,NA
YTHEMP-RUR-265140-T1,ROC,T,T1,60.44474,-137.09647,2022-07-27,SW,2,TR,NA,NA,NA,NA,NA,NA,NA
YTHEMP-RUR-265140-T1,ROC,T,T1,60.44474,-137.09647,2022-07-27,SW,2,TS,NA,NA,NA,NA,NA,NA,NA
YTHEMP-RUR-265140-T1,ROC,T,T1,60.44474,-137.09647,2022-07-27,WN,1,VLS,16,273,8,Juni com,L,FP,E
YTHEMP-RUR-265140-T1,ROC,T,T1,60.44474,-137.09647,2022-07-27,WN,1,LS,NA,NA,NA,NA,NA,NA,NA
YTHEMP-RUR-265140-T1,ROC,T,T1,60.44474,-137.09647,2022-07-27,WN,1,MS,NA,NA,NA,NA,NA,NA,NA
YTHEMP-RUR-265140-T1,ROC,T,T1,60.44474,-137.09647,2022-07-27,WN,1,TR,NA,NA,NA,NA,NA,NA,NA
YTHEMP-RUR-265140-T1,ROC,T,T1,60.44474,-137.09647,2022-07-27,WN,1,TS,NA,NA,NA,NA,NA,NA,NA
YTHEMP-RUR-265140-T1,ROC,T,T1,60.44474,-137.09647,2022-07-27,WN,2,LS,NA,NA,NA,NA,NA,NA,NA
YTHEMP-RUR-265140-T1,ROC,T,T1,60.44474,-137.09647,2022-07-27,WN,2,MS,NA,NA,NA,NA,NA,NA,NA
YTHEMP-RUR-265140-T1,ROC,T,T1,60.44474,-137.09647,2022-07-27,WN,2,TR,NA,NA,NA,NA,NA,NA,NA
YTHEMP-RUR-265140-T1,ROC,T,T1,60.44474,-137.09647,2022-07-27,WN,2,TS,NA,NA,NA,NA,NA,NA,NA
YTHEMP-RUR-265140-T1,ROC,T,T1,60.44474,-137.09647,2022-07-27,WN,2,VLS,NA,NA,NA,NA,NA,NA,NA
YTHEMP-RUR-265140-T2,ROC,T,T2,60.44765,-137.10564,2022-07-27,ES,1,VLS,34,70,1,Sali spp,L,FA,E
YTHEMP-RUR-265140-T2,ROC,T,T2,60.44765,-137.10564,2022-07-27,ES,1,LS,73,62,10,Sali spp,L,FA,E
YTHEMP-RUR-265140-T2,ROC,T,T2,60.44765,-137.10564,2022-07-27,ES,1,MS,NA,NA,NA,NA,NA,NA,NA
YTHEMP-RUR-265140-T2,ROC,T,T2,60.44765,-137.10564,2022-07-27,ES,1,TR,NA,NA,NA,NA,NA,NA,NA
YTHEMP-RUR-265140-T2,ROC,T,T2,60.44765,-137.10564,2022-07-27,ES,1,TS,NA,NA,NA,NA,NA,NA,NA
YTHEMP-RUR-265140-T2,ROC,T,T2,60.44765,-137.10564,2022-07-27,ES,2,VLS,23,73,1,Sali spp,L,FA,E
YTHEMP-RUR-265140-T2,ROC,T,T2,60.44765,-137.10564,2022-07-27,ES,2,LS,94,96,4,Sali spp,L,FA,E
YTHEMP-RUR-265140-T2,ROC,T,T2,60.44765,-137.10564,2022-07-27,ES,2,MS,NA,NA,NA,NA,NA,NA,NA
YTHEMP-RUR-265140-T2,ROC,T,T2,60.44765,-137.10564,2022-07-27,ES,2,TR,NA,NA,NA,NA,NA,NA,NA
YTHEMP-RUR-265140-T2,ROC,T,T2,60.44765,-137.10564,2022-07-27,ES,2,TS,NA,NA,NA,NA,NA,NA,NA
YTHEMP-RUR-265140-T2,ROC,T,T2,60.44765,-137.10564,2022-07-27,NE,1,VLS,17,13,12,Juni com,L,FP,M
YTHEMP-RUR-265140-T2,ROC,T,T2,60.44765,-137.10564,2022-07-27,NE,1,LS,53,82,4,Sali spp,L,FA,E
YTHEMP-RUR-265140-T2,ROC,T,T2,60.44765,-137.10564,2022-07-27,NE,1,MS,NA,NA,NA,NA,NA,NA,NA
YTHEMP-RUR-265140-T2,ROC,T,T2,60.44765,-137.10564,2022-07-27,NE,1,TR,NA,NA,NA,NA,NA,NA,NA
YTHEMP-RUR-265140-T2,ROC,T,T2,60.44765,-137.10564,2022-07-27,NE,1,TS,NA,NA,NA,NA,NA,NA,NA
YTHEMP-RUR-265140-T2,ROC,T,T2,60.44765,-137.10564,2022-07-27,NE,2,VLS,43,30,6,Sali spp,L,FA,E
YTHEMP-RUR-265140-T2,ROC,T,T2,60.44765,-137.10564,2022-07-27,NE,2,LS,69,97,6,Sali spp,L,FA,E
YTHEMP-RUR-265140-T2,ROC,T,T2,60.44765,-137.10564,2022-07-27,NE,2,MS,NA,NA,NA,NA,NA,NA,NA
YTHEMP-RUR-265140-T2,ROC,T,T2,60.44765,-137.10564,2022-07-27,NE,2,TR,NA,NA,NA,NA,NA,NA,NA
YTHEMP-RUR-265140-T2,ROC,T,T2,60.44765,-137.10564,2022-07-27,NE,2,TS,NA,NA,NA,NA,NA,NA,NA
YTHEMP-RUR-265140-T2,ROC,T,T2,60.44765,-137.10564,2022-07-27,SW,1,VLS,19,20,17,Juni com,L,FP,M
YTHEMP-RUR-265140-T2,ROC,T,T2,60.44765,-137.10564,2022-07-27,SW,1,LS,89,42,6,Sali spp,L,FA,E
YTHEMP-RUR-265140-T2,ROC,T,T2,60.44765,-137.10564,2022-07-27,SW,1,MS,NA,NA,NA,NA,NA,NA,NA
YTHEMP-RUR-265140-T2,ROC,T,T2,60.44765,-137.10564,2022-07-27,SW,1,TR,NA,NA,NA,NA,NA,NA,NA
YTHEMP-RUR-265140-T2,ROC,T,T2,60.44765,-137.10564,2022-07-27,SW,1,TS,NA,NA,NA,NA,NA,NA,NA
YTHEMP-RUR-265140-T2,ROC,T,T2,60.44765,-137.10564,2022-07-27,SW,2,VLS,22,23,3,Dasi fru,L,FA,E
YTHEMP-RUR-265140-T2,ROC,T,T2,60.44765,-137.10564,2022-07-27,SW,2,LS,65,112,6,Sali spp,L,FA,E
YTHEMP-RUR-265140-T2,ROC,T,T2,60.44765,-137.10564,2022-07-27,SW,2,MS,NA,NA,NA,NA,NA,NA,NA
YTHEMP-RUR-265140-T2,ROC,T,T2,60.44765,-137.10564,2022-07-27,SW,2,TR,NA,NA,NA,NA,NA,NA,NA
YTHEMP-RUR-265140-T2,ROC,T,T2,60.44765,-137.10564,2022-07-27,SW,2,TS,NA,NA,NA,NA,NA,NA,NA
YTHEMP-RUR-265140-T2,ROC,T,T2,60.44765,-137.10564,2022-07-27,WN,1,VLS,16,69,4,Juni com,L,FP,M
YTHEMP-RUR-265140-T2,ROC,T,T2,60.44765,-137.10564,2022-07-27,WN,1,LS,51,145,15,Juni com,L,FP,M
YTHEMP-RUR-265140-T2,ROC,T,T2,60.44765,-137.10564,2022-07-27,WN,1,MS,NA,NA,NA,NA,NA,NA,NA
YTHEMP-RUR-265140-T2,ROC,T,T2,60.44765,-137.10564,2022-07-27,WN,1,TR,NA,NA,NA,NA,NA,NA,NA
YTHEMP-RUR-265140-T2,ROC,T,T2,60.44765,-137.10564,2022-07-27,WN,1,TS,NA,NA,NA,NA,NA,NA,NA
YTHEMP-RUR-265140-T2,ROC,T,T2,60.44765,-137.10564,2022-07-27,WN,2,VLS,28,77,7,Juni com,L,FP,M
YTHEMP-RUR-265140-T2,ROC,T,T2,60.44765,-137.10564,2022-07-27,WN,2,LS,69,345,7,Sali spp,L,FA,E
YTHEMP-RUR-265140-T2,ROC,T,T2,60.44765,-137.10564,2022-07-27,WN,2,MS,NA,NA,NA,NA,NA,NA,NA
YTHEMP-RUR-265140-T2,ROC,T,T2,60.44765,-137.10564,2022-07-27,WN,2,TR,NA,NA,NA,NA,NA,NA,NA
YTHEMP-RUR-265140-T2,ROC,T,T2,60.44765,-137.10564,2022-07-27,WN,2,TS,NA,NA,NA,NA,NA,NA,NA
YTHEMP-RUR-265140-D3,ROC,T,T3,60.447443,-137.112326,2022-07-27,ES,1,LS,NA,NA,NA,NA,NA,NA,NA
YTHEMP-RUR-265140-D3,ROC,T,T3,60.447443,-137.112326,2022-07-27,ES,1,MS,NA,NA,NA,NA,NA,NA,NA
YTHEMP-RUR-265140-D3,ROC,T,T3,60.447443,-137.112326,2022-07-27,ES,1,TR,NA,NA,NA,NA,NA,NA,NA
YTHEMP-RUR-265140-D3,ROC,T,T3,60.447443,-137.112326,2022-07-27,ES,1,TS,NA,NA,NA,NA,NA,NA,NA
YTHEMP-RUR-265140-D3,ROC,T,T3,60.447443,-137.112326,2022-07-27,ES,1,VLS,NA,NA,NA,NA,NA,NA,NA
YTHEMP-RUR-265140-D3,ROC,T,T3,60.447443,-137.112326,2022-07-27,ES,2,LS,NA,NA,NA,NA,NA,NA,NA
YTHEMP-RUR-265140-D3,ROC,T,T3,60.447443,-137.112326,2022-07-27,ES,2,MS,NA,NA,NA,NA,NA,NA,NA
YTHEMP-RUR-265140-D3,ROC,T,T3,60.447443,-137.112326,2022-07-27,ES,2,TR,NA,NA,NA,NA,NA,NA,NA
YTHEMP-RUR-265140-D3,ROC,T,T3,60.447443,-137.112326,2022-07-27,ES,2,TS,NA,NA,NA,NA,NA,NA,NA
YTHEMP-RUR-265140-D3,ROC,T,T3,60.447443,-137.112326,2022-07-27,ES,2,VLS,NA,NA,NA,NA,NA,NA,NA
YTHEMP-RUR-265140-D3,ROC,T,T3,60.447443,-137.112326,2022-07-27,NE,1,LS,NA,NA,NA,NA,NA,NA,NA
YTHEMP-RUR-265140-D3,ROC,T,T3,60.447443,-137.112326,2022-07-27,NE,1,MS,NA,NA,NA,NA,NA,NA,NA
YTHEMP-RUR-265140-D3,ROC,T,T3,60.447443,-137.112326,2022-07-27,NE,1,TR,NA,NA,NA,NA,NA,NA,NA
YTHEMP-RUR-265140-D3,ROC,T,T3,60.447443,-137.112326,2022-07-27,NE,1,TS,NA,NA,NA,NA,NA,NA,NA
YTHEMP-RUR-265140-D3,ROC,T,T3,60.447443,-137.112326,2022-07-27,NE,1,VLS,NA,NA,NA,NA,NA,NA,NA
YTHEMP-RUR-265140-D3,ROC,T,T3,60.447443,-137.112326,2022-07-27,NE,2,LS,NA,NA,NA,NA,NA,NA,NA
YTHEMP-RUR-265140-D3,ROC,T,T3,60.447443,-137.112326,2022-07-27,NE,2,MS,NA,NA,NA,NA,NA,NA,NA
YTHEMP-RUR-265140-D3,ROC,T,T3,60.447443,-137.112326,2022-07-27,NE,2,TR,NA,NA,NA,NA,NA,NA,NA
YTHEMP-RUR-265140-D3,ROC,T,T3,60.447443,-137.112326,2022-07-27,NE,2,TS,NA,NA,NA,NA,NA,NA,NA
YTHEMP-RUR-265140-D3,ROC,T,T3,60.447443,-137.112326,2022-07-27,NE,2,VLS,NA,NA,NA,NA,NA,NA,NA
YTHEMP-RUR-265140-D3,ROC,T,T3,60.447443,-137.112326,2022-07-27,SW,1,LS,NA,NA,NA,NA,NA,NA,NA
YTHEMP-RUR-265140-D3,ROC,T,T3,60.447443,-137.112326,2022-07-27,SW,1,MS,NA,NA,NA,NA,NA,NA,NA
YTHEMP-RUR-265140-D3,ROC,T,T3,60.447443,-137.112326,2022-07-27,SW,1,TR,NA,NA,NA,NA,NA,NA,NA
YTHEMP-RUR-265140-D3,ROC,T,T3,60.447443,-137.112326,2022-07-27,SW,1,TS,NA,NA,NA,NA,NA,NA,NA
YTHEMP-RUR-265140-D3,ROC,T,T3,60.447443,-137.112326,2022-07-27,SW,1,VLS,NA,NA,NA,NA,NA,NA,NA
YTHEMP-RUR-265140-D3,ROC,T,T3,60.447443,-137.112326,2022-07-27,SW,2,LS,NA,NA,NA,NA,NA,NA,NA
YTHEMP-RUR-265140-D3,ROC,T,T3,60.447443,-137.112326,2022-07-27,SW,2,MS,NA,NA,NA,NA,NA,NA,NA
YTHEMP-RUR-265140-D3,ROC,T,T3,60.447443,-137.112326,2022-07-27,SW,2,TR,NA,NA,NA,NA,NA,NA,NA
YTHEMP-RUR-265140-D3,ROC,T,T3,60.447443,-137.112326,2022-07-27,SW,2,TS,NA,NA,NA,NA,NA,NA,NA
YTHEMP-RUR-265140-D3,ROC,T,T3,60.447443,-137.112326,2022-07-27,SW,2,VLS,NA,NA,NA,NA,NA,NA,NA
YTHEMP-RUR-265140-D3,ROC,T,T3,60.447443,-137.112326,2022-07-27,WN,1,LS,NA,NA,NA,NA,NA,NA,NA
YTHEMP-RUR-265140-D3,ROC,T,T3,60.447443,-137.112326,2022-07-27,WN,1,MS,NA,NA,NA,NA,NA,NA,NA
YTHEMP-RUR-265140-D3,ROC,T,T3,60.447443,-137.112326,2022-07-27,WN,1,TR,NA,NA,NA,NA,NA,NA,NA
YTHEMP-RUR-265140-D3,ROC,T,T3,60.447443,-137.112326,2022-07-27,WN,1,TS,NA,NA,NA,NA,NA,NA,NA
YTHEMP-RUR-265140-D3,ROC,T,T3,60.447443,-137.112326,2022-07-27,WN,1,VLS,NA,NA,NA,NA,NA,NA,NA
YTHEMP-RUR-265140-D3,ROC,T,T3,60.447443,-137.112326,2022-07-27,WN,2,LS,NA,NA,NA,NA,NA,NA,NA
YTHEMP-RUR-265140-D3,ROC,T,T3,60.447443,-137.112326,2022-07-27,WN,2,MS,NA,NA,NA,NA,NA,NA,NA
YTHEMP-RUR-265140-D3,ROC,T,T3,60.447443,-137.112326,2022-07-27,WN,2,TR,NA,NA,NA,NA,NA,NA,NA
YTHEMP-RUR-265140-D3,ROC,T,T3,60.447443,-137.112326,2022-07-27,WN,2,TS,NA,NA,NA,NA,NA,NA,NA
YTHEMP-RUR-265140-D3,ROC,T,T3,60.447443,-137.112326,2022-07-27,WN,2,VLS,NA,NA,NA,NA,NA,NA,NA
YTHEMP-RUR-265140-D10A,ROC,T,T4,60.444657,-137.101955,2022-07-27,ES,1,LS,NA,NA,NA,NA,NA,NA,NA
YTHEMP-RUR-265140-D10A,ROC,T,T4,60.444657,-137.101955,2022-07-27,ES,1,MS,NA,NA,NA,NA,NA,NA,NA
YTHEMP-RUR-265140-D10A,ROC,T,T4,60.444657,-137.101955,2022-07-27,ES,1,TR,NA,NA,NA,NA,NA,NA,NA
YTHEMP-RUR-265140-D10A,ROC,T,T4,60.444657,-137.101955,2022-07-27,ES,1,TS,NA,NA,NA,NA,NA,NA,NA
YTHEMP-RUR-265140-D10A,ROC,T,T4,60.444657,-137.101955,2022-07-27,ES,1,VLS,NA,NA,NA,NA,NA,NA,NA
YTHEMP-RUR-265140-D10A,ROC,T,T4,60.444657,-137.101955,2022-07-27,ES,2,LS,NA,NA,NA,NA,NA,NA,NA
YTHEMP-RUR-265140-D10A,ROC,T,T4,60.444657,-137.101955,2022-07-27,ES,2,MS,NA,NA,NA,NA,NA,NA,NA
YTHEMP-RUR-265140-D10A,ROC,T,T4,60.444657,-137.101955,2022-07-27,ES,2,TR,NA,NA,NA,NA,NA,NA,NA
YTHEMP-RUR-265140-D10A,ROC,T,T4,60.444657,-137.101955,2022-07-27,ES,2,TS,NA,NA,NA,NA,NA,NA,NA
YTHEMP-RUR-265140-D10A,ROC,T,T4,60.444657,-137.101955,2022-07-27,ES,2,VLS,NA,NA,NA,NA,NA,NA,NA
YTHEMP-RUR-265140-D10A,ROC,T,T4,60.444657,-137.101955,2022-07-27,NE,1,LS,NA,NA,NA,NA,NA,NA,NA
YTHEMP-RUR-265140-D10A,ROC,T,T4,60.444657,-137.101955,2022-07-27,NE,1,MS,NA,NA,NA,NA,NA,NA,NA
YTHEMP-RUR-265140-D10A,ROC,T,T4,60.444657,-137.101955,2022-07-27,NE,1,TR,NA,NA,NA,NA,NA,NA,NA
YTHEMP-RUR-265140-D10A,ROC,T,T4,60.444657,-137.101955,2022-07-27,NE,1,TS,NA,NA,NA,NA,NA,NA,NA
YTHEMP-RUR-265140-D10A,ROC,T,T4,60.444657,-137.101955,2022-07-27,NE,1,VLS,NA,NA,NA,NA,NA,NA,NA
YTHEMP-RUR-265140-D10A,ROC,T,T4,60.444657,-137.101955,2022-07-27,NE,2,LS,NA,NA,NA,NA,NA,NA,NA
YTHEMP-RUR-265140-D10A,ROC,T,T4,60.444657,-137.101955,2022-07-27,NE,2,MS,NA,NA,NA,NA,NA,NA,NA
YTHEMP-RUR-265140-D10A,ROC,T,T4,60.444657,-137.101955,2022-07-27,NE,2,TR,NA,NA,NA,NA,NA,NA,NA
YTHEMP-RUR-265140-D10A,ROC,T,T4,60.444657,-137.101955,2022-07-27,NE,2,TS,NA,NA,NA,NA,NA,NA,NA
YTHEMP-RUR-265140-D10A,ROC,T,T4,60.444657,-137.101955,2022-07-27,NE,2,VLS,NA,NA,NA,NA,NA,NA,NA
YTHEMP-RUR-265140-D10A,ROC,T,T4,60.444657,-137.101955,2022-07-27,SW,1,LS,NA,NA,NA,NA,NA,NA,NA
YTHEMP-RUR-265140-D10A,ROC,T,T4,60.444657,-137.101955,2022-07-27,SW,1,MS,NA,NA,NA,NA,NA,NA,NA
YTHEMP-RUR-265140-D10A,ROC,T,T4,60.444657,-137.101955,2022-07-27,SW,1,TR,NA,NA,NA,NA,NA,NA,NA
YTHEMP-RUR-265140-D10A,ROC,T,T4,60.444657,-137.101955,2022-07-27,SW,1,TS,NA,NA,NA,NA,NA,NA,NA
YTHEMP-RUR-265140-D10A,ROC,T,T4,60.444657,-137.101955,2022-07-27,SW,1,VLS,NA,NA,NA,NA,NA,NA,NA
YTHEMP-RUR-265140-D10A,ROC,T,T4,60.444657,-137.101955,2022-07-27,SW,2,LS,NA,NA,NA,NA,NA,NA,NA
YTHEMP-RUR-265140-D10A,ROC,T,T4,60.444657,-137.101955,2022-07-27,SW,2,MS,NA,NA,NA,NA,NA,NA,NA
YTHEMP-RUR-265140-D10A,ROC,T,T4,60.444657,-137.101955,2022-07-27,SW,2,TR,NA,NA,NA,NA,NA,NA,NA
YTHEMP-RUR-265140-D10A,ROC,T,T4,60.444657,-137.101955,2022-07-27,SW,2,TS,NA,NA,NA,NA,NA,NA,NA
YTHEMP-RUR-265140-D10A,ROC,T,T4,60.444657,-137.101955,2022-07-27,SW,2,VLS,NA,NA,NA,NA,NA,NA,NA
YTHEMP-RUR-265140-D10A,ROC,T,T4,60.444657,-137.101955,2022-07-27,WN,1,LS,NA,NA,NA,NA,NA,NA,NA
YTHEMP-RUR-265140-D10A,ROC,T,T4,60.444657,-137.101955,2022-07-27,WN,1,MS,NA,NA,NA,NA,NA,NA,NA
YTHEMP-RUR-265140-D10A,ROC,T,T4,60.444657,-137.101955,2022-07-27,WN,1,TR,NA,NA,NA,NA,NA,NA,NA
YTHEMP-RUR-265140-D10A,ROC,T,T4,60.444657,-137.101955,2022-07-27,WN,1,TS,NA,NA,NA,NA,NA,NA,NA
YTHEMP-RUR-265140-D10A,ROC,T,T4,60.444657,-137.101955,2022-07-27,WN,1,VLS,NA,NA,NA,NA,NA,NA,NA
YTHEMP-RUR-265140-D10A,ROC,T,T4,60.444657,-137.101955,2022-07-27,WN,2,LS,NA,NA,NA,NA,NA,NA,NA
YTHEMP-RUR-265140-D10A,ROC,T,T4,60.444657,-137.101955,2022-07-27,WN,2,MS,NA,NA,NA,NA,NA,NA,NA
YTHEMP-RUR-265140-D10A,ROC,T,T4,60.444657,-137.101955,2022-07-27,WN,2,TR,NA,NA,NA,NA,NA,NA,NA
YTHEMP-RUR-265140-D10A,ROC,T,T4,60.444657,-137.101955,2022-07-27,WN,2,TS,NA,NA,NA,NA,NA,NA,NA
YTHEMP-RUR-265140-D10A,ROC,T,T4,60.444657,-137.101955,2022-07-27,WN,2,VLS,NA,NA,NA,NA,NA,NA,NA
YTHEMP-RUR-265140-D11,ROC,T,T5,60.444786,-137.107999,2022-07-27,ES,1,LS,NA,NA,NA,NA,NA,NA,NA
YTHEMP-RUR-265140-D11,ROC,T,T5,60.444786,-137.107999,2022-07-27,ES,1,MS,NA,NA,NA,NA,NA,NA,NA
YTHEMP-RUR-265140-D11,ROC,T,T5,60.444786,-137.107999,2022-07-27,ES,1,TR,NA,NA,NA,NA,NA,NA,NA
YTHEMP-RUR-265140-D11,ROC,T,T5,60.444786,-137.107999,2022-07-27,ES,1,TS,NA,NA,NA,NA,NA,NA,NA
YTHEMP-RUR-265140-D11,ROC,T,T5,60.444786,-137.107999,2022-07-27,ES,1,VLS,NA,NA,NA,NA,NA,NA,NA
YTHEMP-RUR-265140-D11,ROC,T,T5,60.444786,-137.107999,2022-07-27,ES,2,LS,NA,NA,NA,NA,NA,NA,NA
YTHEMP-RUR-265140-D11,ROC,T,T5,60.444786,-137.107999,2022-07-27,ES,2,MS,NA,NA,NA,NA,NA,NA,NA
YTHEMP-RUR-265140-D11,ROC,T,T5,60.444786,-137.107999,2022-07-27,ES,2,TR,NA,NA,NA,NA,NA,NA,NA
YTHEMP-RUR-265140-D11,ROC,T,T5,60.444786,-137.107999,2022-07-27,ES,2,TS,NA,NA,NA,NA,NA,NA,NA
YTHEMP-RUR-265140-D11,ROC,T,T5,60.444786,-137.107999,2022-07-27,ES,2,VLS,NA,NA,NA,NA,NA,NA,NA
YTHEMP-RUR-265140-D11,ROC,T,T5,60.444786,-137.107999,2022-07-27,NE,1,LS,NA,NA,NA,NA,NA,NA,NA
YTHEMP-RUR-265140-D11,ROC,T,T5,60.444786,-137.107999,2022-07-27,NE,1,MS,NA,NA,NA,NA,NA,NA,NA
YTHEMP-RUR-265140-D11,ROC,T,T5,60.444786,-137.107999,2022-07-27,NE,1,TR,NA,NA,NA,NA,NA,NA,NA
YTHEMP-RUR-265140-D11,ROC,T,T5,60.444786,-137.107999,2022-07-27,NE,1,TS,NA,NA,NA,NA,NA,NA,NA
YTHEMP-RUR-265140-D11,ROC,T,T5,60.444786,-137.107999,2022-07-27,NE,1,VLS,NA,NA,NA,NA,NA,NA,NA
YTHEMP-RUR-265140-D11,ROC,T,T5,60.444786,-137.107999,2022-07-27,NE,2,LS,NA,NA,NA,NA,NA,NA,NA
YTHEMP-RUR-265140-D11,ROC,T,T5,60.444786,-137.107999,2022-07-27,NE,2,MS,NA,NA,NA,NA,NA,NA,NA
YTHEMP-RUR-265140-D11,ROC,T,T5,60.444786,-137.107999,2022-07-27,NE,2,TR,NA,NA,NA,NA,NA,NA,NA
YTHEMP-RUR-265140-D11,ROC,T,T5,60.444786,-137.107999,2022-07-27,NE,2,TS,NA,NA,NA,NA,NA,NA,NA
YTHEMP-RUR-265140-D11,ROC,T,T5,60.444786,-137.107999,2022-07-27,NE,2,VLS,NA,NA,NA,NA,NA,NA,NA
YTHEMP-RUR-265140-D11,ROC,T,T5,60.444786,-137.107999,2022-07-27,SW,1,LS,NA,NA,NA,NA,NA,NA,NA
YTHEMP-RUR-265140-D11,ROC,T,T5,60.444786,-137.107999,2022-07-27,SW,1,MS,NA,NA,NA,NA,NA,NA,NA
YTHEMP-RUR-265140-D11,ROC,T,T5,60.444786,-137.107999,2022-07-27,SW,1,TR,NA,NA,NA,NA,NA,NA,NA
YTHEMP-RUR-265140-D11,ROC,T,T5,60.444786,-137.107999,2022-07-27,SW,1,TS,NA,NA,NA,NA,NA,NA,NA
YTHEMP-RUR-265140-D11,ROC,T,T5,60.444786,-137.107999,2022-07-27,SW,1,VLS,NA,NA,NA,NA,NA,NA,NA
YTHEMP-RUR-265140-D11,ROC,T,T5,60.444786,-137.107999,2022-07-27,SW,2,LS,NA,NA,NA,NA,NA,NA,NA
YTHEMP-RUR-265140-D11,ROC,T,T5,60.444786,-137.107999,2022-07-27,SW,2,MS,NA,NA,NA,NA,NA,NA,NA
YTHEMP-RUR-265140-D11,ROC,T,T5,60.444786,-137.107999,2022-07-27,SW,2,TR,NA,NA,NA,NA,NA,NA,NA
YTHEMP-RUR-265140-D11,ROC,T,T5,60.444786,-137.107999,2022-07-27,SW,2,TS,NA,NA,NA,NA,NA,NA,NA
YTHEMP-RUR-265140-D11,ROC,T,T5,60.444786,-137.107999,2022-07-27,SW,2,VLS,NA,NA,NA,NA,NA,NA,NA
YTHEMP-RUR-265140-D11,ROC,T,T5,60.444786,-137.107999,2022-07-27,WN,1,LS,NA,NA,NA,NA,NA,NA,NA
YTHEMP-RUR-265140-D11,ROC,T,T5,60.444786,-137.107999,2022-07-27,WN,1,MS,NA,NA,NA,NA,NA,NA,NA
YTHEMP-RUR-265140-D11,ROC,T,T5,60.444786,-137.107999,2022-07-27,WN,1,TR,NA,NA,NA,NA,NA,NA,NA
YTHEMP-RUR-265140-D11,ROC,T,T5,60.444786,-137.107999,2022-07-27,WN,1,TS,NA,NA,NA,NA,NA,NA,NA
YTHEMP-RUR-265140-D11,ROC,T,T5,60.444786,-137.107999,2022-07-27,WN,1,VLS,NA,NA,NA,NA,NA,NA,NA
YTHEMP-RUR-265140-D11,ROC,T,T5,60.444786,-137.107999,2022-07-27,WN,2,LS,NA,NA,NA,NA,NA,NA,NA
YTHEMP-RUR-265140-D11,ROC,T,T5,60.444786,-137.107999,2022-07-27,WN,2,MS,NA,NA,NA,NA,NA,NA,NA
YTHEMP-RUR-265140-D11,ROC,T,T5,60.444786,-137.107999,2022-07-27,WN,2,TR,NA,NA,NA,NA,NA,NA,NA
YTHEMP-RUR-265140-D11,ROC,T,T5,60.444786,-137.107999,2022-07-27,WN,2,TS,NA,NA,NA,NA,NA,NA,NA
YTHEMP-RUR-265140-D11,ROC,T,T5,60.444786,-137.107999,2022-07-27,WN,2,VLS,NA,NA,NA,NA,NA,NA,NA
YTHEMP-SEM-288569-S1,SHE,S,S1,61.023024,-138.586714,2022-08-12,ES,1,VLS,33,80,5,Sali spp,L,FA,E
YTHEMP-SEM-288569-S1,SHE,S,S1,61.023024,-138.586714,2022-08-12,ES,1,LS,57,93,2,Shep can,L,FP,E
YTHEMP-SEM-288569-S1,SHE,S,S1,61.023024,-138.586714,2022-08-12,ES,1,MS,137,365,8,Sali spp,L,FA,E
YTHEMP-SEM-288569-S1,SHE,S,S1,61.023024,-138.586714,2022-08-12,ES,1,TR,NA,NA,NA,NA,NA,NA,NA
YTHEMP-SEM-288569-S1,SHE,S,S1,61.023024,-138.586714,2022-08-12,ES,1,TS,NA,NA,NA,NA,NA,NA,NA
YTHEMP-SEM-288569-S1,SHE,S,S1,61.023024,-138.586714,2022-08-12,ES,2,VLS,32,97,5,Shep can,L,FP,E
YTHEMP-SEM-288569-S1,SHE,S,S1,61.023024,-138.586714,2022-08-12,ES,2,LS,74,136,5,Sali spp,L,FA,E
YTHEMP-SEM-288569-S1,SHE,S,S1,61.023024,-138.586714,2022-08-12,ES,2,MS,139,520,5,Sali spp,L,FA,E
YTHEMP-SEM-288569-S1,SHE,S,S1,61.023024,-138.586714,2022-08-12,ES,2,TR,NA,NA,NA,NA,NA,NA,NA
YTHEMP-SEM-288569-S1,SHE,S,S1,61.023024,-138.586714,2022-08-12,ES,2,TS,NA,NA,NA,NA,NA,NA,NA
YTHEMP-SEM-288569-S1,SHE,S,S1,61.023024,-138.586714,2022-08-12,NE,1,VLS,28,66,3,Shep can,L,FP,E
YTHEMP-SEM-288569-S1,SHE,S,S1,61.023024,-138.586714,2022-08-12,NE,1,LS,56,82,1,Shep can,L,FP,E
YTHEMP-SEM-288569-S1,SHE,S,S1,61.023024,-138.586714,2022-08-12,NE,1,MS,137,680,3,Sali spp,L,FA,E
YTHEMP-SEM-288569-S1,SHE,S,S1,61.023024,-138.586714,2022-08-12,NE,1,TS,340,540,5,Sali spp,L,FA,E
YTHEMP-SEM-288569-S1,SHE,S,S1,61.023024,-138.586714,2022-08-12,NE,1,TR,NA,NA,NA,NA,NA,NA,NA
YTHEMP-SEM-288569-S1,SHE,S,S1,61.023024,-138.586714,2022-08-12,NE,2,VLS,23,122,2,Shep can,L,FP,E
YTHEMP-SEM-288569-S1,SHE,S,S1,61.023024,-138.586714,2022-08-12,NE,2,LS,62,92,6,Sali spp,L,FA,E
YTHEMP-SEM-288569-S1,SHE,S,S1,61.023024,-138.586714,2022-08-12,NE,2,MS,146,715,5,Sali spp,L,FA,E
YTHEMP-SEM-288569-S1,SHE,S,S1,61.023024,-138.586714,2022-08-12,NE,2,TS,275,610,4,Sali spp,L,FA,E
YTHEMP-SEM-288569-S1,SHE,S,S1,61.023024,-138.586714,2022-08-12,NE,2,TR,NA,NA,NA,NA,NA,NA,NA
YTHEMP-SEM-288569-S1,SHE,S,S1,61.023024,-138.586714,2022-08-12,SW,1,VLS,31,11,3,Shep can,L,FP,E
YTHEMP-SEM-288569-S1,SHE,S,S1,61.023024,-138.586714,2022-08-12,SW,1,LS,59,171,3,Shep can,L,FP,E
YTHEMP-SEM-288569-S1,SHE,S,S1,61.023024,-138.586714,2022-08-12,SW,1,MS,172,355,3,Sali spp,L,FA,E
YTHEMP-SEM-288569-S1,SHE,S,S1,61.023024,-138.586714,2022-08-12,SW,1,TR,NA,NA,NA,NA,NA,NA,NA
YTHEMP-SEM-288569-S1,SHE,S,S1,61.023024,-138.586714,2022-08-12,SW,1,TS,NA,NA,NA,NA,NA,NA,NA
YTHEMP-SEM-288569-S1,SHE,S,S1,61.023024,-138.586714,2022-08-12,SW,2,VLS,37,34,3,Shep can,L,FP,E
YTHEMP-SEM-288569-S1,SHE,S,S1,61.023024,-138.586714,2022-08-12,SW,2,LS,56,240,1,Shep can,L,FP,E
YTHEMP-SEM-288569-S1,SHE,S,S1,61.023024,-138.586714,2022-08-12,SW,2,MS,126,520,3,Sali spp,L,FA,E
YTHEMP-SEM-288569-S1,SHE,S,S1,61.023024,-138.586714,2022-08-12,SW,2,TR,NA,NA,NA,NA,NA,NA,NA
YTHEMP-SEM-288569-S1,SHE,S,S1,61.023024,-138.586714,2022-08-12,SW,2,TS,NA,NA,NA,NA,NA,NA,NA
YTHEMP-SEM-288569-S1,SHE,S,S1,61.023024,-138.586714,2022-08-12,WN,1,VLS,48,24,2,Shep can,L,FP,E
YTHEMP-SEM-288569-S1,SHE,S,S1,61.023024,-138.586714,2022-08-12,WN,1,LS,92,66,4,Sali spp,L,FA,E
YTHEMP-SEM-288569-S1,SHE,S,S1,61.023024,-138.586714,2022-08-12,WN,1,MS,120,125,5,Sali spp,L,FA,E
YTHEMP-SEM-288569-S1,SHE,S,S1,61.023024,-138.586714,2022-08-12,WN,1,TR,NA,NA,NA,NA,NA,NA,NA
YTHEMP-SEM-288569-S1,SHE,S,S1,61.023024,-138.586714,2022-08-12,WN,1,TS,NA,NA,NA,NA,NA,NA,NA
YTHEMP-SEM-288569-S1,SHE,S,S1,61.023024,-138.586714,2022-08-12,WN,2,VLS,37,65,2,Shep can,L,FP,E
YTHEMP-SEM-288569-S1,SHE,S,S1,61.023024,-138.586714,2022-08-12,WN,2,LS,84,85,3,Sali spp,L,FA,E
YTHEMP-SEM-288569-S1,SHE,S,S1,61.023024,-138.586714,2022-08-12,WN,2,MS,143,510,7,Sali spp,L,FA,E
YTHEMP-SEM-288569-S1,SHE,S,S1,61.023024,-138.586714,2022-08-12,WN,2,TR,NA,NA,NA,NA,NA,NA,NA
YTHEMP-SEM-288569-S1,SHE,S,S1,61.023024,-138.586714,2022-08-12,WN,2,TS,NA,NA,NA,NA,NA,NA,NA
YTHEMP-SEM-289781-S2,SHE,S,S2,61.025188,-138.598286,2022-08-12,ES,1,VLS,21,27,1,Dasi fru,L,FA,E
YTHEMP-SEM-289781-S2,SHE,S,S2,61.025188,-138.598286,2022-08-12,ES,1,LS,56,101,3,Betu gla,L,FA,E
YTHEMP-SEM-289781-S2,SHE,S,S2,61.025188,-138.598286,2022-08-12,ES,1,MS,123,515,5,Sali spp,L,FA,E
YTHEMP-SEM-289781-S2,SHE,S,S2,61.025188,-138.598286,2022-08-12,ES,1,TR,NA,NA,NA,NA,NA,NA,NA
YTHEMP-SEM-289781-S2,SHE,S,S2,61.025188,-138.598286,2022-08-12,ES,1,TS,NA,NA,NA,NA,NA,NA,NA
YTHEMP-SEM-289781-S2,SHE,S,S2,61.025188,-138.598286,2022-08-12,ES,2,VLS,41,43,2,Sali spp,L,FA,E
YTHEMP-SEM-289781-S2,SHE,S,S2,61.025188,-138.598286,2022-08-12,ES,2,LS,56,240,10,Dasi fru,L,FA,E
YTHEMP-SEM-289781-S2,SHE,S,S2,61.025188,-138.598286,2022-08-12,ES,2,MS,159,570,6,Sali spp,L,FA,E
YTHEMP-SEM-289781-S2,SHE,S,S2,61.025188,-138.598286,2022-08-12,ES,2,TR,NA,NA,NA,NA,NA,NA,NA
YTHEMP-SEM-289781-S2,SHE,S,S2,61.025188,-138.598286,2022-08-12,ES,2,TS,NA,NA,NA,NA,NA,NA,NA
YTHEMP-SEM-289781-S2,SHE,S,S2,61.025188,-138.598286,2022-08-12,NE,1,VLS,19,26,2,Sali spp,L,FA,E
YTHEMP-SEM-289781-S2,SHE,S,S2,61.025188,-138.598286,2022-08-12,NE,1,LS,65,160,3,Betu gla,L,FA,E
YTHEMP-SEM-289781-S2,SHE,S,S2,61.025188,-138.598286,2022-08-12,NE,1,MS,158,168,6,Sali spp,L,FA,E
YTHEMP-SEM-289781-S2,SHE,S,S2,61.025188,-138.598286,2022-08-12,NE,1,TS,207,530,4,Sali spp,L,FA,E
YTHEMP-SEM-289781-S2,SHE,S,S2,61.025188,-138.598286,2022-08-12,NE,1,TR,NA,NA,NA,NA,NA,NA,NA
YTHEMP-SEM-289781-S2,SHE,S,S2,61.025188,-138.598286,2022-08-12,NE,2,VLS,31,72,1,Sali spp,L,FA,E
YTHEMP-SEM-289781-S2,SHE,S,S2,61.025188,-138.598286,2022-08-12,NE,2,LS,88,236,2,Sali spp,L,FA,E
YTHEMP-SEM-289781-S2,SHE,S,S2,61.025188,-138.598286,2022-08-12,NE,2,MS,157,275,2,Sali spp,L,FA,E
YTHEMP-SEM-289781-S2,SHE,S,S2,61.025188,-138.598286,2022-08-12,NE,2,TS,300,575,5,Sali spp,L,FA,E
YTHEMP-SEM-289781-S2,SHE,S,S2,61.025188,-138.598286,2022-08-12,NE,2,TR,NA,NA,NA,NA,NA,NA,NA
YTHEMP-SEM-289781-S2,SHE,S,S2,61.025188,-138.598286,2022-08-12,SW,1,VLS,22,32,2,Sali spp,L,FA,E
YTHEMP-SEM-289781-S2,SHE,S,S2,61.025188,-138.598286,2022-08-12,SW,1,LS,67,305,3,Betu gla,L,FA,E
YTHEMP-SEM-289781-S2,SHE,S,S2,61.025188,-138.598286,2022-08-12,SW,1,MS,106,645,6,Betu gla,L,FA,E
YTHEMP-SEM-289781-S2,SHE,S,S2,61.025188,-138.598286,2022-08-12,SW,1,TR,NA,NA,NA,NA,NA,NA,NA
YTHEMP-SEM-289781-S2,SHE,S,S2,61.025188,-138.598286,2022-08-12,SW,1,TS,NA,NA,NA,NA,NA,NA,NA
YTHEMP-SEM-289781-S2,SHE,S,S2,61.025188,-138.598286,2022-08-12,SW,2,VLS,23,33,3,Sali spp,L,FA,E
YTHEMP-SEM-289781-S2,SHE,S,S2,61.025188,-138.598286,2022-08-12,SW,2,LS,51,365,2,Sali spp,L,FA,E
YTHEMP-SEM-289781-S2,SHE,S,S2,61.025188,-138.598286,2022-08-12,SW,2,MS,177,680,7,Sali spp,L,FA,E
YTHEMP-SEM-289781-S2,SHE,S,S2,61.025188,-138.598286,2022-08-12,SW,2,TR,NA,NA,NA,NA,NA,NA,NA
YTHEMP-SEM-289781-S2,SHE,S,S2,61.025188,-138.598286,2022-08-12,SW,2,TS,NA,NA,NA,NA,NA,NA,NA
YTHEMP-SEM-289781-S2,SHE,S,S2,61.025188,-138.598286,2022-08-12,WN,1,VLS,22,27,5,Sali spp,L,FA,E
YTHEMP-SEM-289781-S2,SHE,S,S2,61.025188,-138.598286,2022-08-12,WN,1,LS,51,177,4,Betu gla,L,FA,E
YTHEMP-SEM-289781-S2,SHE,S,S2,61.025188,-138.598286,2022-08-12,WN,1,MS,103,255,4,Sali spp,L,FA,E
YTHEMP-SEM-289781-S2,SHE,S,S2,61.025188,-138.598286,2022-08-12,WN,1,TS,250,435,6,Sali spp,L,FA,E
YTHEMP-SEM-289781-S2,SHE,S,S2,61.025188,-138.598286,2022-08-12,WN,1,TR,NA,NA,NA,NA,NA,NA,NA
YTHEMP-SEM-289781-S2,SHE,S,S2,61.025188,-138.598286,2022-08-12,WN,2,VLS,25,51,2,Sali spp,L,FA,E
YTHEMP-SEM-289781-S2,SHE,S,S2,61.025188,-138.598286,2022-08-12,WN,2,LS,77,170,1,Sali spp,L,FA,E
YTHEMP-SEM-289781-S2,SHE,S,S2,61.025188,-138.598286,2022-08-12,WN,2,MS,149,345,2,Sali spp,L,FA,E
YTHEMP-SEM-289781-S2,SHE,S,S2,61.025188,-138.598286,2022-08-12,WN,2,TS,280,510,4,Sali spp,L,FA,E
YTHEMP-SEM-289781-S2,SHE,S,S2,61.025188,-138.598286,2022-08-12,WN,2,TR,NA,NA,NA,NA,NA,NA,NA
YTHEMP-SEM-289781-S3,SHE,S,S3,61.02701,-138.58936,2022-08-12,ES,1,VLS,37,12,2,Shep can,L,FP,E
YTHEMP-SEM-289781-S3,SHE,S,S3,61.02701,-138.58936,2022-08-12,ES,1,LS,81,715,2,Sali spp,L,FA,E
YTHEMP-SEM-289781-S3,SHE,S,S3,61.02701,-138.58936,2022-08-12,ES,1,MS,NA,NA,NA,NA,NA,NA,NA
YTHEMP-SEM-289781-S3,SHE,S,S3,61.02701,-138.58936,2022-08-12,ES,1,TR,NA,NA,NA,NA,NA,NA,NA
YTHEMP-SEM-289781-S3,SHE,S,S3,61.02701,-138.58936,2022-08-12,ES,1,TS,NA,NA,NA,NA,NA,NA,NA
YTHEMP-SEM-289781-S3,SHE,S,S3,61.02701,-138.58936,2022-08-12,ES,2,VLS,45,675,11,Shep can,L,FP,E
YTHEMP-SEM-289781-S3,SHE,S,S3,61.02701,-138.58936,2022-08-12,ES,2,LS,NA,NA,NA,NA,NA,NA,NA
YTHEMP-SEM-289781-S3,SHE,S,S3,61.02701,-138.58936,2022-08-12,ES,2,MS,NA,NA,NA,NA,NA,NA,NA
YTHEMP-SEM-289781-S3,SHE,S,S3,61.02701,-138.58936,2022-08-12,ES,2,TR,NA,NA,NA,NA,NA,NA,NA
YTHEMP-SEM-289781-S3,SHE,S,S3,61.02701,-138.58936,2022-08-12,ES,2,TS,NA,NA,NA,NA,NA,NA,NA
YTHEMP-SEM-289781-S3,SHE,S,S3,61.02701,-138.58936,2022-08-12,NE,1,VLS,47,41,3,Shep can,L,FP,E
YTHEMP-SEM-289781-S3,SHE,S,S3,61.02701,-138.58936,2022-08-12,NE,1,LS,70,561,2,Sali spp,L,FA,E
YTHEMP-SEM-289781-S3,SHE,S,S3,61.02701,-138.58936,2022-08-12,NE,1,TS,211,463,3,Sali spp,L,FA,E
YTHEMP-SEM-289781-S3,SHE,S,S3,61.02701,-138.58936,2022-08-12,NE,1,MS,NA,NA,NA,NA,NA,NA,NA
YTHEMP-SEM-289781-S3,SHE,S,S3,61.02701,-138.58936,2022-08-12,NE,1,TR,NA,NA,NA,NA,NA,NA,NA
YTHEMP-SEM-289781-S3,SHE,S,S3,61.02701,-138.58936,2022-08-12,NE,2,VLS,36,44,2,Shep can,L,FP,E
YTHEMP-SEM-289781-S3,SHE,S,S3,61.02701,-138.58936,2022-08-12,NE,2,LS,52,870,5,Shep can,L,FP,E
YTHEMP-SEM-289781-S3,SHE,S,S3,61.02701,-138.58936,2022-08-12,NE,2,MS,NA,NA,NA,NA,NA,NA,NA
YTHEMP-SEM-289781-S3,SHE,S,S3,61.02701,-138.58936,2022-08-12,NE,2,TR,NA,NA,NA,NA,NA,NA,NA
YTHEMP-SEM-289781-S3,SHE,S,S3,61.02701,-138.58936,2022-08-12,NE,2,TS,NA,NA,NA,NA,NA,NA,NA
YTHEMP-SEM-289781-S3,SHE,S,S3,61.02701,-138.58936,2022-08-12,SW,1,VLS,44,53,4,Shep can,L,FP,E
YTHEMP-SEM-289781-S3,SHE,S,S3,61.02701,-138.58936,2022-08-12,SW,1,LS,98,755,10,Shep can,L,FP,E
YTHEMP-SEM-289781-S3,SHE,S,S3,61.02701,-138.58936,2022-08-12,SW,1,MS,104,755,6,Sali spp,L,FA,E
YTHEMP-SEM-289781-S3,SHE,S,S3,61.02701,-138.58936,2022-08-12,SW,1,TS,220,695,3,Sali spp,L,FA,E
YTHEMP-SEM-289781-S3,SHE,S,S3,61.02701,-138.58936,2022-08-12,SW,1,TR,NA,NA,NA,NA,NA,NA,NA
YTHEMP-SEM-289781-S3,SHE,S,S3,61.02701,-138.58936,2022-08-12,SW,2,VLS,38,55,2,Shep can,L,FP,E
YTHEMP-SEM-289781-S3,SHE,S,S3,61.02701,-138.58936,2022-08-12,SW,2,LS,63,775,3,Sali spp,L,FA,E
YTHEMP-SEM-289781-S3,SHE,S,S3,61.02701,-138.58936,2022-08-12,SW,2,MS,130,970,4,Sali spp,L,FA,E
YTHEMP-SEM-289781-S3,SHE,S,S3,61.02701,-138.58936,2022-08-12,SW,2,TR,NA,NA,NA,NA,NA,NA,NA
YTHEMP-SEM-289781-S3,SHE,S,S3,61.02701,-138.58936,2022-08-12,SW,2,TS,NA,NA,NA,NA,NA,NA,NA
YTHEMP-SEM-289781-S3,SHE,S,S3,61.02701,-138.58936,2022-08-12,WN,1,VLS,49,89,4,Shep can,L,FP,E
YTHEMP-SEM-289781-S3,SHE,S,S3,61.02701,-138.58936,2022-08-12,WN,1,LS,NA,NA,NA,NA,NA,NA,NA
YTHEMP-SEM-289781-S3,SHE,S,S3,61.02701,-138.58936,2022-08-12,WN,1,MS,NA,NA,NA,NA,NA,NA,NA
YTHEMP-SEM-289781-S3,SHE,S,S3,61.02701,-138.58936,2022-08-12,WN,1,TR,NA,NA,NA,NA,NA,NA,NA
YTHEMP-SEM-289781-S3,SHE,S,S3,61.02701,-138.58936,2022-08-12,WN,1,TS,NA,NA,NA,NA,NA,NA,NA
YTHEMP-SEM-289781-S3,SHE,S,S3,61.02701,-138.58936,2022-08-12,WN,2,VLS,21,615,6,Shep can,L,FP,M
YTHEMP-SEM-289781-S3,SHE,S,S3,61.02701,-138.58936,2022-08-12,WN,2,LS,NA,NA,NA,NA,NA,NA,NA
YTHEMP-SEM-289781-S3,SHE,S,S3,61.02701,-138.58936,2022-08-12,WN,2,MS,NA,NA,NA,NA,NA,NA,NA
YTHEMP-SEM-289781-S3,SHE,S,S3,61.02701,-138.58936,2022-08-12,WN,2,TR,NA,NA,NA,NA,NA,NA,NA
YTHEMP-SEM-289781-S3,SHE,S,S3,61.02701,-138.58936,2022-08-12,WN,2,TS,NA,NA,NA,NA,NA,NA,NA
YTHEMP-SEM-289781-S4,SHE,S,S4,61.02762,-138.59555,2022-08-12,ES,1,VLS,38,115,3,Dasi fru,L,FA,E
YTHEMP-SEM-289781-S4,SHE,S,S4,61.02762,-138.59555,2022-08-12,ES,1,LS,73,49,5,Sali spp,L,FA,E
YTHEMP-SEM-289781-S4,SHE,S,S4,61.02762,-138.59555,2022-08-12,ES,1,MS,138,158,4,Sali spp,L,FA,E
YTHEMP-SEM-289781-S4,SHE,S,S4,61.02762,-138.59555,2022-08-12,ES,1,TS,240,550,7,Sali spp,L,FA,E
YTHEMP-SEM-289781-S4,SHE,S,S4,61.02762,-138.59555,2022-08-12,ES,1,TR,NA,NA,NA,NA,NA,NA,NA
YTHEMP-SEM-289781-S4,SHE,S,S4,61.02762,-138.59555,2022-08-12,ES,2,VLS,42,135,2,Betu gla,L,FA,E
YTHEMP-SEM-289781-S4,SHE,S,S4,61.02762,-138.59555,2022-08-12,ES,2,LS,72,77,2,Betu gla,L,FA,E
YTHEMP-SEM-289781-S4,SHE,S,S4,61.02762,-138.59555,2022-08-12,ES,2,MS,115,252,6,Betu gla,L,FA,E
YTHEMP-SEM-289781-S4,SHE,S,S4,61.02762,-138.59555,2022-08-12,ES,2,TS,245,600,8,Sali spp,L,FA,E
YTHEMP-SEM-289781-S4,SHE,S,S4,61.02762,-138.59555,2022-08-12,ES,2,TR,NA,NA,NA,NA,NA,NA,NA
YTHEMP-SEM-289781-S4,SHE,S,S4,61.02762,-138.59555,2022-08-12,NE,1,VLS,35,130,6,Vacc uli,L,FP,E
YTHEMP-SEM-289781-S4,SHE,S,S4,61.02762,-138.59555,2022-08-12,NE,1,LS,74,26,3,Sali spp,L,FA,E
YTHEMP-SEM-289781-S4,SHE,S,S4,61.02762,-138.59555,2022-08-12,NE,1,MS,112,360,6,Sali spp,L,FA,E
YTHEMP-SEM-289781-S4,SHE,S,S4,61.02762,-138.59555,2022-08-12,NE,1,TS,210,945,8,Sali spp,L,FA,E
YTHEMP-SEM-289781-S4,SHE,S,S4,61.02762,-138.59555,2022-08-12,NE,1,TR,NA,NA,NA,NA,NA,NA,NA
YTHEMP-SEM-289781-S4,SHE,S,S4,61.02762,-138.59555,2022-08-12,NE,2,VLS,42,157,1,Shep can,L,FP,E
YTHEMP-SEM-289781-S4,SHE,S,S4,61.02762,-138.59555,2022-08-12,NE,2,LS,65,59,2,Sali spp,L,FA,E
YTHEMP-SEM-289781-S4,SHE,S,S4,61.02762,-138.59555,2022-08-12,NE,2,MS,123,452,6,Sali spp,L,FA,E
YTHEMP-SEM-289781-S4,SHE,S,S4,61.02762,-138.59555,2022-08-12,NE,2,TS,250,960,8,Sali spp,L,FA,E
YTHEMP-SEM-289781-S4,SHE,S,S4,61.02762,-138.59555,2022-08-12,NE,2,TR,NA,NA,NA,NA,NA,NA,NA
YTHEMP-SEM-289781-S4,SHE,S,S4,61.02762,-138.59555,2022-08-12,SW,1,VLS,48,140,2,Sali spp,L,FA,E
YTHEMP-SEM-289781-S4,SHE,S,S4,61.02762,-138.59555,2022-08-12,SW,1,LS,69,74,2,Sali spp,L,FA,E
YTHEMP-SEM-289781-S4,SHE,S,S4,61.02762,-138.59555,2022-08-12,SW,1,MS,128,104,7,Sali spp,L,FA,E
YTHEMP-SEM-289781-S4,SHE,S,S4,61.02762,-138.59555,2022-08-12,SW,1,TS,260,440,5,Sali spp,L,FA,E
YTHEMP-SEM-289781-S4,SHE,S,S4,61.02762,-138.59555,2022-08-12,SW,1,TR,NA,NA,NA,NA,NA,NA,NA
YTHEMP-SEM-289781-S4,SHE,S,S4,61.02762,-138.59555,2022-08-12,SW,2,VLS,20,148,1,Betu gla,L,FA,E
YTHEMP-SEM-289781-S4,SHE,S,S4,61.02762,-138.59555,2022-08-12,SW,2,LS,74,640,4,Betu gla,L,FA,E
YTHEMP-SEM-289781-S4,SHE,S,S4,61.02762,-138.59555,2022-08-12,SW,2,MS,138,76,6,Sali spp,L,FA,E
YTHEMP-SEM-289781-S4,SHE,S,S4,61.02762,-138.59555,2022-08-12,SW,2,TS,236,520,16,Sali spp,L,FA,E
YTHEMP-SEM-289781-S4,SHE,S,S4,61.02762,-138.59555,2022-08-12,SW,2,TR,NA,NA,NA,NA,NA,NA,NA
YTHEMP-SEM-289781-S4,SHE,S,S4,61.02762,-138.59555,2022-08-12,WN,1,VLS,32,46,1,Betu gla,L,FA,E
YTHEMP-SEM-289781-S4,SHE,S,S4,61.02762,-138.59555,2022-08-12,WN,1,LS,84,90,1,Sali spp,L,FA,E
YTHEMP-SEM-289781-S4,SHE,S,S4,61.02762,-138.59555,2022-08-12,WN,1,MS,165,137,3,Sali spp,L,FA,E
YTHEMP-SEM-289781-S4,SHE,S,S4,61.02762,-138.59555,2022-08-12,WN,1,TR,NA,NA,NA,NA,NA,NA,NA
YTHEMP-SEM-289781-S4,SHE,S,S4,61.02762,-138.59555,2022-08-12,WN,1,TS,NA,NA,NA,NA,NA,NA,NA
YTHEMP-SEM-289781-S4,SHE,S,S4,61.02762,-138.59555,2022-08-12,WN,2,VLS,38,66,2,Sali spp,L,FA,E
YTHEMP-SEM-289781-S4,SHE,S,S4,61.02762,-138.59555,2022-08-12,WN,2,LS,64,107,2,Betu gla,L,FA,E
YTHEMP-SEM-289781-S4,SHE,S,S4,61.02762,-138.59555,2022-08-12,WN,2,MS,148,167,7,Sali spp,L,FA,E
YTHEMP-SEM-289781-S4,SHE,S,S4,61.02762,-138.59555,2022-08-12,WN,2,TR,NA,NA,NA,NA,NA,NA,NA
YTHEMP-SEM-289781-S4,SHE,S,S4,61.02762,-138.59555,2022-08-12,WN,2,TS,NA,NA,NA,NA,NA,NA,NA
YTHEMP-SEM-288569-S5,SHE,S,S5,61.02057,-138.59494,2022-08-12,ES,1,VLS,35,210,1,Sali spp,L,FA,E
YTHEMP-SEM-288569-S5,SHE,S,S5,61.02057,-138.59494,2022-08-12,ES,1,LS,55,230,1,Pice gla,L,FA,E
YTHEMP-SEM-288569-S5,SHE,S,S5,61.02057,-138.59494,2022-08-12,ES,1,MS,150,160,15,Sali spp,L,FA,E
YTHEMP-SEM-288569-S5,SHE,S,S5,61.02057,-138.59494,2022-08-12,ES,1,TS,500,420,1,Pice gla,L,FA,E
YTHEMP-SEM-288569-S5,SHE,S,S5,61.02057,-138.59494,2022-08-12,ES,1,TR,NA,NA,NA,NA,NA,NA,NA
YTHEMP-SEM-288569-S5,SHE,S,S5,61.02057,-138.59494,2022-08-12,ES,2,VLS,26,290,1,Dasi fru,L,FA,E
YTHEMP-SEM-288569-S5,SHE,S,S5,61.02057,-138.59494,2022-08-12,ES,2,LS,70,240,2,Sali spp,L,FA,E
YTHEMP-SEM-288569-S5,SHE,S,S5,61.02057,-138.59494,2022-08-12,ES,2,MS,170,280,5,Sali spp,L,FA,E
YTHEMP-SEM-288569-S5,SHE,S,S5,61.02057,-138.59494,2022-08-12,ES,2,TS,205,700,15,Sali spp,L,FA,E
YTHEMP-SEM-288569-S5,SHE,S,S5,61.02057,-138.59494,2022-08-12,ES,2,TR,NA,NA,NA,NA,NA,NA,NA
YTHEMP-SEM-288569-S5,SHE,S,S5,61.02057,-138.59494,2022-08-12,NE,1,VLS,32,53,1,Sali spp,L,FA,E
YTHEMP-SEM-288569-S5,SHE,S,S5,61.02057,-138.59494,2022-08-12,NE,1,LS,89,260,2,Sali spp,L,FA,E
YTHEMP-SEM-288569-S5,SHE,S,S5,61.02057,-138.59494,2022-08-12,NE,1,MS,112,60,3,Sali spp,L,FA,E
YTHEMP-SEM-288569-S5,SHE,S,S5,61.02057,-138.59494,2022-08-12,NE,1,TS,260,80,4,Sali spp,L,FA,E
YTHEMP-SEM-288569-S5,SHE,S,S5,61.02057,-138.59494,2022-08-12,NE,1,TR,NA,NA,NA,NA,NA,NA,NA
YTHEMP-SEM-288569-S5,SHE,S,S5,61.02057,-138.59494,2022-08-12,NE,2,VLS,43,380,4,Shep can,L,FP,E
YTHEMP-SEM-288569-S5,SHE,S,S5,61.02057,-138.59494,2022-08-12,NE,2,LS,89,275,1,Sali spp,L,FA,E
YTHEMP-SEM-288569-S5,SHE,S,S5,61.02057,-138.59494,2022-08-12,NE,2,MS,137,320,5,Sali spp,L,FA,E
YTHEMP-SEM-288569-S5,SHE,S,S5,61.02057,-138.59494,2022-08-12,NE,2,TS,280,175,5,Sali spp,L,FA,E
YTHEMP-SEM-288569-S5,SHE,S,S5,61.02057,-138.59494,2022-08-12,NE,2,TR,NA,NA,NA,NA,NA,NA,NA
YTHEMP-SEM-288569-S5,SHE,S,S5,61.02057,-138.59494,2022-08-12,SW,1,VLS,18,60,2,Shep can,L,FP,E
YTHEMP-SEM-288569-S5,SHE,S,S5,61.02057,-138.59494,2022-08-12,SW,1,LS,70,130,5,Sali spp,L,FA,E
YTHEMP-SEM-288569-S5,SHE,S,S5,61.02057,-138.59494,2022-08-12,SW,1,MS,180,180,3,Sali spp,L,FA,E
YTHEMP-SEM-288569-S5,SHE,S,S5,61.02057,-138.59494,2022-08-12,SW,1,TS,235,130,2,Sali spp,L,FA,E
YTHEMP-SEM-288569-S5,SHE,S,S5,61.02057,-138.59494,2022-08-12,SW,1,TR,NA,NA,NA,NA,NA,NA,NA
YTHEMP-SEM-288569-S5,SHE,S,S5,61.02057,-138.59494,2022-08-12,SW,2,VLS,30,100,3,Sali spp,L,FA,E
YTHEMP-SEM-288569-S5,SHE,S,S5,61.02057,-138.59494,2022-08-12,SW,2,LS,65,130,2,Sali spp,L,FA,E
YTHEMP-SEM-288569-S5,SHE,S,S5,61.02057,-138.59494,2022-08-12,SW,2,MS,140,180,4,Sali spp,L,FA,E
YTHEMP-SEM-288569-S5,SHE,S,S5,61.02057,-138.59494,2022-08-12,SW,2,TS,225,260,4,Sali spp,L,FA,E
YTHEMP-SEM-288569-S5,SHE,S,S5,61.02057,-138.59494,2022-08-12,SW,2,TR,NA,NA,NA,NA,NA,NA,NA
YTHEMP-SEM-288569-S5,SHE,S,S5,61.02057,-138.59494,2022-08-12,WN,1,VLS,23,47,1,Sali spp,L,FA,E
YTHEMP-SEM-288569-S5,SHE,S,S5,61.02057,-138.59494,2022-08-12,WN,1,LS,90,17,2,Sali spp,L,FA,E
YTHEMP-SEM-288569-S5,SHE,S,S5,61.02057,-138.59494,2022-08-12,WN,1,MS,188,215,2,Sali spp,L,FA,E
YTHEMP-SEM-288569-S5,SHE,S,S5,61.02057,-138.59494,2022-08-12,WN,1,TS,210,240,3,Sali spp,L,FA,E
YTHEMP-SEM-288569-S5,SHE,S,S5,61.02057,-138.59494,2022-08-12,WN,1,TR,NA,NA,NA,NA,NA,NA,NA
YTHEMP-SEM-288569-S5,SHE,S,S5,61.02057,-138.59494,2022-08-12,WN,2,VLS,19,198,1,Dasi fru,L,FA,E
YTHEMP-SEM-288569-S5,SHE,S,S5,61.02057,-138.59494,2022-08-12,WN,2,LS,85,130,2,Sali spp,L,FA,E
YTHEMP-SEM-288569-S5,SHE,S,S5,61.02057,-138.59494,2022-08-12,WN,2,MS,167,260,4,Sali spp,L,FA,E
YTHEMP-SEM-288569-S5,SHE,S,S5,61.02057,-138.59494,2022-08-12,WN,2,TS,300,405,10,Sali spp,L,FA,E
YTHEMP-SEM-288569-S5,SHE,S,S5,61.02057,-138.59494,2022-08-12,WN,2,TR,NA,NA,NA,NA,NA,NA,NA
YTHEMP-SEM-288569-T1,SHE,T,T1,61.02552,-138.58052,2022-08-12,ES,1,LS,NA,NA,NA,NA,NA,NA,NA
YTHEMP-SEM-288569-T1,SHE,T,T1,61.02552,-138.58052,2022-08-12,ES,1,MS,NA,NA,NA,NA,NA,NA,NA
YTHEMP-SEM-288569-T1,SHE,T,T1,61.02552,-138.58052,2022-08-12,ES,1,TR,NA,NA,NA,NA,NA,NA,NA
YTHEMP-SEM-288569-T1,SHE,T,T1,61.02552,-138.58052,2022-08-12,ES,1,TS,NA,NA,NA,NA,NA,NA,NA
YTHEMP-SEM-288569-T1,SHE,T,T1,61.02552,-138.58052,2022-08-12,ES,1,VLS,NA,NA,NA,NA,NA,NA,NA
YTHEMP-SEM-288569-T1,SHE,T,T1,61.02552,-138.58052,2022-08-12,ES,2,LS,NA,NA,NA,NA,NA,NA,NA
YTHEMP-SEM-288569-T1,SHE,T,T1,61.02552,-138.58052,2022-08-12,ES,2,MS,NA,NA,NA,NA,NA,NA,NA
YTHEMP-SEM-288569-T1,SHE,T,T1,61.02552,-138.58052,2022-08-12,ES,2,TR,NA,NA,NA,NA,NA,NA,NA
YTHEMP-SEM-288569-T1,SHE,T,T1,61.02552,-138.58052,2022-08-12,ES,2,TS,NA,NA,NA,NA,NA,NA,NA
YTHEMP-SEM-288569-T1,SHE,T,T1,61.02552,-138.58052,2022-08-12,ES,2,VLS,NA,NA,NA,NA,NA,NA,NA
YTHEMP-SEM-288569-T1,SHE,T,T1,61.02552,-138.58052,2022-08-12,NE,1,LS,75,800,2,Sali spp,L,FA,E
YTHEMP-SEM-288569-T1,SHE,T,T1,61.02552,-138.58052,2022-08-12,NE,1,MS,NA,NA,NA,NA,NA,NA,NA
YTHEMP-SEM-288569-T1,SHE,T,T1,61.02552,-138.58052,2022-08-12,NE,1,TR,NA,NA,NA,NA,NA,NA,NA
YTHEMP-SEM-288569-T1,SHE,T,T1,61.02552,-138.58052,2022-08-12,NE,1,TS,NA,NA,NA,NA,NA,NA,NA
YTHEMP-SEM-288569-T1,SHE,T,T1,61.02552,-138.58052,2022-08-12,NE,1,VLS,NA,NA,NA,NA,NA,NA,NA
YTHEMP-SEM-288569-T1,SHE,T,T1,61.02552,-138.58052,2022-08-12,NE,2,LS,NA,NA,NA,NA,NA,NA,NA
YTHEMP-SEM-288569-T1,SHE,T,T1,61.02552,-138.58052,2022-08-12,NE,2,MS,NA,NA,NA,NA,NA,NA,NA
YTHEMP-SEM-288569-T1,SHE,T,T1,61.02552,-138.58052,2022-08-12,NE,2,TR,NA,NA,NA,NA,NA,NA,NA
YTHEMP-SEM-288569-T1,SHE,T,T1,61.02552,-138.58052,2022-08-12,NE,2,TS,NA,NA,NA,NA,NA,NA,NA
YTHEMP-SEM-288569-T1,SHE,T,T1,61.02552,-138.58052,2022-08-12,NE,2,VLS,NA,NA,NA,NA,NA,NA,NA
YTHEMP-SEM-288569-T1,SHE,T,T1,61.02552,-138.58052,2022-08-12,SW,1,LS,NA,NA,NA,NA,NA,NA,NA
YTHEMP-SEM-288569-T1,SHE,T,T1,61.02552,-138.58052,2022-08-12,SW,1,MS,NA,NA,NA,NA,NA,NA,NA
YTHEMP-SEM-288569-T1,SHE,T,T1,61.02552,-138.58052,2022-08-12,SW,1,TR,NA,NA,NA,NA,NA,NA,NA
YTHEMP-SEM-288569-T1,SHE,T,T1,61.02552,-138.58052,2022-08-12,SW,1,TS,NA,NA,NA,NA,NA,NA,NA
YTHEMP-SEM-288569-T1,SHE,T,T1,61.02552,-138.58052,2022-08-12,SW,1,VLS,NA,NA,NA,NA,NA,NA,NA
YTHEMP-SEM-288569-T1,SHE,T,T1,61.02552,-138.58052,2022-08-12,SW,2,LS,NA,NA,NA,NA,NA,NA,NA
YTHEMP-SEM-288569-T1,SHE,T,T1,61.02552,-138.58052,2022-08-12,SW,2,MS,NA,NA,NA,NA,NA,NA,NA
YTHEMP-SEM-288569-T1,SHE,T,T1,61.02552,-138.58052,2022-08-12,SW,2,TR,NA,NA,NA,NA,NA,NA,NA
YTHEMP-SEM-288569-T1,SHE,T,T1,61.02552,-138.58052,2022-08-12,SW,2,TS,NA,NA,NA,NA,NA,NA,NA
YTHEMP-SEM-288569-T1,SHE,T,T1,61.02552,-138.58052,2022-08-12,SW,2,VLS,NA,NA,NA,NA,NA,NA,NA
YTHEMP-SEM-288569-T1,SHE,T,T1,61.02552,-138.58052,2022-08-12,WN,1,LS,NA,NA,NA,NA,NA,NA,NA
YTHEMP-SEM-288569-T1,SHE,T,T1,61.02552,-138.58052,2022-08-12,WN,1,MS,NA,NA,NA,NA,NA,NA,NA
YTHEMP-SEM-288569-T1,SHE,T,T1,61.02552,-138.58052,2022-08-12,WN,1,TR,NA,NA,NA,NA,NA,NA,NA
YTHEMP-SEM-288569-T1,SHE,T,T1,61.02552,-138.58052,2022-08-12,WN,1,TS,NA,NA,NA,NA,NA,NA,NA
YTHEMP-SEM-288569-T1,SHE,T,T1,61.02552,-138.58052,2022-08-12,WN,1,VLS,NA,NA,NA,NA,NA,NA,NA
YTHEMP-SEM-288569-T1,SHE,T,T1,61.02552,-138.58052,2022-08-12,WN,2,LS,NA,NA,NA,NA,NA,NA,NA
YTHEMP-SEM-288569-T1,SHE,T,T1,61.02552,-138.58052,2022-08-12,WN,2,MS,NA,NA,NA,NA,NA,NA,NA
YTHEMP-SEM-288569-T1,SHE,T,T1,61.02552,-138.58052,2022-08-12,WN,2,TR,NA,NA,NA,NA,NA,NA,NA
YTHEMP-SEM-288569-T1,SHE,T,T1,61.02552,-138.58052,2022-08-12,WN,2,TS,NA,NA,NA,NA,NA,NA,NA
YTHEMP-SEM-288569-T1,SHE,T,T1,61.02552,-138.58052,2022-08-12,WN,2,VLS,NA,NA,NA,NA,NA,NA,NA
YTHEMP-SEM-288569-T2,SHE,T,T2,61.02611,-138.56537,2022-08-12,ES,1,LS,NA,NA,NA,NA,NA,NA,NA
YTHEMP-SEM-288569-T2,SHE,T,T2,61.02611,-138.56537,2022-08-12,ES,1,MS,NA,NA,NA,NA,NA,NA,NA
YTHEMP-SEM-288569-T2,SHE,T,T2,61.02611,-138.56537,2022-08-12,ES,1,TR,NA,NA,NA,NA,NA,NA,NA
YTHEMP-SEM-288569-T2,SHE,T,T2,61.02611,-138.56537,2022-08-12,ES,1,TS,NA,NA,NA,NA,NA,NA,NA
YTHEMP-SEM-288569-T2,SHE,T,T2,61.02611,-138.56537,2022-08-12,ES,1,VLS,NA,NA,NA,NA,NA,NA,NA
YTHEMP-SEM-288569-T2,SHE,T,T2,61.02611,-138.56537,2022-08-12,ES,2,LS,NA,NA,NA,NA,NA,NA,NA
YTHEMP-SEM-288569-T2,SHE,T,T2,61.02611,-138.56537,2022-08-12,ES,2,MS,NA,NA,NA,NA,NA,NA,NA
YTHEMP-SEM-288569-T2,SHE,T,T2,61.02611,-138.56537,2022-08-12,ES,2,TR,NA,NA,NA,NA,NA,NA,NA
YTHEMP-SEM-288569-T2,SHE,T,T2,61.02611,-138.56537,2022-08-12,ES,2,TS,NA,NA,NA,NA,NA,NA,NA
YTHEMP-SEM-288569-T2,SHE,T,T2,61.02611,-138.56537,2022-08-12,ES,2,VLS,NA,NA,NA,NA,NA,NA,NA
YTHEMP-SEM-288569-T2,SHE,T,T2,61.02611,-138.56537,2022-08-12,NE,1,LS,NA,NA,NA,NA,NA,NA,NA
YTHEMP-SEM-288569-T2,SHE,T,T2,61.02611,-138.56537,2022-08-12,NE,1,MS,NA,NA,NA,NA,NA,NA,NA
YTHEMP-SEM-288569-T2,SHE,T,T2,61.02611,-138.56537,2022-08-12,NE,1,TR,NA,NA,NA,NA,NA,NA,NA
YTHEMP-SEM-288569-T2,SHE,T,T2,61.02611,-138.56537,2022-08-12,NE,1,TS,NA,NA,NA,NA,NA,NA,NA
YTHEMP-SEM-288569-T2,SHE,T,T2,61.02611,-138.56537,2022-08-12,NE,1,VLS,NA,NA,NA,NA,NA,NA,NA
YTHEMP-SEM-288569-T2,SHE,T,T2,61.02611,-138.56537,2022-08-12,NE,2,LS,NA,NA,NA,NA,NA,NA,NA
YTHEMP-SEM-288569-T2,SHE,T,T2,61.02611,-138.56537,2022-08-12,NE,2,MS,NA,NA,NA,NA,NA,NA,NA
YTHEMP-SEM-288569-T2,SHE,T,T2,61.02611,-138.56537,2022-08-12,NE,2,TR,NA,NA,NA,NA,NA,NA,NA
YTHEMP-SEM-288569-T2,SHE,T,T2,61.02611,-138.56537,2022-08-12,NE,2,TS,NA,NA,NA,NA,NA,NA,NA
YTHEMP-SEM-288569-T2,SHE,T,T2,61.02611,-138.56537,2022-08-12,NE,2,VLS,NA,NA,NA,NA,NA,NA,NA
YTHEMP-SEM-288569-T2,SHE,T,T2,61.02611,-138.56537,2022-08-12,SW,1,LS,NA,NA,NA,NA,NA,NA,NA
YTHEMP-SEM-288569-T2,SHE,T,T2,61.02611,-138.56537,2022-08-12,SW,1,MS,NA,NA,NA,NA,NA,NA,NA
YTHEMP-SEM-288569-T2,SHE,T,T2,61.02611,-138.56537,2022-08-12,SW,1,TR,NA,NA,NA,NA,NA,NA,NA
YTHEMP-SEM-288569-T2,SHE,T,T2,61.02611,-138.56537,2022-08-12,SW,1,TS,NA,NA,NA,NA,NA,NA,NA
YTHEMP-SEM-288569-T2,SHE,T,T2,61.02611,-138.56537,2022-08-12,SW,1,VLS,NA,NA,NA,NA,NA,NA,NA
YTHEMP-SEM-288569-T2,SHE,T,T2,61.02611,-138.56537,2022-08-12,SW,2,LS,NA,NA,NA,NA,NA,NA,NA
YTHEMP-SEM-288569-T2,SHE,T,T2,61.02611,-138.56537,2022-08-12,SW,2,MS,NA,NA,NA,NA,NA,NA,NA
YTHEMP-SEM-288569-T2,SHE,T,T2,61.02611,-138.56537,2022-08-12,SW,2,TR,NA,NA,NA,NA,NA,NA,NA
YTHEMP-SEM-288569-T2,SHE,T,T2,61.02611,-138.56537,2022-08-12,SW,2,TS,NA,NA,NA,NA,NA,NA,NA
YTHEMP-SEM-288569-T2,SHE,T,T2,61.02611,-138.56537,2022-08-12,SW,2,VLS,NA,NA,NA,NA,NA,NA,NA
YTHEMP-SEM-288569-T2,SHE,T,T2,61.02611,-138.56537,2022-08-12,WN,1,LS,NA,NA,NA,NA,NA,NA,NA
YTHEMP-SEM-288569-T2,SHE,T,T2,61.02611,-138.56537,2022-08-12,WN,1,MS,NA,NA,NA,NA,NA,NA,NA
YTHEMP-SEM-288569-T2,SHE,T,T2,61.02611,-138.56537,2022-08-12,WN,1,TR,NA,NA,NA,NA,NA,NA,NA
YTHEMP-SEM-288569-T2,SHE,T,T2,61.02611,-138.56537,2022-08-12,WN,1,TS,NA,NA,NA,NA,NA,NA,NA
YTHEMP-SEM-288569-T2,SHE,T,T2,61.02611,-138.56537,2022-08-12,WN,1,VLS,NA,NA,NA,NA,NA,NA,NA
YTHEMP-SEM-288569-T2,SHE,T,T2,61.02611,-138.56537,2022-08-12,WN,2,LS,NA,NA,NA,NA,NA,NA,NA
YTHEMP-SEM-288569-T2,SHE,T,T2,61.02611,-138.56537,2022-08-12,WN,2,MS,NA,NA,NA,NA,NA,NA,NA
YTHEMP-SEM-288569-T2,SHE,T,T2,61.02611,-138.56537,2022-08-12,WN,2,TR,NA,NA,NA,NA,NA,NA,NA
YTHEMP-SEM-288569-T2,SHE,T,T2,61.02611,-138.56537,2022-08-12,WN,2,TS,NA,NA,NA,NA,NA,NA,NA
YTHEMP-SEM-288569-T2,SHE,T,T2,61.02611,-138.56537,2022-08-12,WN,2,VLS,NA,NA,NA,NA,NA,NA,NA
YTHEMP-SEM-288569-T3,SHE,T,T3,61.02575,-138.55888,2022-08-12,ES,1,LS,NA,NA,NA,NA,NA,NA,NA
YTHEMP-SEM-288569-T3,SHE,T,T3,61.02575,-138.55888,2022-08-12,ES,1,MS,NA,NA,NA,NA,NA,NA,NA
YTHEMP-SEM-288569-T3,SHE,T,T3,61.02575,-138.55888,2022-08-12,ES,1,TR,NA,NA,NA,NA,NA,NA,NA
YTHEMP-SEM-288569-T3,SHE,T,T3,61.02575,-138.55888,2022-08-12,ES,1,TS,NA,NA,NA,NA,NA,NA,NA
YTHEMP-SEM-288569-T3,SHE,T,T3,61.02575,-138.55888,2022-08-12,ES,1,VLS,NA,NA,NA,NA,NA,NA,NA
YTHEMP-SEM-288569-T3,SHE,T,T3,61.02575,-138.55888,2022-08-12,ES,2,LS,NA,NA,NA,NA,NA,NA,NA
YTHEMP-SEM-288569-T3,SHE,T,T3,61.02575,-138.55888,2022-08-12,ES,2,MS,NA,NA,NA,NA,NA,NA,NA
YTHEMP-SEM-288569-T3,SHE,T,T3,61.02575,-138.55888,2022-08-12,ES,2,TR,NA,NA,NA,NA,NA,NA,NA
YTHEMP-SEM-288569-T3,SHE,T,T3,61.02575,-138.55888,2022-08-12,ES,2,TS,NA,NA,NA,NA,NA,NA,NA
YTHEMP-SEM-288569-T3,SHE,T,T3,61.02575,-138.55888,2022-08-12,ES,2,VLS,NA,NA,NA,NA,NA,NA,NA
YTHEMP-SEM-288569-T3,SHE,T,T3,61.02575,-138.55888,2022-08-12,NE,1,LS,NA,NA,NA,NA,NA,NA,NA
YTHEMP-SEM-288569-T3,SHE,T,T3,61.02575,-138.55888,2022-08-12,NE,1,MS,NA,NA,NA,NA,NA,NA,NA
YTHEMP-SEM-288569-T3,SHE,T,T3,61.02575,-138.55888,2022-08-12,NE,1,TR,NA,NA,NA,NA,NA,NA,NA
YTHEMP-SEM-288569-T3,SHE,T,T3,61.02575,-138.55888,2022-08-12,NE,1,TS,NA,NA,NA,NA,NA,NA,NA
YTHEMP-SEM-288569-T3,SHE,T,T3,61.02575,-138.55888,2022-08-12,NE,1,VLS,NA,NA,NA,NA,NA,NA,NA
YTHEMP-SEM-288569-T3,SHE,T,T3,61.02575,-138.55888,2022-08-12,NE,2,LS,NA,NA,NA,NA,NA,NA,NA
YTHEMP-SEM-288569-T3,SHE,T,T3,61.02575,-138.55888,2022-08-12,NE,2,MS,NA,NA,NA,NA,NA,NA,NA
YTHEMP-SEM-288569-T3,SHE,T,T3,61.02575,-138.55888,2022-08-12,NE,2,TR,NA,NA,NA,NA,NA,NA,NA
YTHEMP-SEM-288569-T3,SHE,T,T3,61.02575,-138.55888,2022-08-12,NE,2,TS,NA,NA,NA,NA,NA,NA,NA
YTHEMP-SEM-288569-T3,SHE,T,T3,61.02575,-138.55888,2022-08-12,NE,2,VLS,NA,NA,NA,NA,NA,NA,NA
YTHEMP-SEM-288569-T3,SHE,T,T3,61.02575,-138.55888,2022-08-12,SW,1,LS,NA,NA,NA,NA,NA,NA,NA
YTHEMP-SEM-288569-T3,SHE,T,T3,61.02575,-138.55888,2022-08-12,SW,1,MS,NA,NA,NA,NA,NA,NA,NA
YTHEMP-SEM-288569-T3,SHE,T,T3,61.02575,-138.55888,2022-08-12,SW,1,TR,NA,NA,NA,NA,NA,NA,NA
YTHEMP-SEM-288569-T3,SHE,T,T3,61.02575,-138.55888,2022-08-12,SW,1,TS,NA,NA,NA,NA,NA,NA,NA
YTHEMP-SEM-288569-T3,SHE,T,T3,61.02575,-138.55888,2022-08-12,SW,1,VLS,NA,NA,NA,NA,NA,NA,NA
YTHEMP-SEM-288569-T3,SHE,T,T3,61.02575,-138.55888,2022-08-12,SW,2,LS,NA,NA,NA,NA,NA,NA,NA
YTHEMP-SEM-288569-T3,SHE,T,T3,61.02575,-138.55888,2022-08-12,SW,2,MS,NA,NA,NA,NA,NA,NA,NA
YTHEMP-SEM-288569-T3,SHE,T,T3,61.02575,-138.55888,2022-08-12,SW,2,TR,NA,NA,NA,NA,NA,NA,NA
YTHEMP-SEM-288569-T3,SHE,T,T3,61.02575,-138.55888,2022-08-12,SW,2,TS,NA,NA,NA,NA,NA,NA,NA
YTHEMP-SEM-288569-T3,SHE,T,T3,61.02575,-138.55888,2022-08-12,SW,2,VLS,NA,NA,NA,NA,NA,NA,NA
YTHEMP-SEM-288569-T3,SHE,T,T3,61.02575,-138.55888,2022-08-12,WN,1,LS,NA,NA,NA,NA,NA,NA,NA
YTHEMP-SEM-288569-T3,SHE,T,T3,61.02575,-138.55888,2022-08-12,WN,1,MS,NA,NA,NA,NA,NA,NA,NA
YTHEMP-SEM-288569-T3,SHE,T,T3,61.02575,-138.55888,2022-08-12,WN,1,TR,NA,NA,NA,NA,NA,NA,NA
YTHEMP-SEM-288569-T3,SHE,T,T3,61.02575,-138.55888,2022-08-12,WN,1,TS,NA,NA,NA,NA,NA,NA,NA
YTHEMP-SEM-288569-T3,SHE,T,T3,61.02575,-138.55888,2022-08-12,WN,1,VLS,NA,NA,NA,NA,NA,NA,NA
YTHEMP-SEM-288569-T3,SHE,T,T3,61.02575,-138.55888,2022-08-12,WN,2,LS,NA,NA,NA,NA,NA,NA,NA
YTHEMP-SEM-288569-T3,SHE,T,T3,61.02575,-138.55888,2022-08-12,WN,2,MS,NA,NA,NA,NA,NA,NA,NA
YTHEMP-SEM-288569-T3,SHE,T,T3,61.02575,-138.55888,2022-08-12,WN,2,TR,NA,NA,NA,NA,NA,NA,NA
YTHEMP-SEM-288569-T3,SHE,T,T3,61.02575,-138.55888,2022-08-12,WN,2,TS,NA,NA,NA,NA,NA,NA,NA
YTHEMP-SEM-288569-T3,SHE,T,T3,61.02575,-138.55888,2022-08-12,WN,2,VLS,NA,NA,NA,NA,NA,NA,NA
YTHEMP-SEM-288569-T4,SHE,T,T4,61.02359,-138.56729,2022-08-12,ES,1,LS,NA,NA,NA,NA,NA,NA,NA
YTHEMP-SEM-288569-T4,SHE,T,T4,61.02359,-138.56729,2022-08-12,ES,1,MS,NA,NA,NA,NA,NA,NA,NA
YTHEMP-SEM-288569-T4,SHE,T,T4,61.02359,-138.56729,2022-08-12,ES,1,TR,NA,NA,NA,NA,NA,NA,NA
YTHEMP-SEM-288569-T4,SHE,T,T4,61.02359,-138.56729,2022-08-12,ES,1,TS,NA,NA,NA,NA,NA,NA,NA
YTHEMP-SEM-288569-T4,SHE,T,T4,61.02359,-138.56729,2022-08-12,ES,1,VLS,NA,NA,NA,NA,NA,NA,NA
YTHEMP-SEM-288569-T4,SHE,T,T4,61.02359,-138.56729,2022-08-12,ES,2,LS,NA,NA,NA,NA,NA,NA,NA
YTHEMP-SEM-288569-T4,SHE,T,T4,61.02359,-138.56729,2022-08-12,ES,2,MS,NA,NA,NA,NA,NA,NA,NA
YTHEMP-SEM-288569-T4,SHE,T,T4,61.02359,-138.56729,2022-08-12,ES,2,TR,NA,NA,NA,NA,NA,NA,NA
YTHEMP-SEM-288569-T4,SHE,T,T4,61.02359,-138.56729,2022-08-12,ES,2,TS,NA,NA,NA,NA,NA,NA,NA
YTHEMP-SEM-288569-T4,SHE,T,T4,61.02359,-138.56729,2022-08-12,ES,2,VLS,NA,NA,NA,NA,NA,NA,NA
YTHEMP-SEM-288569-T4,SHE,T,T4,61.02359,-138.56729,2022-08-12,NE,1,VLS,17,55,10,Sali spp,L,FA,E
YTHEMP-SEM-288569-T4,SHE,T,T4,61.02359,-138.56729,2022-08-12,NE,1,LS,NA,NA,NA,NA,NA,NA,NA
YTHEMP-SEM-288569-T4,SHE,T,T4,61.02359,-138.56729,2022-08-12,NE,1,MS,NA,NA,NA,NA,NA,NA,NA
YTHEMP-SEM-288569-T4,SHE,T,T4,61.02359,-138.56729,2022-08-12,NE,1,TR,NA,NA,NA,NA,NA,NA,NA
YTHEMP-SEM-288569-T4,SHE,T,T4,61.02359,-138.56729,2022-08-12,NE,1,TS,NA,NA,NA,NA,NA,NA,NA
YTHEMP-SEM-288569-T4,SHE,T,T4,61.02359,-138.56729,2022-08-12,NE,2,VLS,17,60,10,Sali spp,L,FA,E
YTHEMP-SEM-288569-T4,SHE,T,T4,61.02359,-138.56729,2022-08-12,NE,2,LS,NA,NA,NA,NA,NA,NA,NA
YTHEMP-SEM-288569-T4,SHE,T,T4,61.02359,-138.56729,2022-08-12,NE,2,MS,NA,NA,NA,NA,NA,NA,NA
YTHEMP-SEM-288569-T4,SHE,T,T4,61.02359,-138.56729,2022-08-12,NE,2,TR,NA,NA,NA,NA,NA,NA,NA
YTHEMP-SEM-288569-T4,SHE,T,T4,61.02359,-138.56729,2022-08-12,NE,2,TS,NA,NA,NA,NA,NA,NA,NA
YTHEMP-SEM-288569-T4,SHE,T,T4,61.02359,-138.56729,2022-08-12,SW,1,LS,NA,NA,NA,NA,NA,NA,NA
YTHEMP-SEM-288569-T4,SHE,T,T4,61.02359,-138.56729,2022-08-12,SW,1,MS,NA,NA,NA,NA,NA,NA,NA
YTHEMP-SEM-288569-T4,SHE,T,T4,61.02359,-138.56729,2022-08-12,SW,1,TR,NA,NA,NA,NA,NA,NA,NA
YTHEMP-SEM-288569-T4,SHE,T,T4,61.02359,-138.56729,2022-08-12,SW,1,TS,NA,NA,NA,NA,NA,NA,NA
YTHEMP-SEM-288569-T4,SHE,T,T4,61.02359,-138.56729,2022-08-12,SW,1,VLS,NA,NA,NA,NA,NA,NA,NA
YTHEMP-SEM-288569-T4,SHE,T,T4,61.02359,-138.56729,2022-08-12,SW,2,LS,NA,NA,NA,NA,NA,NA,NA
YTHEMP-SEM-288569-T4,SHE,T,T4,61.02359,-138.56729,2022-08-12,SW,2,MS,NA,NA,NA,NA,NA,NA,NA
YTHEMP-SEM-288569-T4,SHE,T,T4,61.02359,-138.56729,2022-08-12,SW,2,TR,NA,NA,NA,NA,NA,NA,NA
YTHEMP-SEM-288569-T4,SHE,T,T4,61.02359,-138.56729,2022-08-12,SW,2,TS,NA,NA,NA,NA,NA,NA,NA
YTHEMP-SEM-288569-T4,SHE,T,T4,61.02359,-138.56729,2022-08-12,SW,2,VLS,NA,NA,NA,NA,NA,NA,NA
YTHEMP-SEM-288569-T4,SHE,T,T4,61.02359,-138.56729,2022-08-12,WN,1,LS,NA,NA,NA,NA,NA,NA,NA
YTHEMP-SEM-288569-T4,SHE,T,T4,61.02359,-138.56729,2022-08-12,WN,1,MS,NA,NA,NA,NA,NA,NA,NA
YTHEMP-SEM-288569-T4,SHE,T,T4,61.02359,-138.56729,2022-08-12,WN,1,TR,NA,NA,NA,NA,NA,NA,NA
YTHEMP-SEM-288569-T4,SHE,T,T4,61.02359,-138.56729,2022-08-12,WN,1,TS,NA,NA,NA,NA,NA,NA,NA
YTHEMP-SEM-288569-T4,SHE,T,T4,61.02359,-138.56729,2022-08-12,WN,1,VLS,NA,NA,NA,NA,NA,NA,NA
YTHEMP-SEM-288569-T4,SHE,T,T4,61.02359,-138.56729,2022-08-12,WN,2,LS,NA,NA,NA,NA,NA,NA,NA
YTHEMP-SEM-288569-T4,SHE,T,T4,61.02359,-138.56729,2022-08-12,WN,2,MS,NA,NA,NA,NA,NA,NA,NA
YTHEMP-SEM-288569-T4,SHE,T,T4,61.02359,-138.56729,2022-08-12,WN,2,TR,NA,NA,NA,NA,NA,NA,NA
YTHEMP-SEM-288569-T4,SHE,T,T4,61.02359,-138.56729,2022-08-12,WN,2,TS,NA,NA,NA,NA,NA,NA,NA
YTHEMP-SEM-288569-T4,SHE,T,T4,61.02359,-138.56729,2022-08-12,WN,2,VLS,NA,NA,NA,NA,NA,NA,NA
YTHEMP-SEM-288569-T5,SHE,T,T5,61.02391,-138.57347,2022-08-12,ES,1,LS,NA,NA,NA,NA,NA,NA,NA
YTHEMP-SEM-288569-T5,SHE,T,T5,61.02391,-138.57347,2022-08-12,ES,1,MS,NA,NA,NA,NA,NA,NA,NA
YTHEMP-SEM-288569-T5,SHE,T,T5,61.02391,-138.57347,2022-08-12,ES,1,TR,NA,NA,NA,NA,NA,NA,NA
YTHEMP-SEM-288569-T5,SHE,T,T5,61.02391,-138.57347,2022-08-12,ES,1,TS,NA,NA,NA,NA,NA,NA,NA
YTHEMP-SEM-288569-T5,SHE,T,T5,61.02391,-138.57347,2022-08-12,ES,1,VLS,NA,NA,NA,NA,NA,NA,NA
YTHEMP-SEM-288569-T5,SHE,T,T5,61.02391,-138.57347,2022-08-12,ES,2,LS,NA,NA,NA,NA,NA,NA,NA
YTHEMP-SEM-288569-T5,SHE,T,T5,61.02391,-138.57347,2022-08-12,ES,2,MS,NA,NA,NA,NA,NA,NA,NA
YTHEMP-SEM-288569-T5,SHE,T,T5,61.02391,-138.57347,2022-08-12,ES,2,TR,NA,NA,NA,NA,NA,NA,NA
YTHEMP-SEM-288569-T5,SHE,T,T5,61.02391,-138.57347,2022-08-12,ES,2,TS,NA,NA,NA,NA,NA,NA,NA
YTHEMP-SEM-288569-T5,SHE,T,T5,61.02391,-138.57347,2022-08-12,ES,2,VLS,NA,NA,NA,NA,NA,NA,NA
YTHEMP-SEM-288569-T5,SHE,T,T5,61.02391,-138.57347,2022-08-12,NE,1,LS,NA,NA,NA,NA,NA,NA,NA
YTHEMP-SEM-288569-T5,SHE,T,T5,61.02391,-138.57347,2022-08-12,NE,1,MS,NA,NA,NA,NA,NA,NA,NA
YTHEMP-SEM-288569-T5,SHE,T,T5,61.02391,-138.57347,2022-08-12,NE,1,TR,NA,NA,NA,NA,NA,NA,NA
YTHEMP-SEM-288569-T5,SHE,T,T5,61.02391,-138.57347,2022-08-12,NE,1,TS,NA,NA,NA,NA,NA,NA,NA
YTHEMP-SEM-288569-T5,SHE,T,T5,61.02391,-138.57347,2022-08-12,NE,1,VLS,NA,NA,NA,NA,NA,NA,NA
YTHEMP-SEM-288569-T5,SHE,T,T5,61.02391,-138.57347,2022-08-12,NE,2,LS,NA,NA,NA,NA,NA,NA,NA
YTHEMP-SEM-288569-T5,SHE,T,T5,61.02391,-138.57347,2022-08-12,NE,2,MS,NA,NA,NA,NA,NA,NA,NA
YTHEMP-SEM-288569-T5,SHE,T,T5,61.02391,-138.57347,2022-08-12,NE,2,TR,NA,NA,NA,NA,NA,NA,NA
YTHEMP-SEM-288569-T5,SHE,T,T5,61.02391,-138.57347,2022-08-12,NE,2,TS,NA,NA,NA,NA,NA,NA,NA
YTHEMP-SEM-288569-T5,SHE,T,T5,61.02391,-138.57347,2022-08-12,NE,2,VLS,NA,NA,NA,NA,NA,NA,NA
YTHEMP-SEM-288569-T5,SHE,T,T5,61.02391,-138.57347,2022-08-12,SW,1,LS,NA,NA,NA,NA,NA,NA,NA
YTHEMP-SEM-288569-T5,SHE,T,T5,61.02391,-138.57347,2022-08-12,SW,1,MS,NA,NA,NA,NA,NA,NA,NA
YTHEMP-SEM-288569-T5,SHE,T,T5,61.02391,-138.57347,2022-08-12,SW,1,TR,NA,NA,NA,NA,NA,NA,NA
YTHEMP-SEM-288569-T5,SHE,T,T5,61.02391,-138.57347,2022-08-12,SW,1,TS,NA,NA,NA,NA,NA,NA,NA
YTHEMP-SEM-288569-T5,SHE,T,T5,61.02391,-138.57347,2022-08-12,SW,1,VLS,NA,NA,NA,NA,NA,NA,NA
YTHEMP-SEM-288569-T5,SHE,T,T5,61.02391,-138.57347,2022-08-12,SW,2,LS,NA,NA,NA,NA,NA,NA,NA
YTHEMP-SEM-288569-T5,SHE,T,T5,61.02391,-138.57347,2022-08-12,SW,2,MS,NA,NA,NA,NA,NA,NA,NA
YTHEMP-SEM-288569-T5,SHE,T,T5,61.02391,-138.57347,2022-08-12,SW,2,TR,NA,NA,NA,NA,NA,NA,NA
YTHEMP-SEM-288569-T5,SHE,T,T5,61.02391,-138.57347,2022-08-12,SW,2,TS,NA,NA,NA,NA,NA,NA,NA
YTHEMP-SEM-288569-T5,SHE,T,T5,61.02391,-138.57347,2022-08-12,SW,2,VLS,NA,NA,NA,NA,NA,NA,NA
YTHEMP-SEM-288569-T5,SHE,T,T5,61.02391,-138.57347,2022-08-12,WN,1,LS,NA,NA,NA,NA,NA,NA,NA
YTHEMP-SEM-288569-T5,SHE,T,T5,61.02391,-138.57347,2022-08-12,WN,1,MS,NA,NA,NA,NA,NA,NA,NA
YTHEMP-SEM-288569-T5,SHE,T,T5,61.02391,-138.57347,2022-08-12,WN,1,TR,NA,NA,NA,NA,NA,NA,NA
YTHEMP-SEM-288569-T5,SHE,T,T5,61.02391,-138.57347,2022-08-12,WN,1,TS,NA,NA,NA,NA,NA,NA,NA
YTHEMP-SEM-288569-T5,SHE,T,T5,61.02391,-138.57347,2022-08-12,WN,1,VLS,NA,NA,NA,NA,NA,NA,NA
YTHEMP-SEM-288569-T5,SHE,T,T5,61.02391,-138.57347,2022-08-12,WN,2,LS,NA,NA,NA,NA,NA,NA,NA
YTHEMP-SEM-288569-T5,SHE,T,T5,61.02391,-138.57347,2022-08-12,WN,2,MS,NA,NA,NA,NA,NA,NA,NA
YTHEMP-SEM-288569-T5,SHE,T,T5,61.02391,-138.57347,2022-08-12,WN,2,TR,NA,NA,NA,NA,NA,NA,NA
YTHEMP-SEM-288569-T5,SHE,T,T5,61.02391,-138.57347,2022-08-12,WN,2,TS,NA,NA,NA,NA,NA,NA,NA
YTHEMP-SEM-288569-T5,SHE,T,T5,61.02391,-138.57347,2022-08-12,WN,2,VLS,NA,NA,NA,NA,NA,NA,NA
YTHEMP-YSL-271089-S1,STO,S,S1,60.857159,-135.985927,2022-07-19,ES,1,VLS,45,250,10,Betu gla,L,FA,E
YTHEMP-YSL-271089-S1,STO,S,S1,60.857159,-135.985927,2022-07-19,ES,1,LS,80,270,1,Popu tre,L,FA,E
YTHEMP-YSL-271089-S1,STO,S,S1,60.857159,-135.985927,2022-07-19,ES,1,MS,140,400,1,Popu bal,L,FA,E
YTHEMP-YSL-271089-S1,STO,S,S1,60.857159,-135.985927,2022-07-19,ES,1,TS,275,210,4,Sali spp,L,FA,E
YTHEMP-YSL-271089-S1,STO,S,S1,60.857159,-135.985927,2022-07-19,ES,1,TR,NA,NA,NA,NA,NA,NA,NA
YTHEMP-YSL-271089-S1,STO,S,S1,60.857159,-135.985927,2022-07-19,ES,2,VLS,35,500,1,Sali spp,L,FA,E
YTHEMP-YSL-271089-S1,STO,S,S1,60.857159,-135.985927,2022-07-19,ES,2,LS,65,270,3,Sali spp,L,FA,E
YTHEMP-YSL-271089-S1,STO,S,S1,60.857159,-135.985927,2022-07-19,ES,2,MS,130,460,1,Popu bal,L,FA,E
YTHEMP-YSL-271089-S1,STO,S,S1,60.857159,-135.985927,2022-07-19,ES,2,TS,210,330,1,Popu bal,L,FA,E
YTHEMP-YSL-271089-S1,STO,S,S1,60.857159,-135.985927,2022-07-19,ES,2,TR,NA,NA,NA,NA,NA,NA,NA
YTHEMP-YSL-271089-S1,STO,S,S1,60.857159,-135.985927,2022-07-19,NE,1,VLS,25,300,1,Sali spp,L,FA,E
YTHEMP-YSL-271089-S1,STO,S,S1,60.857159,-135.985927,2022-07-19,NE,1,LS,70,360,30,Betu gla,L,FA,E
YTHEMP-YSL-271089-S1,STO,S,S1,60.857159,-135.985927,2022-07-19,NE,1,MS,120,590,2,Popu bal,L,FA,E
YTHEMP-YSL-271089-S1,STO,S,S1,60.857159,-135.985927,2022-07-19,NE,1,TS,600,500,1,Pice gla,L,FA,E
YTHEMP-YSL-271089-S1,STO,S,S1,60.857159,-135.985927,2022-07-19,NE,1,TR,NA,NA,NA,NA,NA,NA,NA
YTHEMP-YSL-271089-S1,STO,S,S1,60.857159,-135.985927,2022-07-19,NE,2,VLS,35,340,1,Sali spp,L,FA,E
YTHEMP-YSL-271089-S1,STO,S,S1,60.857159,-135.985927,2022-07-19,NE,2,LS,55,550,4,Sali spp,L,FA,E
YTHEMP-YSL-271089-S1,STO,S,S1,60.857159,-135.985927,2022-07-19,NE,2,MS,175,630,2,Popu bal,L,FA,E
YTHEMP-YSL-271089-S1,STO,S,S1,60.857159,-135.985927,2022-07-19,NE,2,TS,250,810,1,Popu bal,L,FA,E
YTHEMP-YSL-271089-S1,STO,S,S1,60.857159,-135.985927,2022-07-19,NE,2,TR,NA,NA,NA,NA,NA,NA,NA
YTHEMP-YSL-271089-S1,STO,S,S1,60.857159,-135.985927,2022-07-19,SW,1,VLS,25,290,1,Betu gla,L,FA,E
YTHEMP-YSL-271089-S1,STO,S,S1,60.857159,-135.985927,2022-07-19,SW,1,LS,80,110,5,Sali spp,L,FA,E
YTHEMP-YSL-271089-S1,STO,S,S1,60.857159,-135.985927,2022-07-19,SW,1,MS,105,250,2,Sali spp,L,FA,E
YTHEMP-YSL-271089-S1,STO,S,S1,60.857159,-135.985927,2022-07-19,SW,1,TS,225,270,1,Sali spp,L,FA,E
YTHEMP-YSL-271089-S1,STO,S,S1,60.857159,-135.985927,2022-07-19,SW,1,TR,NA,NA,NA,NA,NA,NA,NA
YTHEMP-YSL-271089-S1,STO,S,S1,60.857159,-135.985927,2022-07-19,SW,2,VLS,40,330,1,Betu gla,L,FA,E
YTHEMP-YSL-271089-S1,STO,S,S1,60.857159,-135.985927,2022-07-19,SW,2,LS,60,120,7,Betu gla,L,FA,E
YTHEMP-YSL-271089-S1,STO,S,S1,60.857159,-135.985927,2022-07-19,SW,2,MS,150,280,1,Sali spp,L,FA,E
YTHEMP-YSL-271089-S1,STO,S,S1,60.857159,-135.985927,2022-07-19,SW,2,TS,240,290,1,Sali spp,L,FA,E
YTHEMP-YSL-271089-S1,STO,S,S1,60.857159,-135.985927,2022-07-19,SW,2,TR,NA,NA,NA,NA,NA,NA,NA
YTHEMP-YSL-271089-S1,STO,S,S1,60.857159,-135.985927,2022-07-19,WN,1,VLS,30,110,1,Sali spp,L,FA,E
YTHEMP-YSL-271089-S1,STO,S,S1,60.857159,-135.985927,2022-07-19,WN,1,LS,75,80,1,Sali spp,L,FA,E
YTHEMP-YSL-271089-S1,STO,S,S1,60.857159,-135.985927,2022-07-19,WN,1,MS,190,40,1,Sali spp,L,FA,E
YTHEMP-YSL-271089-S1,STO,S,S1,60.857159,-135.985927,2022-07-19,WN,1,TS,350,250,1,Pice gla,L,FA,E
YTHEMP-YSL-271089-S1,STO,S,S1,60.857159,-135.985927,2022-07-19,WN,1,TR,NA,NA,NA,NA,NA,NA,NA
YTHEMP-YSL-271089-S1,STO,S,S1,60.857159,-135.985927,2022-07-19,WN,2,VLS,45,150,5,Betu gla,L,FA,E
YTHEMP-YSL-271089-S1,STO,S,S1,60.857159,-135.985927,2022-07-19,WN,2,LS,75,200,2,Betu gla,L,FA,E
YTHEMP-YSL-271089-S1,STO,S,S1,60.857159,-135.985927,2022-07-19,WN,2,MS,180,50,1,Sali spp,L,FA,E
YTHEMP-YSL-271089-S1,STO,S,S1,60.857159,-135.985927,2022-07-19,WN,2,TS,300,360,5,Sali spp,L,FA,E
YTHEMP-YSL-271089-S1,STO,S,S1,60.857159,-135.985927,2022-07-19,WN,2,TR,NA,NA,NA,NA,NA,NA,NA
YTHEMP-YSL-271089-S2,STO,S,S2,60.862688,-135.981025,2022-07-19,ES,1,VLS,34,40,1,Sali spp,L,FA,E
YTHEMP-YSL-271089-S2,STO,S,S2,60.862688,-135.981025,2022-07-19,ES,1,LS,90,57,4,Sali spp,L,FA,E
YTHEMP-YSL-271089-S2,STO,S,S2,60.862688,-135.981025,2022-07-19,ES,1,MS,109,88,1,Sali spp,L,FA,E
YTHEMP-YSL-271089-S2,STO,S,S2,60.862688,-135.981025,2022-07-19,ES,1,TS,340,170,1,Abie las,L,FA,E
YTHEMP-YSL-271089-S2,STO,S,S2,60.862688,-135.981025,2022-07-19,ES,1,TR,NA,NA,NA,NA,NA,NA,NA
YTHEMP-YSL-271089-S2,STO,S,S2,60.862688,-135.981025,2022-07-19,ES,2,VLS,17,48,1,Betu gla,L,FA,E
YTHEMP-YSL-271089-S2,STO,S,S2,60.862688,-135.981025,2022-07-19,ES,2,LS,60,109,5,Betu gla,L,FA,E
YTHEMP-YSL-271089-S2,STO,S,S2,60.862688,-135.981025,2022-07-19,ES,2,MS,151,250,1,Pice gla,L,FA,E
YTHEMP-YSL-271089-S2,STO,S,S2,60.862688,-135.981025,2022-07-19,ES,2,TR,NA,NA,NA,NA,NA,NA,NA
YTHEMP-YSL-271089-S2,STO,S,S2,60.862688,-135.981025,2022-07-19,ES,2,TS,NA,NA,NA,NA,NA,NA,NA
YTHEMP-YSL-271089-S2,STO,S,S2,60.862688,-135.981025,2022-07-19,NE,1,VLS,30,20,1,Sali spp,L,FA,E
YTHEMP-YSL-271089-S2,STO,S,S2,60.862688,-135.981025,2022-07-19,NE,1,LS,75,21,9,Sali spp,L,FA,E
YTHEMP-YSL-271089-S2,STO,S,S2,60.862688,-135.981025,2022-07-19,NE,1,MS,199,502,2,Pice gla,L,FA,E
YTHEMP-YSL-271089-S2,STO,S,S2,60.862688,-135.981025,2022-07-19,NE,1,TS,215,789,1,Pice gla,L,FA,E
YTHEMP-YSL-271089-S2,STO,S,S2,60.862688,-135.981025,2022-07-19,NE,1,TR,NA,NA,NA,NA,NA,NA,NA
YTHEMP-YSL-271089-S2,STO,S,S2,60.862688,-135.981025,2022-07-19,NE,2,VLS,40,35,1,Betu gla,L,FA,E
YTHEMP-YSL-271089-S2,STO,S,S2,60.862688,-135.981025,2022-07-19,NE,2,LS,78,60,10,Betu gla,L,FA,E
YTHEMP-YSL-271089-S2,STO,S,S2,60.862688,-135.981025,2022-07-19,NE,2,MS,140,607,6,Pice gla,L,FA,E
YTHEMP-YSL-271089-S2,STO,S,S2,60.862688,-135.981025,2022-07-19,NE,2,TR,NA,NA,NA,NA,NA,NA,NA
YTHEMP-YSL-271089-S2,STO,S,S2,60.862688,-135.981025,2022-07-19,NE,2,TS,NA,NA,NA,NA,NA,NA,NA
YTHEMP-YSL-271089-S2,STO,S,S2,60.862688,-135.981025,2022-07-19,SW,1,VLS,17,27,3,Vacc uli,L,FP,E
YTHEMP-YSL-271089-S2,STO,S,S2,60.862688,-135.981025,2022-07-19,SW,1,LS,74,72,4,Sali spp,L,FA,E
YTHEMP-YSL-271089-S2,STO,S,S2,60.862688,-135.981025,2022-07-19,SW,1,MS,122,110,1,Pice gla,L,FA,E
YTHEMP-YSL-271089-S2,STO,S,S2,60.862688,-135.981025,2022-07-19,SW,1,TR,NA,NA,NA,NA,NA,NA,NA
YTHEMP-YSL-271089-S2,STO,S,S2,60.862688,-135.981025,2022-07-19,SW,1,TS,NA,NA,NA,NA,NA,NA,NA
YTHEMP-YSL-271089-S2,STO,S,S2,60.862688,-135.981025,2022-07-19,SW,2,VLS,41,78,1,Betu gla,L,FA,E
YTHEMP-YSL-271089-S2,STO,S,S2,60.862688,-135.981025,2022-07-19,SW,2,LS,89,92,2,Sali spp,L,FA,E
YTHEMP-YSL-271089-S2,STO,S,S2,60.862688,-135.981025,2022-07-19,SW,2,MS,118,141,1,Sali spp,L,FA,E
YTHEMP-YSL-271089-S2,STO,S,S2,60.862688,-135.981025,2022-07-19,SW,2,TR,NA,NA,NA,NA,NA,NA,NA
YTHEMP-YSL-271089-S2,STO,S,S2,60.862688,-135.981025,2022-07-19,SW,2,TS,NA,NA,NA,NA,NA,NA,NA
YTHEMP-YSL-271089-S2,STO,S,S2,60.862688,-135.981025,2022-07-19,WN,1,VLS,30,66,3,Ledu gro,L,FA,E
YTHEMP-YSL-271089-S2,STO,S,S2,60.862688,-135.981025,2022-07-19,WN,1,LS,75,45,2,Sali spp,L,FA,E
YTHEMP-YSL-271089-S2,STO,S,S2,60.862688,-135.981025,2022-07-19,WN,1,MS,136,140,3,Pice gla,L,FA,E
YTHEMP-YSL-271089-S2,STO,S,S2,60.862688,-135.981025,2022-07-19,WN,1,TR,NA,NA,NA,NA,NA,NA,NA
YTHEMP-YSL-271089-S2,STO,S,S2,60.862688,-135.981025,2022-07-19,WN,1,TS,NA,NA,NA,NA,NA,NA,NA
YTHEMP-YSL-271089-S2,STO,S,S2,60.862688,-135.981025,2022-07-19,WN,2,VLS,29,79,2,Betu gla,L,FA,E
YTHEMP-YSL-271089-S2,STO,S,S2,60.862688,-135.981025,2022-07-19,WN,2,LS,65,55,3,Sali spp,L,FA,E
YTHEMP-YSL-271089-S2,STO,S,S2,60.862688,-135.981025,2022-07-19,WN,2,MS,137,735,1,Pice gla,L,FA,E
YTHEMP-YSL-271089-S2,STO,S,S2,60.862688,-135.981025,2022-07-19,WN,2,TR,NA,NA,NA,NA,NA,NA,NA
YTHEMP-YSL-271089-S2,STO,S,S2,60.862688,-135.981025,2022-07-19,WN,2,TS,NA,NA,NA,NA,NA,NA,NA
YTHEMP-YSL-271089-S3,STO,S,S3,60.857455,-135.974913,2022-07-19,ES,1,VLS,35,350,1,Betu gla,L,FA,E
YTHEMP-YSL-271089-S3,STO,S,S3,60.857455,-135.974913,2022-07-19,ES,1,LS,90,360,10,Alnu spp,L,FA,E
YTHEMP-YSL-271089-S3,STO,S,S3,60.857455,-135.974913,2022-07-19,ES,1,MS,160,350,4,Alnu spp,L,FA,E
YTHEMP-YSL-271089-S3,STO,S,S3,60.857455,-135.974913,2022-07-19,ES,1,TS,210,140,15,Alnu spp,L,FA,E
YTHEMP-YSL-271089-S3,STO,S,S3,60.857455,-135.974913,2022-07-19,ES,1,TR,NA,NA,NA,NA,NA,NA,NA
YTHEMP-YSL-271089-S3,STO,S,S3,60.857455,-135.974913,2022-07-19,ES,2,VLS,35,350,5,Betu gla,L,FA,E
YTHEMP-YSL-271089-S3,STO,S,S3,60.857455,-135.974913,2022-07-19,ES,2,LS,70,450,10,Betu gla,L,FA,E
YTHEMP-YSL-271089-S3,STO,S,S3,60.857455,-135.974913,2022-07-19,ES,2,MS,140,470,15,Alnu spp,L,FA,E
YTHEMP-YSL-271089-S3,STO,S,S3,60.857455,-135.974913,2022-07-19,ES,2,TS,240,150,15,Alnu spp,L,FA,E
YTHEMP-YSL-271089-S3,STO,S,S3,60.857455,-135.974913,2022-07-19,ES,2,TR,NA,NA,NA,NA,NA,NA,NA
YTHEMP-YSL-271089-S3,STO,S,S3,60.857455,-135.974913,2022-07-19,NE,1,VLS,20,320,1,Betu gla,L,FA,E
YTHEMP-YSL-271089-S3,STO,S,S3,60.857455,-135.974913,2022-07-19,NE,1,LS,80,490,10,Betu gla,L,FA,E
YTHEMP-YSL-271089-S3,STO,S,S3,60.857455,-135.974913,2022-07-19,NE,1,MS,195,200,10,Alnu spp,L,FA,E
YTHEMP-YSL-271089-S3,STO,S,S3,60.857455,-135.974913,2022-07-19,NE,1,TS,220,550,15,Alnu spp,L,FA,E
YTHEMP-YSL-271089-S3,STO,S,S3,60.857455,-135.974913,2022-07-19,NE,1,TR,NA,NA,NA,NA,NA,NA,NA
YTHEMP-YSL-271089-S3,STO,S,S3,60.857455,-135.974913,2022-07-19,NE,2,VLS,35,390,2,Betu gla,L,FA,E
YTHEMP-YSL-271089-S3,STO,S,S3,60.857455,-135.974913,2022-07-19,NE,2,LS,80,500,1,Alnu spp,L,FA,E
YTHEMP-YSL-271089-S3,STO,S,S3,60.857455,-135.974913,2022-07-19,NE,2,MS,195,350,10,Alnu spp,L,FA,E
YTHEMP-YSL-271089-S3,STO,S,S3,60.857455,-135.974913,2022-07-19,NE,2,TS,300,650,1,Pice gla,L,FA,E
YTHEMP-YSL-271089-S3,STO,S,S3,60.857455,-135.974913,2022-07-19,NE,2,TR,NA,NA,NA,NA,NA,NA,NA
YTHEMP-YSL-271089-S3,STO,S,S3,60.857455,-135.974913,2022-07-19,SW,1,VLS,35,300,2,Sali spp,L,FA,E
YTHEMP-YSL-271089-S3,STO,S,S3,60.857455,-135.974913,2022-07-19,SW,1,LS,80,540,10,Betu gla,L,FA,E
YTHEMP-YSL-271089-S3,STO,S,S3,60.857455,-135.974913,2022-07-19,SW,1,MS,180,80,4,Alnu spp,L,FA,E
YTHEMP-YSL-271089-S3,STO,S,S3,60.857455,-135.974913,2022-07-19,SW,1,TS,230,190,15,Alnu spp,L,FA,E
YTHEMP-YSL-271089-S3,STO,S,S3,60.857455,-135.974913,2022-07-19,SW,1,TR,NA,NA,NA,NA,NA,NA,NA
YTHEMP-YSL-271089-S3,STO,S,S3,60.857455,-135.974913,2022-07-19,SW,2,VLS,20,350,10,Ledu gro,L,FA,E
YTHEMP-YSL-271089-S3,STO,S,S3,60.857455,-135.974913,2022-07-19,SW,2,LS,60,540,10,Betu gla,L,FA,E
YTHEMP-YSL-271089-S3,STO,S,S3,60.857455,-135.974913,2022-07-19,SW,2,MS,150,200,15,Alnu spp,L,FA,E
YTHEMP-YSL-271089-S3,STO,S,S3,60.857455,-135.974913,2022-07-19,SW,2,TS,240,350,15,Alnu spp,L,FA,E
YTHEMP-YSL-271089-S3,STO,S,S3,60.857455,-135.974913,2022-07-19,SW,2,TR,NA,NA,NA,NA,NA,NA,NA
YTHEMP-YSL-271089-S3,STO,S,S3,60.857455,-135.974913,2022-07-19,WN,1,VLS,30,200,3,Betu gla,L,FA,E
YTHEMP-YSL-271089-S3,STO,S,S3,60.857455,-135.974913,2022-07-19,WN,1,LS,70,300,3,Sali spp,L,FA,E
YTHEMP-YSL-271089-S3,STO,S,S3,60.857455,-135.974913,2022-07-19,WN,1,MS,190,70,15,Alnu spp,L,FA,E
YTHEMP-YSL-271089-S3,STO,S,S3,60.857455,-135.974913,2022-07-19,WN,1,TS,260,660,15,Alnu spp,L,FA,E
YTHEMP-YSL-271089-S3,STO,S,S3,60.857455,-135.974913,2022-07-19,WN,1,TR,NA,NA,NA,NA,NA,NA,NA
YTHEMP-YSL-271089-S3,STO,S,S3,60.857455,-135.974913,2022-07-19,WN,2,VLS,45,250,1,Betu gla,L,FA,E
YTHEMP-YSL-271089-S3,STO,S,S3,60.857455,-135.974913,2022-07-19,WN,2,LS,90,300,10,Betu gla,L,FA,E
YTHEMP-YSL-271089-S3,STO,S,S3,60.857455,-135.974913,2022-07-19,WN,2,MS,140,520,10,Betu gla,L,FA,E
YTHEMP-YSL-271089-S3,STO,S,S3,60.857455,-135.974913,2022-07-19,WN,2,TS,220,440,10,Alnu spp,L,FA,E
YTHEMP-YSL-271089-S3,STO,S,S3,60.857455,-135.974913,2022-07-19,WN,2,TR,NA,NA,NA,NA,NA,NA,NA
YTHEMP-YSL-272275-D5,STO,S,S4,60.873745,-135.971216,2022-07-19,ES,1,VLS,30,770,2,Sali spp,L,FA,E
YTHEMP-YSL-272275-D5,STO,S,S4,60.873745,-135.971216,2022-07-19,ES,1,LS,NA,NA,NA,NA,NA,NA,NA
YTHEMP-YSL-272275-D5,STO,S,S4,60.873745,-135.971216,2022-07-19,ES,1,MS,NA,NA,NA,NA,NA,NA,NA
YTHEMP-YSL-272275-D5,STO,S,S4,60.873745,-135.971216,2022-07-19,ES,1,TR,NA,NA,NA,NA,NA,NA,NA
YTHEMP-YSL-272275-D5,STO,S,S4,60.873745,-135.971216,2022-07-19,ES,1,TS,NA,NA,NA,NA,NA,NA,NA
YTHEMP-YSL-272275-D5,STO,S,S4,60.873745,-135.971216,2022-07-19,ES,2,VLS,40,850,5,Sali spp,L,FA,E
YTHEMP-YSL-272275-D5,STO,S,S4,60.873745,-135.971216,2022-07-19,ES,2,LS,NA,NA,NA,NA,NA,NA,NA
YTHEMP-YSL-272275-D5,STO,S,S4,60.873745,-135.971216,2022-07-19,ES,2,MS,NA,NA,NA,NA,NA,NA,NA
YTHEMP-YSL-272275-D5,STO,S,S4,60.873745,-135.971216,2022-07-19,ES,2,TR,NA,NA,NA,NA,NA,NA,NA
YTHEMP-YSL-272275-D5,STO,S,S4,60.873745,-135.971216,2022-07-19,ES,2,TS,NA,NA,NA,NA,NA,NA,NA
YTHEMP-YSL-272275-D5,STO,S,S4,60.873745,-135.971216,2022-07-19,NE,1,VLS,45,660,4,Sali spp,L,FA,E
YTHEMP-YSL-272275-D5,STO,S,S4,60.873745,-135.971216,2022-07-19,NE,1,LS,60,940,1,Sali spp,L,FA,E
YTHEMP-YSL-272275-D5,STO,S,S4,60.873745,-135.971216,2022-07-19,NE,1,MS,NA,NA,NA,NA,NA,NA,NA
YTHEMP-YSL-272275-D5,STO,S,S4,60.873745,-135.971216,2022-07-19,NE,1,TR,NA,NA,NA,NA,NA,NA,NA
YTHEMP-YSL-272275-D5,STO,S,S4,60.873745,-135.971216,2022-07-19,NE,1,TS,NA,NA,NA,NA,NA,NA,NA
YTHEMP-YSL-272275-D5,STO,S,S4,60.873745,-135.971216,2022-07-19,NE,2,VLS,25,770,6,Betu gla,L,FA,M
YTHEMP-YSL-272275-D5,STO,S,S4,60.873745,-135.971216,2022-07-19,NE,2,LS,65,960,1,Sali spp,L,FA,E
YTHEMP-YSL-272275-D5,STO,S,S4,60.873745,-135.971216,2022-07-19,NE,2,MS,NA,NA,NA,NA,NA,NA,NA
YTHEMP-YSL-272275-D5,STO,S,S4,60.873745,-135.971216,2022-07-19,NE,2,TR,NA,NA,NA,NA,NA,NA,NA
YTHEMP-YSL-272275-D5,STO,S,S4,60.873745,-135.971216,2022-07-19,NE,2,TS,NA,NA,NA,NA,NA,NA,NA
YTHEMP-YSL-272275-D5,STO,S,S4,60.873745,-135.971216,2022-07-19,SW,1,LS,NA,NA,NA,NA,NA,NA,NA
YTHEMP-YSL-272275-D5,STO,S,S4,60.873745,-135.971216,2022-07-19,SW,1,MS,NA,NA,NA,NA,NA,NA,NA
YTHEMP-YSL-272275-D5,STO,S,S4,60.873745,-135.971216,2022-07-19,SW,1,TR,NA,NA,NA,NA,NA,NA,NA
YTHEMP-YSL-272275-D5,STO,S,S4,60.873745,-135.971216,2022-07-19,SW,1,TS,NA,NA,NA,NA,NA,NA,NA
YTHEMP-YSL-272275-D5,STO,S,S4,60.873745,-135.971216,2022-07-19,SW,1,VLS,NA,NA,NA,NA,NA,NA,NA
YTHEMP-YSL-272275-D5,STO,S,S4,60.873745,-135.971216,2022-07-19,SW,2,LS,NA,NA,NA,NA,NA,NA,NA
YTHEMP-YSL-272275-D5,STO,S,S4,60.873745,-135.971216,2022-07-19,SW,2,MS,NA,NA,NA,NA,NA,NA,NA
YTHEMP-YSL-272275-D5,STO,S,S4,60.873745,-135.971216,2022-07-19,SW,2,TR,NA,NA,NA,NA,NA,NA,NA
YTHEMP-YSL-272275-D5,STO,S,S4,60.873745,-135.971216,2022-07-19,SW,2,TS,NA,NA,NA,NA,NA,NA,NA
YTHEMP-YSL-272275-D5,STO,S,S4,60.873745,-135.971216,2022-07-19,SW,2,VLS,NA,NA,NA,NA,NA,NA,NA
YTHEMP-YSL-272275-D5,STO,S,S4,60.873745,-135.971216,2022-07-19,WN,1,VLS,42,500,10,Betu gla,L,FA,E
YTHEMP-YSL-272275-D5,STO,S,S4,60.873745,-135.971216,2022-07-19,WN,1,LS,80,830,5,Sali spp,L,FA,E
YTHEMP-YSL-272275-D5,STO,S,S4,60.873745,-135.971216,2022-07-19,WN,1,MS,NA,NA,NA,NA,NA,NA,NA
YTHEMP-YSL-272275-D5,STO,S,S4,60.873745,-135.971216,2022-07-19,WN,1,TR,NA,NA,NA,NA,NA,NA,NA
YTHEMP-YSL-272275-D5,STO,S,S4,60.873745,-135.971216,2022-07-19,WN,1,TS,NA,NA,NA,NA,NA,NA,NA
YTHEMP-YSL-272275-D5,STO,S,S4,60.873745,-135.971216,2022-07-19,WN,2,VLS,30,560,5,Betu gla,L,FA,E
YTHEMP-YSL-272275-D5,STO,S,S4,60.873745,-135.971216,2022-07-19,WN,2,LS,95,860,4,Sali spp,L,FA,E
YTHEMP-YSL-272275-D5,STO,S,S4,60.873745,-135.971216,2022-07-19,WN,2,MS,NA,NA,NA,NA,NA,NA,NA
YTHEMP-YSL-272275-D5,STO,S,S4,60.873745,-135.971216,2022-07-19,WN,2,TR,NA,NA,NA,NA,NA,NA,NA
YTHEMP-YSL-272275-D5,STO,S,S4,60.873745,-135.971216,2022-07-19,WN,2,TS,NA,NA,NA,NA,NA,NA,NA
YTHEMP-YSL-272275-D7,STO,S,S5,60.873449,-135.982237,2022-07-19,ES,1,VLS,40,240,2,Betu gla,L,FA,E
YTHEMP-YSL-272275-D7,STO,S,S5,60.873449,-135.982237,2022-07-19,ES,1,LS,55,440,5,Betu gla,L,FA,E
YTHEMP-YSL-272275-D7,STO,S,S5,60.873449,-135.982237,2022-07-19,ES,1,MS,105,960,1,Sali spp,L,FA,E
YTHEMP-YSL-272275-D7,STO,S,S5,60.873449,-135.982237,2022-07-19,ES,1,TR,NA,NA,NA,NA,NA,NA,NA
YTHEMP-YSL-272275-D7,STO,S,S5,60.873449,-135.982237,2022-07-19,ES,1,TS,NA,NA,NA,NA,NA,NA,NA
YTHEMP-YSL-272275-D7,STO,S,S5,60.873449,-135.982237,2022-07-19,ES,2,VLS,40,270,3,Betu gla,L,FA,E
YTHEMP-YSL-272275-D7,STO,S,S5,60.873449,-135.982237,2022-07-19,ES,2,LS,90,570,7,Sali spp,L,FA,E
YTHEMP-YSL-272275-D7,STO,S,S5,60.873449,-135.982237,2022-07-19,ES,2,MS,NA,NA,NA,NA,NA,NA,NA
YTHEMP-YSL-272275-D7,STO,S,S5,60.873449,-135.982237,2022-07-19,ES,2,TR,NA,NA,NA,NA,NA,NA,NA
YTHEMP-YSL-272275-D7,STO,S,S5,60.873449,-135.982237,2022-07-19,ES,2,TS,NA,NA,NA,NA,NA,NA,NA
YTHEMP-YSL-272275-D7,STO,S,S5,60.873449,-135.982237,2022-07-19,NE,1,VLS,15,120,1,Vacc uli,L,FP,E
YTHEMP-YSL-272275-D7,STO,S,S5,60.873449,-135.982237,2022-07-19,NE,1,LS,70,380,1,Sali spp,L,FA,E
YTHEMP-YSL-272275-D7,STO,S,S5,60.873449,-135.982237,2022-07-19,NE,1,MS,120,990,4,Sali spp,L,FA,E
YTHEMP-YSL-272275-D7,STO,S,S5,60.873449,-135.982237,2022-07-19,NE,1,TR,NA,NA,NA,NA,NA,NA,NA
YTHEMP-YSL-272275-D7,STO,S,S5,60.873449,-135.982237,2022-07-19,NE,1,TS,NA,NA,NA,NA,NA,NA,NA
YTHEMP-YSL-272275-D7,STO,S,S5,60.873449,-135.982237,2022-07-19,NE,2,VLS,25,210,1,Sali spp,L,FA,E
YTHEMP-YSL-272275-D7,STO,S,S5,60.873449,-135.982237,2022-07-19,NE,2,LS,70,530,2,Sali spp,L,FA,E
YTHEMP-YSL-272275-D7,STO,S,S5,60.873449,-135.982237,2022-07-19,NE,2,MS,NA,NA,NA,NA,NA,NA,NA
YTHEMP-YSL-272275-D7,STO,S,S5,60.873449,-135.982237,2022-07-19,NE,2,TR,NA,NA,NA,NA,NA,NA,NA
YTHEMP-YSL-272275-D7,STO,S,S5,60.873449,-135.982237,2022-07-19,NE,2,TS,NA,NA,NA,NA,NA,NA,NA
YTHEMP-YSL-272275-D7,STO,S,S5,60.873449,-135.982237,2022-07-19,SW,1,VLS,45,300,10,Betu gla,L,FA,E
YTHEMP-YSL-272275-D7,STO,S,S5,60.873449,-135.982237,2022-07-19,SW,1,LS,85,220,1,Betu gla,L,FA,E
YTHEMP-YSL-272275-D7,STO,S,S5,60.873449,-135.982237,2022-07-19,SW,1,MS,115,500,4,Sali spp,L,FA,E
YTHEMP-YSL-272275-D7,STO,S,S5,60.873449,-135.982237,2022-07-19,SW,1,TR,NA,NA,NA,NA,NA,NA,NA
YTHEMP-YSL-272275-D7,STO,S,S5,60.873449,-135.982237,2022-07-19,SW,1,TS,NA,NA,NA,NA,NA,NA,NA
YTHEMP-YSL-272275-D7,STO,S,S5,60.873449,-135.982237,2022-07-19,SW,2,VLS,45,330,3,Betu gla,L,FA,E
YTHEMP-YSL-272275-D7,STO,S,S5,60.873449,-135.982237,2022-07-19,SW,2,LS,75,230,2,Betu gla,L,FA,E
YTHEMP-YSL-272275-D7,STO,S,S5,60.873449,-135.982237,2022-07-19,SW,2,MS,105,530,2,Sali spp,L,FA,E
YTHEMP-YSL-272275-D7,STO,S,S5,60.873449,-135.982237,2022-07-19,SW,2,TR,NA,NA,NA,NA,NA,NA,NA
YTHEMP-YSL-272275-D7,STO,S,S5,60.873449,-135.982237,2022-07-19,SW,2,TS,NA,NA,NA,NA,NA,NA,NA
YTHEMP-YSL-272275-D7,STO,S,S5,60.873449,-135.982237,2022-07-19,WN,1,VLS,25,135,5,Sali spp,L,FA,E
YTHEMP-YSL-272275-D7,STO,S,S5,60.873449,-135.982237,2022-07-19,WN,1,LS,55,290,1,Sali spp,L,FA,E
YTHEMP-YSL-272275-D7,STO,S,S5,60.873449,-135.982237,2022-07-19,WN,1,MS,NA,NA,NA,NA,NA,NA,NA
YTHEMP-YSL-272275-D7,STO,S,S5,60.873449,-135.982237,2022-07-19,WN,1,TR,NA,NA,NA,NA,NA,NA,NA
YTHEMP-YSL-272275-D7,STO,S,S5,60.873449,-135.982237,2022-07-19,WN,1,TS,NA,NA,NA,NA,NA,NA,NA
YTHEMP-YSL-272275-D7,STO,S,S5,60.873449,-135.982237,2022-07-19,WN,2,VLS,22,180,5,Sali spp,L,FA,E
YTHEMP-YSL-272275-D7,STO,S,S5,60.873449,-135.982237,2022-07-19,WN,2,LS,80,320,7,Sali spp,L,FA,E
YTHEMP-YSL-272275-D7,STO,S,S5,60.873449,-135.982237,2022-07-19,WN,2,MS,NA,NA,NA,NA,NA,NA,NA
YTHEMP-YSL-272275-D7,STO,S,S5,60.873449,-135.982237,2022-07-19,WN,2,TR,NA,NA,NA,NA,NA,NA,NA
YTHEMP-YSL-272275-D7,STO,S,S5,60.873449,-135.982237,2022-07-19,WN,2,TS,NA,NA,NA,NA,NA,NA,NA
YTHEMP-YSL-272275-T1,STO,T,T1,60.870611,-135.987443,2022-07-19,ES,1,VLS,36,93,2,Betu gla,L,FA,E
YTHEMP-YSL-272275-T1,STO,T,T1,60.870611,-135.987443,2022-07-19,ES,1,LS,50,454,7,Sali spp,L,FA,E
YTHEMP-YSL-272275-T1,STO,T,T1,60.870611,-135.987443,2022-07-19,ES,1,MS,NA,NA,NA,NA,NA,NA,NA
YTHEMP-YSL-272275-T1,STO,T,T1,60.870611,-135.987443,2022-07-19,ES,1,TR,NA,NA,NA,NA,NA,NA,NA
YTHEMP-YSL-272275-T1,STO,T,T1,60.870611,-135.987443,2022-07-19,ES,1,TS,NA,NA,NA,NA,NA,NA,NA
YTHEMP-YSL-272275-T1,STO,T,T1,60.870611,-135.987443,2022-07-19,ES,2,VLS,34,105,4,Betu gla,L,FA,E
YTHEMP-YSL-272275-T1,STO,T,T1,60.870611,-135.987443,2022-07-19,ES,2,LS,53,468,7,Sali spp,L,FA,E
YTHEMP-YSL-272275-T1,STO,T,T1,60.870611,-135.987443,2022-07-19,ES,2,MS,NA,NA,NA,NA,NA,NA,NA
YTHEMP-YSL-272275-T1,STO,T,T1,60.870611,-135.987443,2022-07-19,ES,2,TR,NA,NA,NA,NA,NA,NA,NA
YTHEMP-YSL-272275-T1,STO,T,T1,60.870611,-135.987443,2022-07-19,ES,2,TS,NA,NA,NA,NA,NA,NA,NA
YTHEMP-YSL-272275-T1,STO,T,T1,60.870611,-135.987443,2022-07-19,NE,1,VLS,16,13,8,Empe nig,L,FP,E
YTHEMP-YSL-272275-T1,STO,T,T1,60.870611,-135.987443,2022-07-19,NE,1,LS,80,239,6,Sali spp,L,FA,E
YTHEMP-YSL-272275-T1,STO,T,T1,60.870611,-135.987443,2022-07-19,NE,1,MS,NA,NA,NA,NA,NA,NA,NA
YTHEMP-YSL-272275-T1,STO,T,T1,60.870611,-135.987443,2022-07-19,NE,1,TR,NA,NA,NA,NA,NA,NA,NA
YTHEMP-YSL-272275-T1,STO,T,T1,60.870611,-135.987443,2022-07-19,NE,1,TS,NA,NA,NA,NA,NA,NA,NA
YTHEMP-YSL-272275-T1,STO,T,T1,60.870611,-135.987443,2022-07-19,NE,2,VLS,16,16,5,Empe nig,L,FP,E
YTHEMP-YSL-272275-T1,STO,T,T1,60.870611,-135.987443,2022-07-19,NE,2,LS,72,264,4,Sali spp,L,FA,E
YTHEMP-YSL-272275-T1,STO,T,T1,60.870611,-135.987443,2022-07-19,NE,2,MS,NA,NA,NA,NA,NA,NA,NA
YTHEMP-YSL-272275-T1,STO,T,T1,60.870611,-135.987443,2022-07-19,NE,2,TR,NA,NA,NA,NA,NA,NA,NA
YTHEMP-YSL-272275-T1,STO,T,T1,60.870611,-135.987443,2022-07-19,NE,2,TS,NA,NA,NA,NA,NA,NA,NA
YTHEMP-YSL-272275-T1,STO,T,T1,60.870611,-135.987443,2022-07-19,SW,1,VLS,39,66,3,Betu gla,L,FA,E
YTHEMP-YSL-272275-T1,STO,T,T1,60.870611,-135.987443,2022-07-19,SW,1,LS,58,104,5,Betu gla,L,FA,E
YTHEMP-YSL-272275-T1,STO,T,T1,60.870611,-135.987443,2022-07-19,SW,1,MS,NA,NA,NA,NA,NA,NA,NA
YTHEMP-YSL-272275-T1,STO,T,T1,60.870611,-135.987443,2022-07-19,SW,1,TR,NA,NA,NA,NA,NA,NA,NA
YTHEMP-YSL-272275-T1,STO,T,T1,60.870611,-135.987443,2022-07-19,SW,1,TS,NA,NA,NA,NA,NA,NA,NA
YTHEMP-YSL-272275-T1,STO,T,T1,60.870611,-135.987443,2022-07-19,SW,2,VLS,38,78,6,Betu gla,L,FA,E
YTHEMP-YSL-272275-T1,STO,T,T1,60.870611,-135.987443,2022-07-19,SW,2,LS,54,99,8,Betu gla,L,FA,E
YTHEMP-YSL-272275-T1,STO,T,T1,60.870611,-135.987443,2022-07-19,SW,2,MS,NA,NA,NA,NA,NA,NA,NA
YTHEMP-YSL-272275-T1,STO,T,T1,60.870611,-135.987443,2022-07-19,SW,2,TR,NA,NA,NA,NA,NA,NA,NA
YTHEMP-YSL-272275-T1,STO,T,T1,60.870611,-135.987443,2022-07-19,SW,2,TS,NA,NA,NA,NA,NA,NA,NA
YTHEMP-YSL-272275-T1,STO,T,T1,60.870611,-135.987443,2022-07-19,WN,1,VLS,17,23,1,Betu gla,L,FA,E
YTHEMP-YSL-272275-T1,STO,T,T1,60.870611,-135.987443,2022-07-19,WN,1,LS,70,94,3,Betu gla,L,FA,E
YTHEMP-YSL-272275-T1,STO,T,T1,60.870611,-135.987443,2022-07-19,WN,1,MS,107,257,2,Sali spp,L,FA,E
YTHEMP-YSL-272275-T1,STO,T,T1,60.870611,-135.987443,2022-07-19,WN,1,TR,NA,NA,NA,NA,NA,NA,NA
YTHEMP-YSL-272275-T1,STO,T,T1,60.870611,-135.987443,2022-07-19,WN,1,TS,NA,NA,NA,NA,NA,NA,NA
YTHEMP-YSL-272275-T1,STO,T,T1,60.870611,-135.987443,2022-07-19,WN,2,VLS,16,28,1,Betu gla,L,FA,E
YTHEMP-YSL-272275-T1,STO,T,T1,60.870611,-135.987443,2022-07-19,WN,2,LS,50,99,2,Betu gla,L,FA,E
YTHEMP-YSL-272275-T1,STO,T,T1,60.870611,-135.987443,2022-07-19,WN,2,MS,130,885,2,Abie las,L,FA,E
YTHEMP-YSL-272275-T1,STO,T,T1,60.870611,-135.987443,2022-07-19,WN,2,TR,NA,NA,NA,NA,NA,NA,NA
YTHEMP-YSL-272275-T1,STO,T,T1,60.870611,-135.987443,2022-07-19,WN,2,TS,NA,NA,NA,NA,NA,NA,NA
YTHEMP-YSL-272275-T2,STO,T,T2,60.873301,-135.987747,2022-07-19,ES,1,LS,NA,NA,NA,NA,NA,NA,NA
YTHEMP-YSL-272275-T2,STO,T,T2,60.873301,-135.987747,2022-07-19,ES,1,MS,NA,NA,NA,NA,NA,NA,NA
YTHEMP-YSL-272275-T2,STO,T,T2,60.873301,-135.987747,2022-07-19,ES,1,TR,NA,NA,NA,NA,NA,NA,NA
YTHEMP-YSL-272275-T2,STO,T,T2,60.873301,-135.987747,2022-07-19,ES,1,TS,NA,NA,NA,NA,NA,NA,NA
YTHEMP-YSL-272275-T2,STO,T,T2,60.873301,-135.987747,2022-07-19,ES,1,VLS,NA,NA,NA,NA,NA,NA,NA
YTHEMP-YSL-272275-T2,STO,T,T2,60.873301,-135.987747,2022-07-19,ES,2,LS,NA,NA,NA,NA,NA,NA,NA
YTHEMP-YSL-272275-T2,STO,T,T2,60.873301,-135.987747,2022-07-19,ES,2,MS,NA,NA,NA,NA,NA,NA,NA
YTHEMP-YSL-272275-T2,STO,T,T2,60.873301,-135.987747,2022-07-19,ES,2,TR,NA,NA,NA,NA,NA,NA,NA
YTHEMP-YSL-272275-T2,STO,T,T2,60.873301,-135.987747,2022-07-19,ES,2,TS,NA,NA,NA,NA,NA,NA,NA
YTHEMP-YSL-272275-T2,STO,T,T2,60.873301,-135.987747,2022-07-19,ES,2,VLS,NA,NA,NA,NA,NA,NA,NA
YTHEMP-YSL-272275-T2,STO,T,T2,60.873301,-135.987747,2022-07-19,NE,1,LS,NA,NA,NA,NA,NA,NA,NA
YTHEMP-YSL-272275-T2,STO,T,T2,60.873301,-135.987747,2022-07-19,NE,1,MS,NA,NA,NA,NA,NA,NA,NA
YTHEMP-YSL-272275-T2,STO,T,T2,60.873301,-135.987747,2022-07-19,NE,1,TR,NA,NA,NA,NA,NA,NA,NA
YTHEMP-YSL-272275-T2,STO,T,T2,60.873301,-135.987747,2022-07-19,NE,1,TS,NA,NA,NA,NA,NA,NA,NA
YTHEMP-YSL-272275-T2,STO,T,T2,60.873301,-135.987747,2022-07-19,NE,1,VLS,NA,NA,NA,NA,NA,NA,NA
YTHEMP-YSL-272275-T2,STO,T,T2,60.873301,-135.987747,2022-07-19,NE,2,LS,NA,NA,NA,NA,NA,NA,NA
YTHEMP-YSL-272275-T2,STO,T,T2,60.873301,-135.987747,2022-07-19,NE,2,MS,NA,NA,NA,NA,NA,NA,NA
YTHEMP-YSL-272275-T2,STO,T,T2,60.873301,-135.987747,2022-07-19,NE,2,TR,NA,NA,NA,NA,NA,NA,NA
YTHEMP-YSL-272275-T2,STO,T,T2,60.873301,-135.987747,2022-07-19,NE,2,TS,NA,NA,NA,NA,NA,NA,NA
YTHEMP-YSL-272275-T2,STO,T,T2,60.873301,-135.987747,2022-07-19,NE,2,VLS,NA,NA,NA,NA,NA,NA,NA
YTHEMP-YSL-272275-T2,STO,T,T2,60.873301,-135.987747,2022-07-19,SW,1,LS,NA,NA,NA,NA,NA,NA,NA
YTHEMP-YSL-272275-T2,STO,T,T2,60.873301,-135.987747,2022-07-19,SW,1,MS,NA,NA,NA,NA,NA,NA,NA
YTHEMP-YSL-272275-T2,STO,T,T2,60.873301,-135.987747,2022-07-19,SW,1,TR,NA,NA,NA,NA,NA,NA,NA
YTHEMP-YSL-272275-T2,STO,T,T2,60.873301,-135.987747,2022-07-19,SW,1,TS,NA,NA,NA,NA,NA,NA,NA
YTHEMP-YSL-272275-T2,STO,T,T2,60.873301,-135.987747,2022-07-19,SW,1,VLS,NA,NA,NA,NA,NA,NA,NA
YTHEMP-YSL-272275-T2,STO,T,T2,60.873301,-135.987747,2022-07-19,SW,2,LS,NA,NA,NA,NA,NA,NA,NA
YTHEMP-YSL-272275-T2,STO,T,T2,60.873301,-135.987747,2022-07-19,SW,2,MS,NA,NA,NA,NA,NA,NA,NA
YTHEMP-YSL-272275-T2,STO,T,T2,60.873301,-135.987747,2022-07-19,SW,2,TR,NA,NA,NA,NA,NA,NA,NA
YTHEMP-YSL-272275-T2,STO,T,T2,60.873301,-135.987747,2022-07-19,SW,2,TS,NA,NA,NA,NA,NA,NA,NA
YTHEMP-YSL-272275-T2,STO,T,T2,60.873301,-135.987747,2022-07-19,SW,2,VLS,NA,NA,NA,NA,NA,NA,NA
YTHEMP-YSL-272275-T2,STO,T,T2,60.873301,-135.987747,2022-07-19,WN,1,LS,NA,NA,NA,NA,NA,NA,NA
YTHEMP-YSL-272275-T2,STO,T,T2,60.873301,-135.987747,2022-07-19,WN,1,MS,NA,NA,NA,NA,NA,NA,NA
YTHEMP-YSL-272275-T2,STO,T,T2,60.873301,-135.987747,2022-07-19,WN,1,TR,NA,NA,NA,NA,NA,NA,NA
YTHEMP-YSL-272275-T2,STO,T,T2,60.873301,-135.987747,2022-07-19,WN,1,TS,NA,NA,NA,NA,NA,NA,NA
YTHEMP-YSL-272275-T2,STO,T,T2,60.873301,-135.987747,2022-07-19,WN,1,VLS,NA,NA,NA,NA,NA,NA,NA
YTHEMP-YSL-272275-T2,STO,T,T2,60.873301,-135.987747,2022-07-19,WN,2,LS,NA,NA,NA,NA,NA,NA,NA
YTHEMP-YSL-272275-T2,STO,T,T2,60.873301,-135.987747,2022-07-19,WN,2,MS,NA,NA,NA,NA,NA,NA,NA
YTHEMP-YSL-272275-T2,STO,T,T2,60.873301,-135.987747,2022-07-19,WN,2,TR,NA,NA,NA,NA,NA,NA,NA
YTHEMP-YSL-272275-T2,STO,T,T2,60.873301,-135.987747,2022-07-19,WN,2,TS,NA,NA,NA,NA,NA,NA,NA
YTHEMP-YSL-272275-T2,STO,T,T2,60.873301,-135.987747,2022-07-19,WN,2,VLS,NA,NA,NA,NA,NA,NA,NA
YTHEMP-YSL-272275-T3,STO,T,T3,60.878534,-135.993865,2022-07-19,ES,1,LS,NA,NA,NA,NA,NA,NA,NA
YTHEMP-YSL-272275-T3,STO,T,T3,60.878534,-135.993865,2022-07-19,ES,1,MS,NA,NA,NA,NA,NA,NA,NA
YTHEMP-YSL-272275-T3,STO,T,T3,60.878534,-135.993865,2022-07-19,ES,1,TR,NA,NA,NA,NA,NA,NA,NA
YTHEMP-YSL-272275-T3,STO,T,T3,60.878534,-135.993865,2022-07-19,ES,1,TS,NA,NA,NA,NA,NA,NA,NA
YTHEMP-YSL-272275-T3,STO,T,T3,60.878534,-135.993865,2022-07-19,ES,1,VLS,NA,NA,NA,NA,NA,NA,NA
YTHEMP-YSL-272275-T3,STO,T,T3,60.878534,-135.993865,2022-07-19,ES,2,LS,NA,NA,NA,NA,NA,NA,NA
YTHEMP-YSL-272275-T3,STO,T,T3,60.878534,-135.993865,2022-07-19,ES,2,MS,NA,NA,NA,NA,NA,NA,NA
YTHEMP-YSL-272275-T3,STO,T,T3,60.878534,-135.993865,2022-07-19,ES,2,TR,NA,NA,NA,NA,NA,NA,NA
YTHEMP-YSL-272275-T3,STO,T,T3,60.878534,-135.993865,2022-07-19,ES,2,TS,NA,NA,NA,NA,NA,NA,NA
YTHEMP-YSL-272275-T3,STO,T,T3,60.878534,-135.993865,2022-07-19,ES,2,VLS,NA,NA,NA,NA,NA,NA,NA
YTHEMP-YSL-272275-T3,STO,T,T3,60.878534,-135.993865,2022-07-19,NE,1,LS,NA,NA,NA,NA,NA,NA,NA
YTHEMP-YSL-272275-T3,STO,T,T3,60.878534,-135.993865,2022-07-19,NE,1,MS,NA,NA,NA,NA,NA,NA,NA
YTHEMP-YSL-272275-T3,STO,T,T3,60.878534,-135.993865,2022-07-19,NE,1,TR,NA,NA,NA,NA,NA,NA,NA
YTHEMP-YSL-272275-T3,STO,T,T3,60.878534,-135.993865,2022-07-19,NE,1,TS,NA,NA,NA,NA,NA,NA,NA
YTHEMP-YSL-272275-T3,STO,T,T3,60.878534,-135.993865,2022-07-19,NE,1,VLS,NA,NA,NA,NA,NA,NA,NA
YTHEMP-YSL-272275-T3,STO,T,T3,60.878534,-135.993865,2022-07-19,NE,2,LS,NA,NA,NA,NA,NA,NA,NA
YTHEMP-YSL-272275-T3,STO,T,T3,60.878534,-135.993865,2022-07-19,NE,2,MS,NA,NA,NA,NA,NA,NA,NA
YTHEMP-YSL-272275-T3,STO,T,T3,60.878534,-135.993865,2022-07-19,NE,2,TR,NA,NA,NA,NA,NA,NA,NA
YTHEMP-YSL-272275-T3,STO,T,T3,60.878534,-135.993865,2022-07-19,NE,2,TS,NA,NA,NA,NA,NA,NA,NA
YTHEMP-YSL-272275-T3,STO,T,T3,60.878534,-135.993865,2022-07-19,NE,2,VLS,NA,NA,NA,NA,NA,NA,NA
YTHEMP-YSL-272275-T3,STO,T,T3,60.878534,-135.993865,2022-07-19,SW,1,LS,NA,NA,NA,NA,NA,NA,NA
YTHEMP-YSL-272275-T3,STO,T,T3,60.878534,-135.993865,2022-07-19,SW,1,MS,NA,NA,NA,NA,NA,NA,NA
YTHEMP-YSL-272275-T3,STO,T,T3,60.878534,-135.993865,2022-07-19,SW,1,TR,NA,NA,NA,NA,NA,NA,NA
YTHEMP-YSL-272275-T3,STO,T,T3,60.878534,-135.993865,2022-07-19,SW,1,TS,NA,NA,NA,NA,NA,NA,NA
YTHEMP-YSL-272275-T3,STO,T,T3,60.878534,-135.993865,2022-07-19,SW,1,VLS,NA,NA,NA,NA,NA,NA,NA
YTHEMP-YSL-272275-T3,STO,T,T3,60.878534,-135.993865,2022-07-19,SW,2,LS,NA,NA,NA,NA,NA,NA,NA
YTHEMP-YSL-272275-T3,STO,T,T3,60.878534,-135.993865,2022-07-19,SW,2,MS,NA,NA,NA,NA,NA,NA,NA
YTHEMP-YSL-272275-T3,STO,T,T3,60.878534,-135.993865,2022-07-19,SW,2,TR,NA,NA,NA,NA,NA,NA,NA
YTHEMP-YSL-272275-T3,STO,T,T3,60.878534,-135.993865,2022-07-19,SW,2,TS,NA,NA,NA,NA,NA,NA,NA
YTHEMP-YSL-272275-T3,STO,T,T3,60.878534,-135.993865,2022-07-19,SW,2,VLS,NA,NA,NA,NA,NA,NA,NA
YTHEMP-YSL-272275-T3,STO,T,T3,60.878534,-135.993865,2022-07-19,WN,1,LS,NA,NA,NA,NA,NA,NA,NA
YTHEMP-YSL-272275-T3,STO,T,T3,60.878534,-135.993865,2022-07-19,WN,1,MS,NA,NA,NA,NA,NA,NA,NA
YTHEMP-YSL-272275-T3,STO,T,T3,60.878534,-135.993865,2022-07-19,WN,1,TR,NA,NA,NA,NA,NA,NA,NA
YTHEMP-YSL-272275-T3,STO,T,T3,60.878534,-135.993865,2022-07-19,WN,1,TS,NA,NA,NA,NA,NA,NA,NA
YTHEMP-YSL-272275-T3,STO,T,T3,60.878534,-135.993865,2022-07-19,WN,1,VLS,NA,NA,NA,NA,NA,NA,NA
YTHEMP-YSL-272275-T3,STO,T,T3,60.878534,-135.993865,2022-07-19,WN,2,LS,NA,NA,NA,NA,NA,NA,NA
YTHEMP-YSL-272275-T3,STO,T,T3,60.878534,-135.993865,2022-07-19,WN,2,MS,NA,NA,NA,NA,NA,NA,NA
YTHEMP-YSL-272275-T3,STO,T,T3,60.878534,-135.993865,2022-07-19,WN,2,TR,NA,NA,NA,NA,NA,NA,NA
YTHEMP-YSL-272275-T3,STO,T,T3,60.878534,-135.993865,2022-07-19,WN,2,TS,NA,NA,NA,NA,NA,NA,NA
YTHEMP-YSL-272275-T3,STO,T,T3,60.878534,-135.993865,2022-07-19,WN,2,VLS,NA,NA,NA,NA,NA,NA,NA
YTHEMP-YSL-272275-T4,STO,T,T4,60.873153,-135.993257,2022-07-19,ES,1,LS,NA,NA,NA,NA,NA,NA,NA
YTHEMP-YSL-272275-T4,STO,T,T4,60.873153,-135.993257,2022-07-19,ES,1,MS,NA,NA,NA,NA,NA,NA,NA
YTHEMP-YSL-272275-T4,STO,T,T4,60.873153,-135.993257,2022-07-19,ES,1,TR,NA,NA,NA,NA,NA,NA,NA
YTHEMP-YSL-272275-T4,STO,T,T4,60.873153,-135.993257,2022-07-19,ES,1,TS,NA,NA,NA,NA,NA,NA,NA
YTHEMP-YSL-272275-T4,STO,T,T4,60.873153,-135.993257,2022-07-19,ES,1,VLS,NA,NA,NA,NA,NA,NA,NA
YTHEMP-YSL-272275-T4,STO,T,T4,60.873153,-135.993257,2022-07-19,ES,2,LS,NA,NA,NA,NA,NA,NA,NA
YTHEMP-YSL-272275-T4,STO,T,T4,60.873153,-135.993257,2022-07-19,ES,2,MS,NA,NA,NA,NA,NA,NA,NA
YTHEMP-YSL-272275-T4,STO,T,T4,60.873153,-135.993257,2022-07-19,ES,2,TR,NA,NA,NA,NA,NA,NA,NA
YTHEMP-YSL-272275-T4,STO,T,T4,60.873153,-135.993257,2022-07-19,ES,2,TS,NA,NA,NA,NA,NA,NA,NA
YTHEMP-YSL-272275-T4,STO,T,T4,60.873153,-135.993257,2022-07-19,ES,2,VLS,NA,NA,NA,NA,NA,NA,NA
YTHEMP-YSL-272275-T4,STO,T,T4,60.873153,-135.993257,2022-07-19,NE,1,VLS,26,589,5,Sali spp,L,FA,E
YTHEMP-YSL-272275-T4,STO,T,T4,60.873153,-135.993257,2022-07-19,NE,1,LS,NA,NA,NA,NA,NA,NA,NA
YTHEMP-YSL-272275-T4,STO,T,T4,60.873153,-135.993257,2022-07-19,NE,1,MS,NA,NA,NA,NA,NA,NA,NA
YTHEMP-YSL-272275-T4,STO,T,T4,60.873153,-135.993257,2022-07-19,NE,1,TR,NA,NA,NA,NA,NA,NA,NA
YTHEMP-YSL-272275-T4,STO,T,T4,60.873153,-135.993257,2022-07-19,NE,1,TS,NA,NA,NA,NA,NA,NA,NA
YTHEMP-YSL-272275-T4,STO,T,T4,60.873153,-135.993257,2022-07-19,NE,2,LS,NA,NA,NA,NA,NA,NA,NA
YTHEMP-YSL-272275-T4,STO,T,T4,60.873153,-135.993257,2022-07-19,NE,2,MS,NA,NA,NA,NA,NA,NA,NA
YTHEMP-YSL-272275-T4,STO,T,T4,60.873153,-135.993257,2022-07-19,NE,2,TR,NA,NA,NA,NA,NA,NA,NA
YTHEMP-YSL-272275-T4,STO,T,T4,60.873153,-135.993257,2022-07-19,NE,2,TS,NA,NA,NA,NA,NA,NA,NA
YTHEMP-YSL-272275-T4,STO,T,T4,60.873153,-135.993257,2022-07-19,NE,2,VLS,NA,NA,NA,NA,NA,NA,NA
YTHEMP-YSL-272275-T4,STO,T,T4,60.873153,-135.993257,2022-07-19,SW,1,LS,NA,NA,NA,NA,NA,NA,NA
YTHEMP-YSL-272275-T4,STO,T,T4,60.873153,-135.993257,2022-07-19,SW,1,MS,NA,NA,NA,NA,NA,NA,NA
YTHEMP-YSL-272275-T4,STO,T,T4,60.873153,-135.993257,2022-07-19,SW,1,TR,NA,NA,NA,NA,NA,NA,NA
YTHEMP-YSL-272275-T4,STO,T,T4,60.873153,-135.993257,2022-07-19,SW,1,TS,NA,NA,NA,NA,NA,NA,NA
YTHEMP-YSL-272275-T4,STO,T,T4,60.873153,-135.993257,2022-07-19,SW,1,VLS,NA,NA,NA,NA,NA,NA,NA
YTHEMP-YSL-272275-T4,STO,T,T4,60.873153,-135.993257,2022-07-19,SW,2,LS,NA,NA,NA,NA,NA,NA,NA
YTHEMP-YSL-272275-T4,STO,T,T4,60.873153,-135.993257,2022-07-19,SW,2,MS,NA,NA,NA,NA,NA,NA,NA
YTHEMP-YSL-272275-T4,STO,T,T4,60.873153,-135.993257,2022-07-19,SW,2,TR,NA,NA,NA,NA,NA,NA,NA
YTHEMP-YSL-272275-T4,STO,T,T4,60.873153,-135.993257,2022-07-19,SW,2,TS,NA,NA,NA,NA,NA,NA,NA
YTHEMP-YSL-272275-T4,STO,T,T4,60.873153,-135.993257,2022-07-19,SW,2,VLS,NA,NA,NA,NA,NA,NA,NA
YTHEMP-YSL-272275-T4,STO,T,T4,60.873153,-135.993257,2022-07-19,WN,1,LS,NA,NA,NA,NA,NA,NA,NA
YTHEMP-YSL-272275-T4,STO,T,T4,60.873153,-135.993257,2022-07-19,WN,1,MS,NA,NA,NA,NA,NA,NA,NA
YTHEMP-YSL-272275-T4,STO,T,T4,60.873153,-135.993257,2022-07-19,WN,1,TR,NA,NA,NA,NA,NA,NA,NA
YTHEMP-YSL-272275-T4,STO,T,T4,60.873153,-135.993257,2022-07-19,WN,1,TS,NA,NA,NA,NA,NA,NA,NA
YTHEMP-YSL-272275-T4,STO,T,T4,60.873153,-135.993257,2022-07-19,WN,1,VLS,NA,NA,NA,NA,NA,NA,NA
YTHEMP-YSL-272275-T4,STO,T,T4,60.873153,-135.993257,2022-07-19,WN,2,LS,NA,NA,NA,NA,NA,NA,NA
YTHEMP-YSL-272275-T4,STO,T,T4,60.873153,-135.993257,2022-07-19,WN,2,MS,NA,NA,NA,NA,NA,NA,NA
YTHEMP-YSL-272275-T4,STO,T,T4,60.873153,-135.993257,2022-07-19,WN,2,TR,NA,NA,NA,NA,NA,NA,NA
YTHEMP-YSL-272275-T4,STO,T,T4,60.873153,-135.993257,2022-07-19,WN,2,TS,NA,NA,NA,NA,NA,NA,NA
YTHEMP-YSL-272275-T4,STO,T,T4,60.873153,-135.993257,2022-07-19,WN,2,VLS,NA,NA,NA,NA,NA,NA,NA
YTHEMP-YSL-272275-T5,STO,T,T5,60.875843,-135.993561,2022-07-19,ES,1,LS,NA,NA,NA,NA,NA,NA,NA
YTHEMP-YSL-272275-T5,STO,T,T5,60.875843,-135.993561,2022-07-19,ES,1,MS,NA,NA,NA,NA,NA,NA,NA
YTHEMP-YSL-272275-T5,STO,T,T5,60.875843,-135.993561,2022-07-19,ES,1,TR,NA,NA,NA,NA,NA,NA,NA
YTHEMP-YSL-272275-T5,STO,T,T5,60.875843,-135.993561,2022-07-19,ES,1,TS,NA,NA,NA,NA,NA,NA,NA
YTHEMP-YSL-272275-T5,STO,T,T5,60.875843,-135.993561,2022-07-19,ES,1,VLS,NA,NA,NA,NA,NA,NA,NA
YTHEMP-YSL-272275-T5,STO,T,T5,60.875843,-135.993561,2022-07-19,ES,2,LS,NA,NA,NA,NA,NA,NA,NA
YTHEMP-YSL-272275-T5,STO,T,T5,60.875843,-135.993561,2022-07-19,ES,2,MS,NA,NA,NA,NA,NA,NA,NA
YTHEMP-YSL-272275-T5,STO,T,T5,60.875843,-135.993561,2022-07-19,ES,2,TR,NA,NA,NA,NA,NA,NA,NA
YTHEMP-YSL-272275-T5,STO,T,T5,60.875843,-135.993561,2022-07-19,ES,2,TS,NA,NA,NA,NA,NA,NA,NA
YTHEMP-YSL-272275-T5,STO,T,T5,60.875843,-135.993561,2022-07-19,ES,2,VLS,NA,NA,NA,NA,NA,NA,NA
YTHEMP-YSL-272275-T5,STO,T,T5,60.875843,-135.993561,2022-07-19,NE,1,LS,NA,NA,NA,NA,NA,NA,NA
YTHEMP-YSL-272275-T5,STO,T,T5,60.875843,-135.993561,2022-07-19,NE,1,MS,NA,NA,NA,NA,NA,NA,NA
YTHEMP-YSL-272275-T5,STO,T,T5,60.875843,-135.993561,2022-07-19,NE,1,TR,NA,NA,NA,NA,NA,NA,NA
YTHEMP-YSL-272275-T5,STO,T,T5,60.875843,-135.993561,2022-07-19,NE,1,TS,NA,NA,NA,NA,NA,NA,NA
YTHEMP-YSL-272275-T5,STO,T,T5,60.875843,-135.993561,2022-07-19,NE,1,VLS,NA,NA,NA,NA,NA,NA,NA
YTHEMP-YSL-272275-T5,STO,T,T5,60.875843,-135.993561,2022-07-19,NE,2,LS,NA,NA,NA,NA,NA,NA,NA
YTHEMP-YSL-272275-T5,STO,T,T5,60.875843,-135.993561,2022-07-19,NE,2,MS,NA,NA,NA,NA,NA,NA,NA
YTHEMP-YSL-272275-T5,STO,T,T5,60.875843,-135.993561,2022-07-19,NE,2,TR,NA,NA,NA,NA,NA,NA,NA
YTHEMP-YSL-272275-T5,STO,T,T5,60.875843,-135.993561,2022-07-19,NE,2,TS,NA,NA,NA,NA,NA,NA,NA
YTHEMP-YSL-272275-T5,STO,T,T5,60.875843,-135.993561,2022-07-19,NE,2,VLS,NA,NA,NA,NA,NA,NA,NA
YTHEMP-YSL-272275-T5,STO,T,T5,60.875843,-135.993561,2022-07-19,SW,1,LS,NA,NA,NA,NA,NA,NA,NA
YTHEMP-YSL-272275-T5,STO,T,T5,60.875843,-135.993561,2022-07-19,SW,1,MS,NA,NA,NA,NA,NA,NA,NA
YTHEMP-YSL-272275-T5,STO,T,T5,60.875843,-135.993561,2022-07-19,SW,1,TR,NA,NA,NA,NA,NA,NA,NA
YTHEMP-YSL-272275-T5,STO,T,T5,60.875843,-135.993561,2022-07-19,SW,1,TS,NA,NA,NA,NA,NA,NA,NA
YTHEMP-YSL-272275-T5,STO,T,T5,60.875843,-135.993561,2022-07-19,SW,1,VLS,NA,NA,NA,NA,NA,NA,NA
YTHEMP-YSL-272275-T5,STO,T,T5,60.875843,-135.993561,2022-07-19,SW,2,LS,NA,NA,NA,NA,NA,NA,NA
YTHEMP-YSL-272275-T5,STO,T,T5,60.875843,-135.993561,2022-07-19,SW,2,MS,NA,NA,NA,NA,NA,NA,NA
YTHEMP-YSL-272275-T5,STO,T,T5,60.875843,-135.993561,2022-07-19,SW,2,TR,NA,NA,NA,NA,NA,NA,NA
YTHEMP-YSL-272275-T5,STO,T,T5,60.875843,-135.993561,2022-07-19,SW,2,TS,NA,NA,NA,NA,NA,NA,NA
YTHEMP-YSL-272275-T5,STO,T,T5,60.875843,-135.993561,2022-07-19,SW,2,VLS,NA,NA,NA,NA,NA,NA,NA
YTHEMP-YSL-272275-T5,STO,T,T5,60.875843,-135.993561,2022-07-19,WN,1,LS,NA,NA,NA,NA,NA,NA,NA
YTHEMP-YSL-272275-T5,STO,T,T5,60.875843,-135.993561,2022-07-19,WN,1,MS,NA,NA,NA,NA,NA,NA,NA
YTHEMP-YSL-272275-T5,STO,T,T5,60.875843,-135.993561,2022-07-19,WN,1,TR,NA,NA,NA,NA,NA,NA,NA
YTHEMP-YSL-272275-T5,STO,T,T5,60.875843,-135.993561,2022-07-19,WN,1,TS,NA,NA,NA,NA,NA,NA,NA
YTHEMP-YSL-272275-T5,STO,T,T5,60.875843,-135.993561,2022-07-19,WN,1,VLS,NA,NA,NA,NA,NA,NA,NA
YTHEMP-YSL-272275-T5,STO,T,T5,60.875843,-135.993561,2022-07-19,WN,2,LS,NA,NA,NA,NA,NA,NA,NA
YTHEMP-YSL-272275-T5,STO,T,T5,60.875843,-135.993561,2022-07-19,WN,2,MS,NA,NA,NA,NA,NA,NA,NA
YTHEMP-YSL-272275-T5,STO,T,T5,60.875843,-135.993561,2022-07-19,WN,2,TR,NA,NA,NA,NA,NA,NA,NA
YTHEMP-YSL-272275-T5,STO,T,T5,60.875843,-135.993561,2022-07-19,WN,2,TS,NA,NA,NA,NA,NA,NA,NA
YTHEMP-YSL-272275-T5,STO,T,T5,60.875843,-135.993561,2022-07-19,WN,2,VLS,NA,NA,NA,NA,NA,NA,NA
YTHEMP-YSH-248917-S1,TAL,S,S1,60.22342,-135.02671,2022-07-25,ES,1,VLS,30,97,1,Betu gla,L,FA,E
YTHEMP-YSH-248917-S1,TAL,S,S1,60.22342,-135.02671,2022-07-25,ES,1,LS,96,300,5,Betu gla,L,FA,E
YTHEMP-YSH-248917-S1,TAL,S,S1,60.22342,-135.02671,2022-07-25,ES,1,MS,104,322,2,Sali spp,L,FA,E
YTHEMP-YSH-248917-S1,TAL,S,S1,60.22342,-135.02671,2022-07-25,ES,1,TS,201,362,7,Sali spp,L,FA,E
YTHEMP-YSH-248917-S1,TAL,S,S1,60.22342,-135.02671,2022-07-25,ES,1,TR,NA,NA,NA,NA,NA,NA,NA
YTHEMP-YSH-248917-S1,TAL,S,S1,60.22342,-135.02671,2022-07-25,ES,2,VLS,20,125,10,Juni com,L,FP,M
YTHEMP-YSH-248917-S1,TAL,S,S1,60.22342,-135.02671,2022-07-25,ES,2,LS,90,305,2,Betu gla,L,FA,E
YTHEMP-YSH-248917-S1,TAL,S,S1,60.22342,-135.02671,2022-07-25,ES,2,MS,107,330,3,Betu gla,L,FA,E
YTHEMP-YSH-248917-S1,TAL,S,S1,60.22342,-135.02671,2022-07-25,ES,2,TS,221,577,10,Sali spp,L,FA,E
YTHEMP-YSH-248917-S1,TAL,S,S1,60.22342,-135.02671,2022-07-25,ES,2,TR,NA,NA,NA,NA,NA,NA,NA
YTHEMP-YSH-248917-S1,TAL,S,S1,60.22342,-135.02671,2022-07-25,NE,1,VLS,34,150,1,Betu gla,L,FA,E
YTHEMP-YSH-248917-S1,TAL,S,S1,60.22342,-135.02671,2022-07-25,NE,1,LS,76,137,3,Betu gla,L,FA,E
YTHEMP-YSH-248917-S1,TAL,S,S1,60.22342,-135.02671,2022-07-25,NE,1,MS,153,215,4,Betu gla,L,FA,E
YTHEMP-YSH-248917-S1,TAL,S,S1,60.22342,-135.02671,2022-07-25,NE,1,TS,205,605,16,Sali spp,L,FA,E
YTHEMP-YSH-248917-S1,TAL,S,S1,60.22342,-135.02671,2022-07-25,NE,1,TR,NA,NA,NA,NA,NA,NA,NA
YTHEMP-YSH-248917-S1,TAL,S,S1,60.22342,-135.02671,2022-07-25,NE,2,VLS,15,471,19,Arct uva,L,FP,M
YTHEMP-YSH-248917-S1,TAL,S,S1,60.22342,-135.02671,2022-07-25,NE,2,LS,83,148,1,Sali spp,L,FA,E
YTHEMP-YSH-248917-S1,TAL,S,S1,60.22342,-135.02671,2022-07-25,NE,2,MS,157,250,6,Betu gla,L,FA,E
YTHEMP-YSH-248917-S1,TAL,S,S1,60.22342,-135.02671,2022-07-25,NE,2,TS,200,737,12,Sali spp,L,FA,E
YTHEMP-YSH-248917-S1,TAL,S,S1,60.22342,-135.02671,2022-07-25,NE,2,TR,NA,NA,NA,NA,NA,NA,NA
YTHEMP-YSH-248917-S1,TAL,S,S1,60.22342,-135.02671,2022-07-25,SW,1,VLS,17,110,3,Betu gla,L,FA,E
YTHEMP-YSH-248917-S1,TAL,S,S1,60.22342,-135.02671,2022-07-25,SW,1,LS,83,87,4,Betu gla,L,FA,E
YTHEMP-YSH-248917-S1,TAL,S,S1,60.22342,-135.02671,2022-07-25,SW,1,MS,143,120,2,Sali spp,L,FA,E
YTHEMP-YSH-248917-S1,TAL,S,S1,60.22342,-135.02671,2022-07-25,SW,1,TS,248,102,5,Sali spp,L,FA,E
YTHEMP-YSH-248917-S1,TAL,S,S1,60.22342,-135.02671,2022-07-25,SW,1,TR,NA,NA,NA,NA,NA,NA,NA
YTHEMP-YSH-248917-S1,TAL,S,S1,60.22342,-135.02671,2022-07-25,SW,2,VLS,23,190,20,Juni com,L,FP,E
YTHEMP-YSH-248917-S1,TAL,S,S1,60.22342,-135.02671,2022-07-25,SW,2,LS,61,172,1,Betu gla,L,FA,E
YTHEMP-YSH-248917-S1,TAL,S,S1,60.22342,-135.02671,2022-07-25,SW,2,MS,104,143,7,Betu gla,L,FA,E
YTHEMP-YSH-248917-S1,TAL,S,S1,60.22342,-135.02671,2022-07-25,SW,2,TS,201,380,7,Sali spp,L,FA,E
YTHEMP-YSH-248917-S1,TAL,S,S1,60.22342,-135.02671,2022-07-25,SW,2,TR,NA,NA,NA,NA,NA,NA,NA
YTHEMP-YSH-248917-S1,TAL,S,S1,60.22342,-135.02671,2022-07-25,WN,1,VLS,15,246,17,Arct uva,L,FP,E
YTHEMP-YSH-248917-S1,TAL,S,S1,60.22342,-135.02671,2022-07-25,WN,1,LS,94,274,4,Betu gla,L,FA,E
YTHEMP-YSH-248917-S1,TAL,S,S1,60.22342,-135.02671,2022-07-25,WN,1,MS,151,376,5,Sali spp,L,FA,E
YTHEMP-YSH-248917-S1,TAL,S,S1,60.22342,-135.02671,2022-07-25,WN,1,TS,242,784,7,Sali spp,L,FA,E
YTHEMP-YSH-248917-S1,TAL,S,S1,60.22342,-135.02671,2022-07-25,WN,1,TR,NA,NA,NA,NA,NA,NA,NA
YTHEMP-YSH-248917-S1,TAL,S,S1,60.22342,-135.02671,2022-07-25,WN,2,VLS,17,250,30,Arct uva,L,FP,M
YTHEMP-YSH-248917-S1,TAL,S,S1,60.22342,-135.02671,2022-07-25,WN,2,LS,92,283,2,Betu gla,L,FA,E
YTHEMP-YSH-248917-S1,TAL,S,S1,60.22342,-135.02671,2022-07-25,WN,2,MS,171,390,4,Sali spp,L,FA,E
YTHEMP-YSH-248917-S1,TAL,S,S1,60.22342,-135.02671,2022-07-25,WN,2,TR,NA,NA,NA,NA,NA,NA,NA
YTHEMP-YSH-248917-S1,TAL,S,S1,60.22342,-135.02671,2022-07-25,WN,2,TS,NA,NA,NA,NA,NA,NA,NA
YTHEMP-YSH-248917-S2,TAL,S,S2,60.217984,-135.036602,2022-07-25,ES,1,VLS,48,165,2,Betu gla,L,FA,E
YTHEMP-YSH-248917-S2,TAL,S,S2,60.217984,-135.036602,2022-07-25,ES,1,LS,59,205,3,Betu gla,L,FA,E
YTHEMP-YSH-248917-S2,TAL,S,S2,60.217984,-135.036602,2022-07-25,ES,1,MS,103,385,9,Sali spp,L,FA,E
YTHEMP-YSH-248917-S2,TAL,S,S2,60.217984,-135.036602,2022-07-25,ES,1,TR,NA,NA,NA,NA,NA,NA,NA
YTHEMP-YSH-248917-S2,TAL,S,S2,60.217984,-135.036602,2022-07-25,ES,1,TS,NA,NA,NA,NA,NA,NA,NA
YTHEMP-YSH-248917-S2,TAL,S,S2,60.217984,-135.036602,2022-07-25,ES,2,VLS,36,190,5,Juni com,L,FP,E
YTHEMP-YSH-248917-S2,TAL,S,S2,60.217984,-135.036602,2022-07-25,ES,2,LS,60,305,5,Betu gla,L,FA,E
YTHEMP-YSH-248917-S2,TAL,S,S2,60.217984,-135.036602,2022-07-25,ES,2,MS,111,410,2,Sali spp,L,FA,E
YTHEMP-YSH-248917-S2,TAL,S,S2,60.217984,-135.036602,2022-07-25,ES,2,TR,NA,NA,NA,NA,NA,NA,NA
YTHEMP-YSH-248917-S2,TAL,S,S2,60.217984,-135.036602,2022-07-25,ES,2,TS,NA,NA,NA,NA,NA,NA,NA
YTHEMP-YSH-248917-S2,TAL,S,S2,60.217984,-135.036602,2022-07-25,NE,1,VLS,31,151,1,Betu gla,L,FA,E
YTHEMP-YSH-248917-S2,TAL,S,S2,60.217984,-135.036602,2022-07-25,NE,1,LS,54,89,3,Betu gla,L,FA,E
YTHEMP-YSH-248917-S2,TAL,S,S2,60.217984,-135.036602,2022-07-25,NE,1,MS,108,795,7,Sali spp,L,FA,E
YTHEMP-YSH-248917-S2,TAL,S,S2,60.217984,-135.036602,2022-07-25,NE,1,TR,NA,NA,NA,NA,NA,NA,NA
YTHEMP-YSH-248917-S2,TAL,S,S2,60.217984,-135.036602,2022-07-25,NE,1,TS,NA,NA,NA,NA,NA,NA,NA
YTHEMP-YSH-248917-S2,TAL,S,S2,60.217984,-135.036602,2022-07-25,NE,2,VLS,33,242,2,Betu gla,L,FA,E
YTHEMP-YSH-248917-S2,TAL,S,S2,60.217984,-135.036602,2022-07-25,NE,2,LS,70,150,3,Betu gla,L,FA,E
YTHEMP-YSH-248917-S2,TAL,S,S2,60.217984,-135.036602,2022-07-25,NE,2,MS,111,820,10,Sali spp,L,FA,E
YTHEMP-YSH-248917-S2,TAL,S,S2,60.217984,-135.036602,2022-07-25,NE,2,TR,NA,NA,NA,NA,NA,NA,NA
YTHEMP-YSH-248917-S2,TAL,S,S2,60.217984,-135.036602,2022-07-25,NE,2,TS,NA,NA,NA,NA,NA,NA,NA
YTHEMP-YSH-248917-S2,TAL,S,S2,60.217984,-135.036602,2022-07-25,SW,1,VLS,19,113,2,Betu gla,L,FA,E
YTHEMP-YSH-248917-S2,TAL,S,S2,60.217984,-135.036602,2022-07-25,SW,1,LS,89,92,3,Betu gla,L,FA,E
YTHEMP-YSH-248917-S2,TAL,S,S2,60.217984,-135.036602,2022-07-25,SW,1,MS,NA,NA,NA,NA,NA,NA,NA
YTHEMP-YSH-248917-S2,TAL,S,S2,60.217984,-135.036602,2022-07-25,SW,1,TR,NA,NA,NA,NA,NA,NA,NA
YTHEMP-YSH-248917-S2,TAL,S,S2,60.217984,-135.036602,2022-07-25,SW,1,TS,NA,NA,NA,NA,NA,NA,NA
YTHEMP-YSH-248917-S2,TAL,S,S2,60.217984,-135.036602,2022-07-25,SW,2,VLS,36,118,3,Betu gla,L,FA,E
YTHEMP-YSH-248917-S2,TAL,S,S2,60.217984,-135.036602,2022-07-25,SW,2,LS,71,141,2,Betu gla,L,FA,E
YTHEMP-YSH-248917-S2,TAL,S,S2,60.217984,-135.036602,2022-07-25,SW,2,MS,NA,NA,NA,NA,NA,NA,NA
YTHEMP-YSH-248917-S2,TAL,S,S2,60.217984,-135.036602,2022-07-25,SW,2,TR,NA,NA,NA,NA,NA,NA,NA
YTHEMP-YSH-248917-S2,TAL,S,S2,60.217984,-135.036602,2022-07-25,SW,2,TS,NA,NA,NA,NA,NA,NA,NA
YTHEMP-YSH-248917-S2,TAL,S,S2,60.217984,-135.036602,2022-07-25,WN,1,VLS,48,109,1,Betu gla,L,FA,E
YTHEMP-YSH-248917-S2,TAL,S,S2,60.217984,-135.036602,2022-07-25,WN,1,LS,74,117,3,Betu gla,L,FA,E
YTHEMP-YSH-248917-S2,TAL,S,S2,60.217984,-135.036602,2022-07-25,WN,1,MS,109,520,2,Betu gla,L,FA,E
YTHEMP-YSH-248917-S2,TAL,S,S2,60.217984,-135.036602,2022-07-25,WN,1,TR,NA,NA,NA,NA,NA,NA,NA
YTHEMP-YSH-248917-S2,TAL,S,S2,60.217984,-135.036602,2022-07-25,WN,1,TS,NA,NA,NA,NA,NA,NA,NA
YTHEMP-YSH-248917-S2,TAL,S,S2,60.217984,-135.036602,2022-07-25,WN,2,VLS,47,112,1,Betu gla,L,FA,E
YTHEMP-YSH-248917-S2,TAL,S,S2,60.217984,-135.036602,2022-07-25,WN,2,LS,88,164,3,Betu gla,L,FA,E
YTHEMP-YSH-248917-S2,TAL,S,S2,60.217984,-135.036602,2022-07-25,WN,2,MS,133,635,12,Betu gla,L,FA,E
YTHEMP-YSH-248917-S2,TAL,S,S2,60.217984,-135.036602,2022-07-25,WN,2,TR,NA,NA,NA,NA,NA,NA,NA
YTHEMP-YSH-248917-S2,TAL,S,S2,60.217984,-135.036602,2022-07-25,WN,2,TS,NA,NA,NA,NA,NA,NA,NA
YTHEMP-YSH-248917-S3,TAL,S,S3,60.21699,-135.02658,2022-07-25,ES,1,VLS,34,32,1,Betu gla,L,FA,E
YTHEMP-YSH-248917-S3,TAL,S,S3,60.21699,-135.02658,2022-07-25,ES,1,LS,57,36,1,Betu gla,L,FA,E
YTHEMP-YSH-248917-S3,TAL,S,S3,60.21699,-135.02658,2022-07-25,ES,1,MS,70,119,2,Betu gla,L,FA,E
YTHEMP-YSH-248917-S3,TAL,S,S3,60.21699,-135.02658,2022-07-25,ES,1,TR,NA,NA,NA,NA,NA,NA,NA
YTHEMP-YSH-248917-S3,TAL,S,S3,60.21699,-135.02658,2022-07-25,ES,1,TS,NA,NA,NA,NA,NA,NA,NA
YTHEMP-YSH-248917-S3,TAL,S,S3,60.21699,-135.02658,2022-07-25,ES,2,VLS,41,86,1,Betu gla,L,FA,E
YTHEMP-YSH-248917-S3,TAL,S,S3,60.21699,-135.02658,2022-07-25,ES,2,LS,74,141,2,Betu gla,L,FA,E
YTHEMP-YSH-248917-S3,TAL,S,S3,60.21699,-135.02658,2022-07-25,ES,2,MS,110,221,2,Betu gla,L,FA,E
YTHEMP-YSH-248917-S3,TAL,S,S3,60.21699,-135.02658,2022-07-25,ES,2,TR,NA,NA,NA,NA,NA,NA,NA
YTHEMP-YSH-248917-S3,TAL,S,S3,60.21699,-135.02658,2022-07-25,ES,2,TS,NA,NA,NA,NA,NA,NA,NA
YTHEMP-YSH-248917-S3,TAL,S,S3,60.21699,-135.02658,2022-07-25,NE,1,VLS,49,49,1,Betu gla,L,FA,E
YTHEMP-YSH-248917-S3,TAL,S,S3,60.21699,-135.02658,2022-07-25,NE,1,LS,80,68,2,Betu gla,L,FA,E
YTHEMP-YSH-248917-S3,TAL,S,S3,60.21699,-135.02658,2022-07-25,NE,1,MS,104,271,8,Betu gla,L,FA,E
YTHEMP-YSH-248917-S3,TAL,S,S3,60.21699,-135.02658,2022-07-25,NE,1,TR,NA,NA,NA,NA,NA,NA,NA
YTHEMP-YSH-248917-S3,TAL,S,S3,60.21699,-135.02658,2022-07-25,NE,1,TS,NA,NA,NA,NA,NA,NA,NA
YTHEMP-YSH-248917-S3,TAL,S,S3,60.21699,-135.02658,2022-07-25,NE,2,VLS,39,131,1,Betu gla,L,FA,E
YTHEMP-YSH-248917-S3,TAL,S,S3,60.21699,-135.02658,2022-07-25,NE,2,LS,86,79,2,Betu gla,L,FA,E
YTHEMP-YSH-248917-S3,TAL,S,S3,60.21699,-135.02658,2022-07-25,NE,2,MS,136,325,6,Betu gla,L,FA,E
YTHEMP-YSH-248917-S3,TAL,S,S3,60.21699,-135.02658,2022-07-25,NE,2,TR,NA,NA,NA,NA,NA,NA,NA
YTHEMP-YSH-248917-S3,TAL,S,S3,60.21699,-135.02658,2022-07-25,NE,2,TS,NA,NA,NA,NA,NA,NA,NA
YTHEMP-YSH-248917-S3,TAL,S,S3,60.21699,-135.02658,2022-07-25,SW,1,VLS,33,54,1,Betu gla,D,FA,E
YTHEMP-YSH-248917-S3,TAL,S,S3,60.21699,-135.02658,2022-07-25,SW,1,LS,57,53,2,Betu gla,L,FA,E
YTHEMP-YSH-248917-S3,TAL,S,S3,60.21699,-135.02658,2022-07-25,SW,1,MS,105,515,2,Sali spp,L,FA,E
YTHEMP-YSH-248917-S3,TAL,S,S3,60.21699,-135.02658,2022-07-25,SW,1,TR,NA,NA,NA,NA,NA,NA,NA
YTHEMP-YSH-248917-S3,TAL,S,S3,60.21699,-135.02658,2022-07-25,SW,1,TS,NA,NA,NA,NA,NA,NA,NA
YTHEMP-YSH-248917-S3,TAL,S,S3,60.21699,-135.02658,2022-07-25,SW,2,VLS,38,340,3,Betu gla,L,FA,E
YTHEMP-YSH-248917-S3,TAL,S,S3,60.21699,-135.02658,2022-07-25,SW,2,LS,59,418,4,Betu gla,L,FA,E
YTHEMP-YSH-248917-S3,TAL,S,S3,60.21699,-135.02658,2022-07-25,SW,2,MS,101,584,3,Sali spp,L,FA,E
YTHEMP-YSH-248917-S3,TAL,S,S3,60.21699,-135.02658,2022-07-25,SW,2,TR,NA,NA,NA,NA,NA,NA,NA
YTHEMP-YSH-248917-S3,TAL,S,S3,60.21699,-135.02658,2022-07-25,SW,2,TS,NA,NA,NA,NA,NA,NA,NA
YTHEMP-YSH-248917-S3,TAL,S,S3,60.21699,-135.02658,2022-07-25,WN,1,VLS,19,155,7,Betu gla,L,FA,E
YTHEMP-YSH-248917-S3,TAL,S,S3,60.21699,-135.02658,2022-07-25,WN,1,LS,70,40,3,Betu gla,L,FA,E
YTHEMP-YSH-248917-S3,TAL,S,S3,60.21699,-135.02658,2022-07-25,WN,1,MS,122,285,5,Betu gla,L,FA,E
YTHEMP-YSH-248917-S3,TAL,S,S3,60.21699,-135.02658,2022-07-25,WN,1,TR,NA,NA,NA,NA,NA,NA,NA
YTHEMP-YSH-248917-S3,TAL,S,S3,60.21699,-135.02658,2022-07-25,WN,1,TS,NA,NA,NA,NA,NA,NA,NA
YTHEMP-YSH-248917-S3,TAL,S,S3,60.21699,-135.02658,2022-07-25,WN,2,VLS,49,242,2,Betu gla,L,FA,E
YTHEMP-YSH-248917-S3,TAL,S,S3,60.21699,-135.02658,2022-07-25,WN,2,LS,55,79,1,Betu gla,L,FA,E
YTHEMP-YSH-248917-S3,TAL,S,S3,60.21699,-135.02658,2022-07-25,WN,2,MS,143,465,6,Betu gla,L,FA,E
YTHEMP-YSH-248917-S3,TAL,S,S3,60.21699,-135.02658,2022-07-25,WN,2,TR,NA,NA,NA,NA,NA,NA,NA
YTHEMP-YSH-248917-S3,TAL,S,S3,60.21699,-135.02658,2022-07-25,WN,2,TS,NA,NA,NA,NA,NA,NA,NA
YTHEMP-YSH-249486-S4,TAL,S,S4,60.212487,-135.041568,2022-07-25,ES,1,VLS,20,47,1,Betu gla,L,FA,E
YTHEMP-YSH-249486-S4,TAL,S,S4,60.212487,-135.041568,2022-07-25,ES,1,LS,68,51,1,Betu gla,L,FA,E
YTHEMP-YSH-249486-S4,TAL,S,S4,60.212487,-135.041568,2022-07-25,ES,1,MS,173,174,4,Sali spp,L,FA,E
YTHEMP-YSH-249486-S4,TAL,S,S4,60.212487,-135.041568,2022-07-25,ES,1,TS,219,93,2,Sali spp,L,FA,E
YTHEMP-YSH-249486-S4,TAL,S,S4,60.212487,-135.041568,2022-07-25,ES,1,TR,NA,NA,NA,NA,NA,NA,NA
YTHEMP-YSH-249486-S4,TAL,S,S4,60.212487,-135.041568,2022-07-25,ES,2,VLS,17,106,1,Betu gla,L,FA,E
YTHEMP-YSH-249486-S4,TAL,S,S4,60.212487,-135.041568,2022-07-25,ES,2,LS,84,57,1,Sali spp,L,FA,E
YTHEMP-YSH-249486-S4,TAL,S,S4,60.212487,-135.041568,2022-07-25,ES,2,MS,156,232,2,Sali spp,L,FA,E
YTHEMP-YSH-249486-S4,TAL,S,S4,60.212487,-135.041568,2022-07-25,ES,2,TS,283,108,7,Sali spp,L,FA,E
YTHEMP-YSH-249486-S4,TAL,S,S4,60.212487,-135.041568,2022-07-25,ES,2,TR,NA,NA,NA,NA,NA,NA,NA
YTHEMP-YSH-249486-S4,TAL,S,S4,60.212487,-135.041568,2022-07-25,NE,1,VLS,45,107,1,Betu gla,L,FA,E
YTHEMP-YSH-249486-S4,TAL,S,S4,60.212487,-135.041568,2022-07-25,NE,1,LS,87,52,1,Betu gla,L,FA,E
YTHEMP-YSH-249486-S4,TAL,S,S4,60.212487,-135.041568,2022-07-25,NE,1,MS,109,59,4,Sali spp,L,FA,E
YTHEMP-YSH-249486-S4,TAL,S,S4,60.212487,-135.041568,2022-07-25,NE,1,TS,276,63,3,Sali spp,L,FA,E
YTHEMP-YSH-249486-S4,TAL,S,S4,60.212487,-135.041568,2022-07-25,NE,1,TR,NA,NA,NA,NA,NA,NA,NA
YTHEMP-YSH-249486-S4,TAL,S,S4,60.212487,-135.041568,2022-07-25,NE,2,VLS,36,119,1,Betu gla,L,FA,E
YTHEMP-YSH-249486-S4,TAL,S,S4,60.212487,-135.041568,2022-07-25,NE,2,LS,70,82,1,Betu gla,L,FA,E
YTHEMP-YSH-249486-S4,TAL,S,S4,60.212487,-135.041568,2022-07-25,NE,2,MS,103,144,2,Betu gla,L,FA,E
YTHEMP-YSH-249486-S4,TAL,S,S4,60.212487,-135.041568,2022-07-25,NE,2,TS,250,156,3,Sali spp,L,FA,E
YTHEMP-YSH-249486-S4,TAL,S,S4,60.212487,-135.041568,2022-07-25,NE,2,TR,NA,NA,NA,NA,NA,NA,NA
YTHEMP-YSH-249486-S4,TAL,S,S4,60.212487,-135.041568,2022-07-25,SW,1,VLS,27,63,1,Betu gla,L,FA,E
YTHEMP-YSH-249486-S4,TAL,S,S4,60.212487,-135.041568,2022-07-25,SW,1,LS,83,179,3,Betu gla,L,FA,E
YTHEMP-YSH-249486-S4,TAL,S,S4,60.212487,-135.041568,2022-07-25,SW,1,MS,176,51,1,Sali spp,L,FA,E
YTHEMP-YSH-249486-S4,TAL,S,S4,60.212487,-135.041568,2022-07-25,SW,1,TS,283,313,8,Sali spp,L,FA,E
YTHEMP-YSH-249486-S4,TAL,S,S4,60.212487,-135.041568,2022-07-25,SW,1,TR,NA,NA,NA,NA,NA,NA,NA
YTHEMP-YSH-249486-S4,TAL,S,S4,60.212487,-135.041568,2022-07-25,SW,2,VLS,25,122,1,Juni com,L,FP,E
YTHEMP-YSH-249486-S4,TAL,S,S4,60.212487,-135.041568,2022-07-25,SW,2,LS,96,220,7,Betu gla,L,FA,E
YTHEMP-YSH-249486-S4,TAL,S,S4,60.212487,-135.041568,2022-07-25,SW,2,MS,155,89,4,Sali spp,L,FA,E
YTHEMP-YSH-249486-S4,TAL,S,S4,60.212487,-135.041568,2022-07-25,SW,2,TS,233,576,15,Sali spp,L,FA,E
YTHEMP-YSH-249486-S4,TAL,S,S4,60.212487,-135.041568,2022-07-25,SW,2,TR,NA,NA,NA,NA,NA,NA,NA
YTHEMP-YSH-249486-S4,TAL,S,S4,60.212487,-135.041568,2022-07-25,WN,1,VLS,27,85,4,Shep can,L,FP,E
YTHEMP-YSH-249486-S4,TAL,S,S4,60.212487,-135.041568,2022-07-25,WN,1,LS,77,137,2,Betu gla,L,FA,E
YTHEMP-YSH-249486-S4,TAL,S,S4,60.212487,-135.041568,2022-07-25,WN,1,MS,105,56,2,Sali spp,L,FA,E
YTHEMP-YSH-249486-S4,TAL,S,S4,60.212487,-135.041568,2022-07-25,WN,1,TS,220,240,10,Sali spp,L,FA,E
YTHEMP-YSH-249486-S4,TAL,S,S4,60.212487,-135.041568,2022-07-25,WN,1,TR,NA,NA,NA,NA,NA,NA,NA
YTHEMP-YSH-249486-S4,TAL,S,S4,60.212487,-135.041568,2022-07-25,WN,2,VLS,31,92,3,Juni com,L,FP,E
YTHEMP-YSH-249486-S4,TAL,S,S4,60.212487,-135.041568,2022-07-25,WN,2,LS,86,138,1,Betu gla,L,FA,E
YTHEMP-YSH-249486-S4,TAL,S,S4,60.212487,-135.041568,2022-07-25,WN,2,MS,176,165,3,Sali spp,L,FA,E
YTHEMP-YSH-249486-S4,TAL,S,S4,60.212487,-135.041568,2022-07-25,WN,2,TS,296,419,8,Sali spp,L,FA,E
YTHEMP-YSH-249486-S4,TAL,S,S4,60.212487,-135.041568,2022-07-25,WN,2,TR,NA,NA,NA,NA,NA,NA,NA
YTHEMP-YSH-249486-D8,TAL,S,S5,60.217113,-135.079798,2022-08-16,ES,1,VLS,19,24,2,Juni com,L,FP,E
YTHEMP-YSH-249486-D8,TAL,S,S5,60.217113,-135.079798,2022-08-16,ES,1,LS,72,290,3,Shep can,L,FP,E
YTHEMP-YSH-249486-D8,TAL,S,S5,60.217113,-135.079798,2022-08-16,ES,1,MS,121,110,3,Popu bal,L,FA,E
YTHEMP-YSH-249486-D8,TAL,S,S5,60.217113,-135.079798,2022-08-16,ES,1,TS,310,253,1,Popu bal,L,FA,E
YTHEMP-YSH-249486-D8,TAL,S,S5,60.217113,-135.079798,2022-08-16,ES,1,TR,NA,NA,NA,NA,NA,NA,NA
YTHEMP-YSH-249486-D8,TAL,S,S5,60.217113,-135.079798,2022-08-16,ES,2,VLS,29,69,4,Juni com,L,FP,E
YTHEMP-YSH-249486-D8,TAL,S,S5,60.217113,-135.079798,2022-08-16,ES,2,LS,83,335,8,Shep can,L,FP,E
YTHEMP-YSH-249486-D8,TAL,S,S5,60.217113,-135.079798,2022-08-16,ES,2,MS,134,125,1,Popu bal,L,FA,E
YTHEMP-YSH-249486-D8,TAL,S,S5,60.217113,-135.079798,2022-08-16,ES,2,TS,270,272,1,popu bal,L,FA,E
YTHEMP-YSH-249486-D8,TAL,S,S5,60.217113,-135.079798,2022-08-16,ES,2,TR,NA,NA,NA,NA,NA,NA,NA
YTHEMP-YSH-249486-D8,TAL,S,S5,60.217113,-135.079798,2022-08-16,NE,1,VLS,17,30,4,Juni com,L,FP,E
YTHEMP-YSH-249486-D8,TAL,S,S5,60.217113,-135.079798,2022-08-16,NE,1,LS,53,195,5,Juni com,L,FP,E
YTHEMP-YSH-249486-D8,TAL,S,S5,60.217113,-135.079798,2022-08-16,NE,1,MS,181,164,1,Popu bal,L,FA,E
YTHEMP-YSH-249486-D8,TAL,S,S5,60.217113,-135.079798,2022-08-16,NE,1,TS,290,240,1,Popu bal,L,FA,E
YTHEMP-YSH-249486-D8,TAL,S,S5,60.217113,-135.079798,2022-08-16,NE,1,TR,NA,NA,NA,NA,NA,NA,NA
YTHEMP-YSH-249486-D8,TAL,S,S5,60.217113,-135.079798,2022-08-16,NE,2,VLS,25,53,3,Juni com,L,FP,E
YTHEMP-YSH-249486-D8,TAL,S,S5,60.217113,-135.079798,2022-08-16,NE,2,LS,94,235,5,Popu bal,L,FA,E
YTHEMP-YSH-249486-D8,TAL,S,S5,60.217113,-135.079798,2022-08-16,NE,2,MS,149,385,1,Popu bal,L,FA,E
YTHEMP-YSH-249486-D8,TAL,S,S5,60.217113,-135.079798,2022-08-16,NE,2,TS,203,255,1,Popu bal,L,FA,E
YTHEMP-YSH-249486-D8,TAL,S,S5,60.217113,-135.079798,2022-08-16,NE,2,TR,NA,NA,NA,NA,NA,NA,NA
YTHEMP-YSH-249486-D8,TAL,S,S5,60.217113,-135.079798,2022-08-16,SW,1,VLS,21,64,2,Juni com,L,FP,E
YTHEMP-YSH-249486-D8,TAL,S,S5,60.217113,-135.079798,2022-08-16,SW,1,LS,63,135,2,Juni com,L,FP,E
YTHEMP-YSH-249486-D8,TAL,S,S5,60.217113,-135.079798,2022-08-16,SW,1,MS,117,253,2,Popu bal,L,FA,E
YTHEMP-YSH-249486-D8,TAL,S,S5,60.217113,-135.079798,2022-08-16,SW,1,TS,243,223,1,Popu bal,L,FA,E
YTHEMP-YSH-249486-D8,TAL,S,S5,60.217113,-135.079798,2022-08-16,SW,1,TR,NA,NA,NA,NA,NA,NA,NA
YTHEMP-YSH-249486-D8,TAL,S,S5,60.217113,-135.079798,2022-08-16,SW,2,VLS,33,83,1,Rosa aci,L,FP,E
YTHEMP-YSH-249486-D8,TAL,S,S5,60.217113,-135.079798,2022-08-16,SW,2,LS,97,165,1,Popu bal,L,FA,E
YTHEMP-YSH-249486-D8,TAL,S,S5,60.217113,-135.079798,2022-08-16,SW,2,MS,170,410,1,Popu bal,L,FA,E
YTHEMP-YSH-249486-D8,TAL,S,S5,60.217113,-135.079798,2022-08-16,SW,2,TS,248,243,1,Popu bal,L,FA,E
YTHEMP-YSH-249486-D8,TAL,S,S5,60.217113,-135.079798,2022-08-16,SW,2,TR,NA,NA,NA,NA,NA,NA,NA
YTHEMP-YSH-249486-D8,TAL,S,S5,60.217113,-135.079798,2022-08-16,WN,1,VLS,39,67,3,Juni com,L,FP,E
YTHEMP-YSH-249486-D8,TAL,S,S5,60.217113,-135.079798,2022-08-16,WN,1,LS,57,165,1,Popu bal,L,FA,E
YTHEMP-YSH-249486-D8,TAL,S,S5,60.217113,-135.079798,2022-08-16,WN,1,MS,137,345,3,Popu bal,L,FA,E
YTHEMP-YSH-249486-D8,TAL,S,S5,60.217113,-135.079798,2022-08-16,WN,1,TS,450,62,1,Popu bal,L,FA,E
YTHEMP-YSH-249486-D8,TAL,S,S5,60.217113,-135.079798,2022-08-16,WN,1,TR,NA,NA,NA,NA,NA,NA,NA
YTHEMP-YSH-249486-D8,TAL,S,S5,60.217113,-135.079798,2022-08-16,WN,2,VLS,34,85,1,Rosa aci,L,FP,E
YTHEMP-YSH-249486-D8,TAL,S,S5,60.217113,-135.079798,2022-08-16,WN,2,LS,74,252,1,Popu bal,L,FA,E
YTHEMP-YSH-249486-D8,TAL,S,S5,60.217113,-135.079798,2022-08-16,WN,2,MS,166,385,2,Popu bal,L,FA,E
YTHEMP-YSH-249486-D8,TAL,S,S5,60.217113,-135.079798,2022-08-16,WN,2,TS,270,65,1,Popu bal,L,FA,E
YTHEMP-YSH-249486-D8,TAL,S,S5,60.217113,-135.079798,2022-08-16,WN,2,TR,NA,NA,NA,NA,NA,NA,NA
YTHEMP-YSH-249486-T1,TAL,T,T1,60.233607,-135.064911,2022-07-25,ES,1,LS,NA,NA,NA,NA,NA,NA,NA
YTHEMP-YSH-249486-T1,TAL,T,T1,60.233607,-135.064911,2022-07-25,ES,1,MS,NA,NA,NA,NA,NA,NA,NA
YTHEMP-YSH-249486-T1,TAL,T,T1,60.233607,-135.064911,2022-07-25,ES,1,TR,NA,NA,NA,NA,NA,NA,NA
YTHEMP-YSH-249486-T1,TAL,T,T1,60.233607,-135.064911,2022-07-25,ES,1,TS,NA,NA,NA,NA,NA,NA,NA
YTHEMP-YSH-249486-T1,TAL,T,T1,60.233607,-135.064911,2022-07-25,ES,1,VLS,NA,NA,NA,NA,NA,NA,NA
YTHEMP-YSH-249486-T1,TAL,T,T1,60.233607,-135.064911,2022-07-25,ES,2,LS,NA,NA,NA,NA,NA,NA,NA
YTHEMP-YSH-249486-T1,TAL,T,T1,60.233607,-135.064911,2022-07-25,ES,2,MS,NA,NA,NA,NA,NA,NA,NA
YTHEMP-YSH-249486-T1,TAL,T,T1,60.233607,-135.064911,2022-07-25,ES,2,TR,NA,NA,NA,NA,NA,NA,NA
YTHEMP-YSH-249486-T1,TAL,T,T1,60.233607,-135.064911,2022-07-25,ES,2,TS,NA,NA,NA,NA,NA,NA,NA
YTHEMP-YSH-249486-T1,TAL,T,T1,60.233607,-135.064911,2022-07-25,ES,2,VLS,NA,NA,NA,NA,NA,NA,NA
YTHEMP-YSH-249486-T1,TAL,T,T1,60.233607,-135.064911,2022-07-25,NE,1,LS,NA,NA,NA,NA,NA,NA,NA
YTHEMP-YSH-249486-T1,TAL,T,T1,60.233607,-135.064911,2022-07-25,NE,1,MS,NA,NA,NA,NA,NA,NA,NA
YTHEMP-YSH-249486-T1,TAL,T,T1,60.233607,-135.064911,2022-07-25,NE,1,TR,NA,NA,NA,NA,NA,NA,NA
YTHEMP-YSH-249486-T1,TAL,T,T1,60.233607,-135.064911,2022-07-25,NE,1,TS,NA,NA,NA,NA,NA,NA,NA
YTHEMP-YSH-249486-T1,TAL,T,T1,60.233607,-135.064911,2022-07-25,NE,1,VLS,NA,NA,NA,NA,NA,NA,NA
YTHEMP-YSH-249486-T1,TAL,T,T1,60.233607,-135.064911,2022-07-25,NE,2,LS,NA,NA,NA,NA,NA,NA,NA
YTHEMP-YSH-249486-T1,TAL,T,T1,60.233607,-135.064911,2022-07-25,NE,2,MS,NA,NA,NA,NA,NA,NA,NA
YTHEMP-YSH-249486-T1,TAL,T,T1,60.233607,-135.064911,2022-07-25,NE,2,TR,NA,NA,NA,NA,NA,NA,NA
YTHEMP-YSH-249486-T1,TAL,T,T1,60.233607,-135.064911,2022-07-25,NE,2,TS,NA,NA,NA,NA,NA,NA,NA
YTHEMP-YSH-249486-T1,TAL,T,T1,60.233607,-135.064911,2022-07-25,NE,2,VLS,NA,NA,NA,NA,NA,NA,NA
YTHEMP-YSH-249486-T1,TAL,T,T1,60.233607,-135.064911,2022-07-25,SW,1,LS,NA,NA,NA,NA,NA,NA,NA
YTHEMP-YSH-249486-T1,TAL,T,T1,60.233607,-135.064911,2022-07-25,SW,1,MS,NA,NA,NA,NA,NA,NA,NA
YTHEMP-YSH-249486-T1,TAL,T,T1,60.233607,-135.064911,2022-07-25,SW,1,TR,NA,NA,NA,NA,NA,NA,NA
YTHEMP-YSH-249486-T1,TAL,T,T1,60.233607,-135.064911,2022-07-25,SW,1,TS,NA,NA,NA,NA,NA,NA,NA
YTHEMP-YSH-249486-T1,TAL,T,T1,60.233607,-135.064911,2022-07-25,SW,1,VLS,NA,NA,NA,NA,NA,NA,NA
YTHEMP-YSH-249486-T1,TAL,T,T1,60.233607,-135.064911,2022-07-25,SW,2,LS,NA,NA,NA,NA,NA,NA,NA
YTHEMP-YSH-249486-T1,TAL,T,T1,60.233607,-135.064911,2022-07-25,SW,2,MS,NA,NA,NA,NA,NA,NA,NA
YTHEMP-YSH-249486-T1,TAL,T,T1,60.233607,-135.064911,2022-07-25,SW,2,TR,NA,NA,NA,NA,NA,NA,NA
YTHEMP-YSH-249486-T1,TAL,T,T1,60.233607,-135.064911,2022-07-25,SW,2,TS,NA,NA,NA,NA,NA,NA,NA
YTHEMP-YSH-249486-T1,TAL,T,T1,60.233607,-135.064911,2022-07-25,SW,2,VLS,NA,NA,NA,NA,NA,NA,NA
YTHEMP-YSH-249486-T1,TAL,T,T1,60.233607,-135.064911,2022-07-25,WN,1,LS,NA,NA,NA,NA,NA,NA,NA
YTHEMP-YSH-249486-T1,TAL,T,T1,60.233607,-135.064911,2022-07-25,WN,1,MS,NA,NA,NA,NA,NA,NA,NA
YTHEMP-YSH-249486-T1,TAL,T,T1,60.233607,-135.064911,2022-07-25,WN,1,TR,NA,NA,NA,NA,NA,NA,NA
YTHEMP-YSH-249486-T1,TAL,T,T1,60.233607,-135.064911,2022-07-25,WN,1,TS,NA,NA,NA,NA,NA,NA,NA
YTHEMP-YSH-249486-T1,TAL,T,T1,60.233607,-135.064911,2022-07-25,WN,1,VLS,NA,NA,NA,NA,NA,NA,NA
YTHEMP-YSH-249486-T1,TAL,T,T1,60.233607,-135.064911,2022-07-25,WN,2,LS,NA,NA,NA,NA,NA,NA,NA
YTHEMP-YSH-249486-T1,TAL,T,T1,60.233607,-135.064911,2022-07-25,WN,2,MS,NA,NA,NA,NA,NA,NA,NA
YTHEMP-YSH-249486-T1,TAL,T,T1,60.233607,-135.064911,2022-07-25,WN,2,TR,NA,NA,NA,NA,NA,NA,NA
YTHEMP-YSH-249486-T1,TAL,T,T1,60.233607,-135.064911,2022-07-25,WN,2,TS,NA,NA,NA,NA,NA,NA,NA
YTHEMP-YSH-249486-T1,TAL,T,T1,60.233607,-135.064911,2022-07-25,WN,2,VLS,NA,NA,NA,NA,NA,NA,NA
YTHEMP-YSH-249486-T2,TAL,T,T2,60.220462,-135.047618,2022-07-25,ES,1,VLS,17,895,12,Dasi fru,L,FA,E
YTHEMP-YSH-249486-T2,TAL,T,T2,60.220462,-135.047618,2022-07-25,ES,1,LS,NA,NA,NA,NA,NA,NA,NA
YTHEMP-YSH-249486-T2,TAL,T,T2,60.220462,-135.047618,2022-07-25,ES,1,MS,NA,NA,NA,NA,NA,NA,NA
YTHEMP-YSH-249486-T2,TAL,T,T2,60.220462,-135.047618,2022-07-25,ES,1,TR,NA,NA,NA,NA,NA,NA,NA
YTHEMP-YSH-249486-T2,TAL,T,T2,60.220462,-135.047618,2022-07-25,ES,1,TS,NA,NA,NA,NA,NA,NA,NA
YTHEMP-YSH-249486-T2,TAL,T,T2,60.220462,-135.047618,2022-07-25,ES,2,VLS,20,945,15,Dasi fru,L,FA,E
YTHEMP-YSH-249486-T2,TAL,T,T2,60.220462,-135.047618,2022-07-25,ES,2,LS,NA,NA,NA,NA,NA,NA,NA
YTHEMP-YSH-249486-T2,TAL,T,T2,60.220462,-135.047618,2022-07-25,ES,2,MS,NA,NA,NA,NA,NA,NA,NA
YTHEMP-YSH-249486-T2,TAL,T,T2,60.220462,-135.047618,2022-07-25,ES,2,TR,NA,NA,NA,NA,NA,NA,NA
YTHEMP-YSH-249486-T2,TAL,T,T2,60.220462,-135.047618,2022-07-25,ES,2,TS,NA,NA,NA,NA,NA,NA,NA
YTHEMP-YSH-249486-T2,TAL,T,T2,60.220462,-135.047618,2022-07-25,NE,1,LS,NA,NA,NA,NA,NA,NA,NA
YTHEMP-YSH-249486-T2,TAL,T,T2,60.220462,-135.047618,2022-07-25,NE,1,MS,NA,NA,NA,NA,NA,NA,NA
YTHEMP-YSH-249486-T2,TAL,T,T2,60.220462,-135.047618,2022-07-25,NE,1,TR,NA,NA,NA,NA,NA,NA,NA
YTHEMP-YSH-249486-T2,TAL,T,T2,60.220462,-135.047618,2022-07-25,NE,1,TS,NA,NA,NA,NA,NA,NA,NA
YTHEMP-YSH-249486-T2,TAL,T,T2,60.220462,-135.047618,2022-07-25,NE,1,VLS,NA,NA,NA,NA,NA,NA,NA
YTHEMP-YSH-249486-T2,TAL,T,T2,60.220462,-135.047618,2022-07-25,NE,2,LS,NA,NA,NA,NA,NA,NA,NA
YTHEMP-YSH-249486-T2,TAL,T,T2,60.220462,-135.047618,2022-07-25,NE,2,MS,NA,NA,NA,NA,NA,NA,NA
YTHEMP-YSH-249486-T2,TAL,T,T2,60.220462,-135.047618,2022-07-25,NE,2,TR,NA,NA,NA,NA,NA,NA,NA
YTHEMP-YSH-249486-T2,TAL,T,T2,60.220462,-135.047618,2022-07-25,NE,2,TS,NA,NA,NA,NA,NA,NA,NA
YTHEMP-YSH-249486-T2,TAL,T,T2,60.220462,-135.047618,2022-07-25,NE,2,VLS,NA,NA,NA,NA,NA,NA,NA
YTHEMP-YSH-249486-T2,TAL,T,T2,60.220462,-135.047618,2022-07-25,SW,1,VLS,29,880,6,Sali spp,L,FA,E
YTHEMP-YSH-249486-T2,TAL,T,T2,60.220462,-135.047618,2022-07-25,SW,1,LS,NA,NA,NA,NA,NA,NA,NA
YTHEMP-YSH-249486-T2,TAL,T,T2,60.220462,-135.047618,2022-07-25,SW,1,MS,NA,NA,NA,NA,NA,NA,NA
YTHEMP-YSH-249486-T2,TAL,T,T2,60.220462,-135.047618,2022-07-25,SW,1,TR,NA,NA,NA,NA,NA,NA,NA
YTHEMP-YSH-249486-T2,TAL,T,T2,60.220462,-135.047618,2022-07-25,SW,1,TS,NA,NA,NA,NA,NA,NA,NA
YTHEMP-YSH-249486-T2,TAL,T,T2,60.220462,-135.047618,2022-07-25,SW,2,LS,NA,NA,NA,NA,NA,NA,NA
YTHEMP-YSH-249486-T2,TAL,T,T2,60.220462,-135.047618,2022-07-25,SW,2,MS,NA,NA,NA,NA,NA,NA,NA
YTHEMP-YSH-249486-T2,TAL,T,T2,60.220462,-135.047618,2022-07-25,SW,2,TR,NA,NA,NA,NA,NA,NA,NA
YTHEMP-YSH-249486-T2,TAL,T,T2,60.220462,-135.047618,2022-07-25,SW,2,TS,NA,NA,NA,NA,NA,NA,NA
YTHEMP-YSH-249486-T2,TAL,T,T2,60.220462,-135.047618,2022-07-25,SW,2,VLS,NA,NA,NA,NA,NA,NA,NA
YTHEMP-YSH-249486-T2,TAL,T,T2,60.220462,-135.047618,2022-07-25,WN,1,LS,NA,NA,NA,NA,NA,NA,NA
YTHEMP-YSH-249486-T2,TAL,T,T2,60.220462,-135.047618,2022-07-25,WN,1,MS,NA,NA,NA,NA,NA,NA,NA
YTHEMP-YSH-249486-T2,TAL,T,T2,60.220462,-135.047618,2022-07-25,WN,1,TR,NA,NA,NA,NA,NA,NA,NA
YTHEMP-YSH-249486-T2,TAL,T,T2,60.220462,-135.047618,2022-07-25,WN,1,TS,NA,NA,NA,NA,NA,NA,NA
YTHEMP-YSH-249486-T2,TAL,T,T2,60.220462,-135.047618,2022-07-25,WN,1,VLS,NA,NA,NA,NA,NA,NA,NA
YTHEMP-YSH-249486-T2,TAL,T,T2,60.220462,-135.047618,2022-07-25,WN,2,LS,NA,NA,NA,NA,NA,NA,NA
YTHEMP-YSH-249486-T2,TAL,T,T2,60.220462,-135.047618,2022-07-25,WN,2,MS,NA,NA,NA,NA,NA,NA,NA
YTHEMP-YSH-249486-T2,TAL,T,T2,60.220462,-135.047618,2022-07-25,WN,2,TR,NA,NA,NA,NA,NA,NA,NA
YTHEMP-YSH-249486-T2,TAL,T,T2,60.220462,-135.047618,2022-07-25,WN,2,TS,NA,NA,NA,NA,NA,NA,NA
YTHEMP-YSH-249486-T2,TAL,T,T2,60.220462,-135.047618,2022-07-25,WN,2,VLS,NA,NA,NA,NA,NA,NA,NA
YTHEMP-YSH-249486-T3,TAL,T,T3,60.22708,-135.04609,2022-07-25,ES,1,VLS,35,171,13,Sali spp,L,FA,E
YTHEMP-YSH-249486-T3,TAL,T,T3,60.22708,-135.04609,2022-07-25,ES,1,LS,NA,NA,NA,NA,NA,NA,NA
YTHEMP-YSH-249486-T3,TAL,T,T3,60.22708,-135.04609,2022-07-25,ES,1,MS,NA,NA,NA,NA,NA,NA,NA
YTHEMP-YSH-249486-T3,TAL,T,T3,60.22708,-135.04609,2022-07-25,ES,1,TR,NA,NA,NA,NA,NA,NA,NA
YTHEMP-YSH-249486-T3,TAL,T,T3,60.22708,-135.04609,2022-07-25,ES,1,TS,NA,NA,NA,NA,NA,NA,NA
YTHEMP-YSH-249486-T3,TAL,T,T3,60.22708,-135.04609,2022-07-25,ES,2,VLS,24,760,6,Sali spp,L,FA,E
YTHEMP-YSH-249486-T3,TAL,T,T3,60.22708,-135.04609,2022-07-25,ES,2,LS,NA,NA,NA,NA,NA,NA,NA
YTHEMP-YSH-249486-T3,TAL,T,T3,60.22708,-135.04609,2022-07-25,ES,2,MS,NA,NA,NA,NA,NA,NA,NA
YTHEMP-YSH-249486-T3,TAL,T,T3,60.22708,-135.04609,2022-07-25,ES,2,TR,NA,NA,NA,NA,NA,NA,NA
YTHEMP-YSH-249486-T3,TAL,T,T3,60.22708,-135.04609,2022-07-25,ES,2,TS,NA,NA,NA,NA,NA,NA,NA
YTHEMP-YSH-249486-T3,TAL,T,T3,60.22708,-135.04609,2022-07-25,NE,1,LS,NA,NA,NA,NA,NA,NA,NA
YTHEMP-YSH-249486-T3,TAL,T,T3,60.22708,-135.04609,2022-07-25,NE,1,MS,NA,NA,NA,NA,NA,NA,NA
YTHEMP-YSH-249486-T3,TAL,T,T3,60.22708,-135.04609,2022-07-25,NE,1,TR,NA,NA,NA,NA,NA,NA,NA
YTHEMP-YSH-249486-T3,TAL,T,T3,60.22708,-135.04609,2022-07-25,NE,1,TS,NA,NA,NA,NA,NA,NA,NA
YTHEMP-YSH-249486-T3,TAL,T,T3,60.22708,-135.04609,2022-07-25,NE,1,VLS,NA,NA,NA,NA,NA,NA,NA
YTHEMP-YSH-249486-T3,TAL,T,T3,60.22708,-135.04609,2022-07-25,NE,2,LS,NA,NA,NA,NA,NA,NA,NA
YTHEMP-YSH-249486-T3,TAL,T,T3,60.22708,-135.04609,2022-07-25,NE,2,MS,NA,NA,NA,NA,NA,NA,NA
YTHEMP-YSH-249486-T3,TAL,T,T3,60.22708,-135.04609,2022-07-25,NE,2,TR,NA,NA,NA,NA,NA,NA,NA
YTHEMP-YSH-249486-T3,TAL,T,T3,60.22708,-135.04609,2022-07-25,NE,2,TS,NA,NA,NA,NA,NA,NA,NA
YTHEMP-YSH-249486-T3,TAL,T,T3,60.22708,-135.04609,2022-07-25,NE,2,VLS,NA,NA,NA,NA,NA,NA,NA
YTHEMP-YSH-249486-T3,TAL,T,T3,60.22708,-135.04609,2022-07-25,SW,1,VLS,15,80,60,Empe nig,L,FP,E
YTHEMP-YSH-249486-T3,TAL,T,T3,60.22708,-135.04609,2022-07-25,SW,1,LS,NA,NA,NA,NA,NA,NA,NA
YTHEMP-YSH-249486-T3,TAL,T,T3,60.22708,-135.04609,2022-07-25,SW,1,MS,NA,NA,NA,NA,NA,NA,NA
YTHEMP-YSH-249486-T3,TAL,T,T3,60.22708,-135.04609,2022-07-25,SW,1,TR,NA,NA,NA,NA,NA,NA,NA
YTHEMP-YSH-249486-T3,TAL,T,T3,60.22708,-135.04609,2022-07-25,SW,1,TS,NA,NA,NA,NA,NA,NA,NA
YTHEMP-YSH-249486-T3,TAL,T,T3,60.22708,-135.04609,2022-07-25,SW,2,VLS,22,821,1,Abie las,L,FA,E
YTHEMP-YSH-249486-T3,TAL,T,T3,60.22708,-135.04609,2022-07-25,SW,2,LS,NA,NA,NA,NA,NA,NA,NA
YTHEMP-YSH-249486-T3,TAL,T,T3,60.22708,-135.04609,2022-07-25,SW,2,MS,NA,NA,NA,NA,NA,NA,NA
YTHEMP-YSH-249486-T3,TAL,T,T3,60.22708,-135.04609,2022-07-25,SW,2,TR,NA,NA,NA,NA,NA,NA,NA
YTHEMP-YSH-249486-T3,TAL,T,T3,60.22708,-135.04609,2022-07-25,SW,2,TS,NA,NA,NA,NA,NA,NA,NA
YTHEMP-YSH-249486-T3,TAL,T,T3,60.22708,-135.04609,2022-07-25,WN,1,LS,NA,NA,NA,NA,NA,NA,NA
YTHEMP-YSH-249486-T3,TAL,T,T3,60.22708,-135.04609,2022-07-25,WN,1,MS,NA,NA,NA,NA,NA,NA,NA
YTHEMP-YSH-249486-T3,TAL,T,T3,60.22708,-135.04609,2022-07-25,WN,1,TR,NA,NA,NA,NA,NA,NA,NA
YTHEMP-YSH-249486-T3,TAL,T,T3,60.22708,-135.04609,2022-07-25,WN,1,TS,NA,NA,NA,NA,NA,NA,NA
YTHEMP-YSH-249486-T3,TAL,T,T3,60.22708,-135.04609,2022-07-25,WN,1,VLS,NA,NA,NA,NA,NA,NA,NA
YTHEMP-YSH-249486-T3,TAL,T,T3,60.22708,-135.04609,2022-07-25,WN,2,LS,NA,NA,NA,NA,NA,NA,NA
YTHEMP-YSH-249486-T3,TAL,T,T3,60.22708,-135.04609,2022-07-25,WN,2,MS,NA,NA,NA,NA,NA,NA,NA
YTHEMP-YSH-249486-T3,TAL,T,T3,60.22708,-135.04609,2022-07-25,WN,2,TR,NA,NA,NA,NA,NA,NA,NA
YTHEMP-YSH-249486-T3,TAL,T,T3,60.22708,-135.04609,2022-07-25,WN,2,TS,NA,NA,NA,NA,NA,NA,NA
YTHEMP-YSH-249486-T3,TAL,T,T3,60.22708,-135.04609,2022-07-25,WN,2,VLS,NA,NA,NA,NA,NA,NA,NA
YTHEMP-YSH-249486-T4,TAL,T,T4,60.223048,-135.053236,2022-07-25,ES,1,LS,NA,NA,NA,NA,NA,NA,NA
YTHEMP-YSH-249486-T4,TAL,T,T4,60.223048,-135.053236,2022-07-25,ES,1,MS,NA,NA,NA,NA,NA,NA,NA
YTHEMP-YSH-249486-T4,TAL,T,T4,60.223048,-135.053236,2022-07-25,ES,1,TR,NA,NA,NA,NA,NA,NA,NA
YTHEMP-YSH-249486-T4,TAL,T,T4,60.223048,-135.053236,2022-07-25,ES,1,TS,NA,NA,NA,NA,NA,NA,NA
YTHEMP-YSH-249486-T4,TAL,T,T4,60.223048,-135.053236,2022-07-25,ES,1,VLS,NA,NA,NA,NA,NA,NA,NA
YTHEMP-YSH-249486-T4,TAL,T,T4,60.223048,-135.053236,2022-07-25,ES,2,LS,NA,NA,NA,NA,NA,NA,NA
YTHEMP-YSH-249486-T4,TAL,T,T4,60.223048,-135.053236,2022-07-25,ES,2,MS,NA,NA,NA,NA,NA,NA,NA
YTHEMP-YSH-249486-T4,TAL,T,T4,60.223048,-135.053236,2022-07-25,ES,2,TR,NA,NA,NA,NA,NA,NA,NA
YTHEMP-YSH-249486-T4,TAL,T,T4,60.223048,-135.053236,2022-07-25,ES,2,TS,NA,NA,NA,NA,NA,NA,NA
YTHEMP-YSH-249486-T4,TAL,T,T4,60.223048,-135.053236,2022-07-25,ES,2,VLS,NA,NA,NA,NA,NA,NA,NA
YTHEMP-YSH-249486-T4,TAL,T,T4,60.223048,-135.053236,2022-07-25,NE,1,LS,NA,NA,NA,NA,NA,NA,NA
YTHEMP-YSH-249486-T4,TAL,T,T4,60.223048,-135.053236,2022-07-25,NE,1,MS,NA,NA,NA,NA,NA,NA,NA
YTHEMP-YSH-249486-T4,TAL,T,T4,60.223048,-135.053236,2022-07-25,NE,1,TR,NA,NA,NA,NA,NA,NA,NA
YTHEMP-YSH-249486-T4,TAL,T,T4,60.223048,-135.053236,2022-07-25,NE,1,TS,NA,NA,NA,NA,NA,NA,NA
YTHEMP-YSH-249486-T4,TAL,T,T4,60.223048,-135.053236,2022-07-25,NE,1,VLS,NA,NA,NA,NA,NA,NA,NA
YTHEMP-YSH-249486-T4,TAL,T,T4,60.223048,-135.053236,2022-07-25,NE,2,LS,NA,NA,NA,NA,NA,NA,NA
YTHEMP-YSH-249486-T4,TAL,T,T4,60.223048,-135.053236,2022-07-25,NE,2,MS,NA,NA,NA,NA,NA,NA,NA
YTHEMP-YSH-249486-T4,TAL,T,T4,60.223048,-135.053236,2022-07-25,NE,2,TR,NA,NA,NA,NA,NA,NA,NA
YTHEMP-YSH-249486-T4,TAL,T,T4,60.223048,-135.053236,2022-07-25,NE,2,TS,NA,NA,NA,NA,NA,NA,NA
YTHEMP-YSH-249486-T4,TAL,T,T4,60.223048,-135.053236,2022-07-25,NE,2,VLS,NA,NA,NA,NA,NA,NA,NA
YTHEMP-YSH-249486-T4,TAL,T,T4,60.223048,-135.053236,2022-07-25,SW,1,LS,NA,NA,NA,NA,NA,NA,NA
YTHEMP-YSH-249486-T4,TAL,T,T4,60.223048,-135.053236,2022-07-25,SW,1,MS,NA,NA,NA,NA,NA,NA,NA
YTHEMP-YSH-249486-T4,TAL,T,T4,60.223048,-135.053236,2022-07-25,SW,1,TR,NA,NA,NA,NA,NA,NA,NA
YTHEMP-YSH-249486-T4,TAL,T,T4,60.223048,-135.053236,2022-07-25,SW,1,TS,NA,NA,NA,NA,NA,NA,NA
YTHEMP-YSH-249486-T4,TAL,T,T4,60.223048,-135.053236,2022-07-25,SW,1,VLS,NA,NA,NA,NA,NA,NA,NA
YTHEMP-YSH-249486-T4,TAL,T,T4,60.223048,-135.053236,2022-07-25,SW,2,LS,NA,NA,NA,NA,NA,NA,NA
YTHEMP-YSH-249486-T4,TAL,T,T4,60.223048,-135.053236,2022-07-25,SW,2,MS,NA,NA,NA,NA,NA,NA,NA
YTHEMP-YSH-249486-T4,TAL,T,T4,60.223048,-135.053236,2022-07-25,SW,2,TR,NA,NA,NA,NA,NA,NA,NA
YTHEMP-YSH-249486-T4,TAL,T,T4,60.223048,-135.053236,2022-07-25,SW,2,TS,NA,NA,NA,NA,NA,NA,NA
YTHEMP-YSH-249486-T4,TAL,T,T4,60.223048,-135.053236,2022-07-25,SW,2,VLS,NA,NA,NA,NA,NA,NA,NA
YTHEMP-YSH-249486-T4,TAL,T,T4,60.223048,-135.053236,2022-07-25,WN,1,LS,NA,NA,NA,NA,NA,NA,NA
YTHEMP-YSH-249486-T4,TAL,T,T4,60.223048,-135.053236,2022-07-25,WN,1,MS,NA,NA,NA,NA,NA,NA,NA
YTHEMP-YSH-249486-T4,TAL,T,T4,60.223048,-135.053236,2022-07-25,WN,1,TR,NA,NA,NA,NA,NA,NA,NA
YTHEMP-YSH-249486-T4,TAL,T,T4,60.223048,-135.053236,2022-07-25,WN,1,TS,NA,NA,NA,NA,NA,NA,NA
YTHEMP-YSH-249486-T4,TAL,T,T4,60.223048,-135.053236,2022-07-25,WN,1,VLS,NA,NA,NA,NA,NA,NA,NA
YTHEMP-YSH-249486-T4,TAL,T,T4,60.223048,-135.053236,2022-07-25,WN,2,LS,NA,NA,NA,NA,NA,NA,NA
YTHEMP-YSH-249486-T4,TAL,T,T4,60.223048,-135.053236,2022-07-25,WN,2,MS,NA,NA,NA,NA,NA,NA,NA
YTHEMP-YSH-249486-T4,TAL,T,T4,60.223048,-135.053236,2022-07-25,WN,2,TR,NA,NA,NA,NA,NA,NA,NA
YTHEMP-YSH-249486-T4,TAL,T,T4,60.223048,-135.053236,2022-07-25,WN,2,TS,NA,NA,NA,NA,NA,NA,NA
YTHEMP-YSH-249486-T4,TAL,T,T4,60.223048,-135.053236,2022-07-25,WN,2,VLS,NA,NA,NA,NA,NA,NA,NA
YTHEMP-YSH-249486-D4,TAL,T,T5,60.228328,-135.059072,2022-07-25,ES,1,LS,NA,NA,NA,NA,NA,NA,NA
YTHEMP-YSH-249486-D4,TAL,T,T5,60.228328,-135.059072,2022-07-25,ES,1,MS,NA,NA,NA,NA,NA,NA,NA
YTHEMP-YSH-249486-D4,TAL,T,T5,60.228328,-135.059072,2022-07-25,ES,1,TR,NA,NA,NA,NA,NA,NA,NA
YTHEMP-YSH-249486-D4,TAL,T,T5,60.228328,-135.059072,2022-07-25,ES,1,TS,NA,NA,NA,NA,NA,NA,NA
YTHEMP-YSH-249486-D4,TAL,T,T5,60.228328,-135.059072,2022-07-25,ES,1,VLS,NA,NA,NA,NA,NA,NA,NA
YTHEMP-YSH-249486-D4,TAL,T,T5,60.228328,-135.059072,2022-07-25,ES,2,LS,NA,NA,NA,NA,NA,NA,NA
YTHEMP-YSH-249486-D4,TAL,T,T5,60.228328,-135.059072,2022-07-25,ES,2,MS,NA,NA,NA,NA,NA,NA,NA
YTHEMP-YSH-249486-D4,TAL,T,T5,60.228328,-135.059072,2022-07-25,ES,2,TR,NA,NA,NA,NA,NA,NA,NA
YTHEMP-YSH-249486-D4,TAL,T,T5,60.228328,-135.059072,2022-07-25,ES,2,TS,NA,NA,NA,NA,NA,NA,NA
YTHEMP-YSH-249486-D4,TAL,T,T5,60.228328,-135.059072,2022-07-25,ES,2,VLS,NA,NA,NA,NA,NA,NA,NA
YTHEMP-YSH-249486-D4,TAL,T,T5,60.228328,-135.059072,2022-07-25,NE,1,LS,NA,NA,NA,NA,NA,NA,NA
YTHEMP-YSH-249486-D4,TAL,T,T5,60.228328,-135.059072,2022-07-25,NE,1,MS,NA,NA,NA,NA,NA,NA,NA
YTHEMP-YSH-249486-D4,TAL,T,T5,60.228328,-135.059072,2022-07-25,NE,1,TR,NA,NA,NA,NA,NA,NA,NA
YTHEMP-YSH-249486-D4,TAL,T,T5,60.228328,-135.059072,2022-07-25,NE,1,TS,NA,NA,NA,NA,NA,NA,NA
YTHEMP-YSH-249486-D4,TAL,T,T5,60.228328,-135.059072,2022-07-25,NE,1,VLS,NA,NA,NA,NA,NA,NA,NA
YTHEMP-YSH-249486-D4,TAL,T,T5,60.228328,-135.059072,2022-07-25,NE,2,LS,NA,NA,NA,NA,NA,NA,NA
YTHEMP-YSH-249486-D4,TAL,T,T5,60.228328,-135.059072,2022-07-25,NE,2,MS,NA,NA,NA,NA,NA,NA,NA
YTHEMP-YSH-249486-D4,TAL,T,T5,60.228328,-135.059072,2022-07-25,NE,2,TR,NA,NA,NA,NA,NA,NA,NA
YTHEMP-YSH-249486-D4,TAL,T,T5,60.228328,-135.059072,2022-07-25,NE,2,TS,NA,NA,NA,NA,NA,NA,NA
YTHEMP-YSH-249486-D4,TAL,T,T5,60.228328,-135.059072,2022-07-25,NE,2,VLS,NA,NA,NA,NA,NA,NA,NA
YTHEMP-YSH-249486-D4,TAL,T,T5,60.228328,-135.059072,2022-07-25,SW,1,LS,NA,NA,NA,NA,NA,NA,NA
YTHEMP-YSH-249486-D4,TAL,T,T5,60.228328,-135.059072,2022-07-25,SW,1,MS,NA,NA,NA,NA,NA,NA,NA
YTHEMP-YSH-249486-D4,TAL,T,T5,60.228328,-135.059072,2022-07-25,SW,1,TR,NA,NA,NA,NA,NA,NA,NA
YTHEMP-YSH-249486-D4,TAL,T,T5,60.228328,-135.059072,2022-07-25,SW,1,TS,NA,NA,NA,NA,NA,NA,NA
YTHEMP-YSH-249486-D4,TAL,T,T5,60.228328,-135.059072,2022-07-25,SW,1,VLS,NA,NA,NA,NA,NA,NA,NA
YTHEMP-YSH-249486-D4,TAL,T,T5,60.228328,-135.059072,2022-07-25,SW,2,LS,NA,NA,NA,NA,NA,NA,NA
YTHEMP-YSH-249486-D4,TAL,T,T5,60.228328,-135.059072,2022-07-25,SW,2,MS,NA,NA,NA,NA,NA,NA,NA
YTHEMP-YSH-249486-D4,TAL,T,T5,60.228328,-135.059072,2022-07-25,SW,2,TR,NA,NA,NA,NA,NA,NA,NA
YTHEMP-YSH-249486-D4,TAL,T,T5,60.228328,-135.059072,2022-07-25,SW,2,TS,NA,NA,NA,NA,NA,NA,NA
YTHEMP-YSH-249486-D4,TAL,T,T5,60.228328,-135.059072,2022-07-25,SW,2,VLS,NA,NA,NA,NA,NA,NA,NA
YTHEMP-YSH-249486-D4,TAL,T,T5,60.228328,-135.059072,2022-07-25,WN,1,LS,NA,NA,NA,NA,NA,NA,NA
YTHEMP-YSH-249486-D4,TAL,T,T5,60.228328,-135.059072,2022-07-25,WN,1,MS,NA,NA,NA,NA,NA,NA,NA
YTHEMP-YSH-249486-D4,TAL,T,T5,60.228328,-135.059072,2022-07-25,WN,1,TR,NA,NA,NA,NA,NA,NA,NA
YTHEMP-YSH-249486-D4,TAL,T,T5,60.228328,-135.059072,2022-07-25,WN,1,TS,NA,NA,NA,NA,NA,NA,NA
YTHEMP-YSH-249486-D4,TAL,T,T5,60.228328,-135.059072,2022-07-25,WN,1,VLS,NA,NA,NA,NA,NA,NA,NA
YTHEMP-YSH-249486-D4,TAL,T,T5,60.228328,-135.059072,2022-07-25,WN,2,LS,NA,NA,NA,NA,NA,NA,NA
YTHEMP-YSH-249486-D4,TAL,T,T5,60.228328,-135.059072,2022-07-25,WN,2,MS,NA,NA,NA,NA,NA,NA,NA
YTHEMP-YSH-249486-D4,TAL,T,T5,60.228328,-135.059072,2022-07-25,WN,2,TR,NA,NA,NA,NA,NA,NA,NA
YTHEMP-YSH-249486-D4,TAL,T,T5,60.228328,-135.059072,2022-07-25,WN,2,TS,NA,NA,NA,NA,NA,NA,NA
YTHEMP-YSH-249486-D4,TAL,T,T5,60.228328,-135.059072,2022-07-25,WN,2,VLS,NA,NA,NA,NA,NA,NA,NA
YTHEMP-YSL-276468-S1,TOR,S,S1,60.87143,-136.93298,2022-07-21,ES,1,VLS,30,23,4,Betu gla,L,FA,E
YTHEMP-YSL-276468-S1,TOR,S,S1,60.87143,-136.93298,2022-07-21,ES,1,LS,64,54,1,Betu gla,L,FA,E
YTHEMP-YSL-276468-S1,TOR,S,S1,60.87143,-136.93298,2022-07-21,ES,1,MS,120,64,5,Sali spp,L,FA,E
YTHEMP-YSL-276468-S1,TOR,S,S1,60.87143,-136.93298,2022-07-21,ES,1,TR,NA,NA,NA,NA,NA,NA,NA
YTHEMP-YSL-276468-S1,TOR,S,S1,60.87143,-136.93298,2022-07-21,ES,1,TS,NA,NA,NA,NA,NA,NA,NA
YTHEMP-YSL-276468-S1,TOR,S,S1,60.87143,-136.93298,2022-07-21,ES,2,VLS,36,29,3,Betu gla,L,FA,E
YTHEMP-YSL-276468-S1,TOR,S,S1,60.87143,-136.93298,2022-07-21,ES,2,LS,51,221,2,Betu gla,L,FA,E
YTHEMP-YSL-276468-S1,TOR,S,S1,60.87143,-136.93298,2022-07-21,ES,2,MS,114,446,1,Pice gla,L,FA,E
YTHEMP-YSL-276468-S1,TOR,S,S1,60.87143,-136.93298,2022-07-21,ES,2,TR,NA,NA,NA,NA,NA,NA,NA
YTHEMP-YSL-276468-S1,TOR,S,S1,60.87143,-136.93298,2022-07-21,ES,2,TS,NA,NA,NA,NA,NA,NA,NA
YTHEMP-YSL-276468-S1,TOR,S,S1,60.87143,-136.93298,2022-07-21,NE,1,VLS,36,27,2,Betu gla,L,FA,E
YTHEMP-YSL-276468-S1,TOR,S,S1,60.87143,-136.93298,2022-07-21,NE,1,LS,78,115,4,Sali spp,L,FA,E
YTHEMP-YSL-276468-S1,TOR,S,S1,60.87143,-136.93298,2022-07-21,NE,1,MS,107,145,5,Sali spp,L,FA,E
YTHEMP-YSL-276468-S1,TOR,S,S1,60.87143,-136.93298,2022-07-21,NE,1,TR,NA,NA,NA,NA,NA,NA,NA
YTHEMP-YSL-276468-S1,TOR,S,S1,60.87143,-136.93298,2022-07-21,NE,1,TS,NA,NA,NA,NA,NA,NA,NA
YTHEMP-YSL-276468-S1,TOR,S,S1,60.87143,-136.93298,2022-07-21,NE,2,VLS,27,33,2,Betu gla,L,FA,E
YTHEMP-YSL-276468-S1,TOR,S,S1,60.87143,-136.93298,2022-07-21,NE,2,LS,81,133,2,Sali spp,L,FA,E
YTHEMP-YSL-276468-S1,TOR,S,S1,60.87143,-136.93298,2022-07-21,NE,2,MS,107,178,3,Sali spp,L,FA,E
YTHEMP-YSL-276468-S1,TOR,S,S1,60.87143,-136.93298,2022-07-21,NE,2,TR,NA,NA,NA,NA,NA,NA,NA
YTHEMP-YSL-276468-S1,TOR,S,S1,60.87143,-136.93298,2022-07-21,NE,2,TS,NA,NA,NA,NA,NA,NA,NA
YTHEMP-YSL-276468-S1,TOR,S,S1,60.87143,-136.93298,2022-07-21,SW,1,VLS,16,103,1,Betu gla,L,FA,E
YTHEMP-YSL-276468-S1,TOR,S,S1,60.87143,-136.93298,2022-07-21,SW,1,LS,55,152,4,Betu gla,L,FA,E
YTHEMP-YSL-276468-S1,TOR,S,S1,60.87143,-136.93298,2022-07-21,SW,1,MS,124,133,6,Sali spp,L,FA,E
YTHEMP-YSL-276468-S1,TOR,S,S1,60.87143,-136.93298,2022-07-21,SW,1,TR,NA,NA,NA,NA,NA,NA,NA
YTHEMP-YSL-276468-S1,TOR,S,S1,60.87143,-136.93298,2022-07-21,SW,1,TS,NA,NA,NA,NA,NA,NA,NA
YTHEMP-YSL-276468-S1,TOR,S,S1,60.87143,-136.93298,2022-07-21,SW,2,VLS,19,111,1,Betu gla,L,FA,E
YTHEMP-YSL-276468-S1,TOR,S,S1,60.87143,-136.93298,2022-07-21,SW,2,LS,55,183,3,Betu gla,L,FA,E
YTHEMP-YSL-276468-S1,TOR,S,S1,60.87143,-136.93298,2022-07-21,SW,2,MS,102,451,4,Sali spp,L,FA,E
YTHEMP-YSL-276468-S1,TOR,S,S1,60.87143,-136.93298,2022-07-21,SW,2,TR,NA,NA,NA,NA,NA,NA,NA
YTHEMP-YSL-276468-S1,TOR,S,S1,60.87143,-136.93298,2022-07-21,SW,2,TS,NA,NA,NA,NA,NA,NA,NA
YTHEMP-YSL-276468-S1,TOR,S,S1,60.87143,-136.93298,2022-07-21,WN,1,VLS,24,37,1,Betu gla,L,FA,E
YTHEMP-YSL-276468-S1,TOR,S,S1,60.87143,-136.93298,2022-07-21,WN,1,LS,90,88,1,Sali spp,L,FA,E
YTHEMP-YSL-276468-S1,TOR,S,S1,60.87143,-136.93298,2022-07-21,WN,1,MS,119,40,1,Sali spp,L,FA,E
YTHEMP-YSL-276468-S1,TOR,S,S1,60.87143,-136.93298,2022-07-21,WN,1,TR,NA,NA,NA,NA,NA,NA,NA
YTHEMP-YSL-276468-S1,TOR,S,S1,60.87143,-136.93298,2022-07-21,WN,1,TS,NA,NA,NA,NA,NA,NA,NA
YTHEMP-YSL-276468-S1,TOR,S,S1,60.87143,-136.93298,2022-07-21,WN,2,VLS,41,38,1,Betu gla,L,FA,E
YTHEMP-YSL-276468-S1,TOR,S,S1,60.87143,-136.93298,2022-07-21,WN,2,LS,67,110,2,Sali spp,L,FA,E
YTHEMP-YSL-276468-S1,TOR,S,S1,60.87143,-136.93298,2022-07-21,WN,2,MS,NA,NA,NA,NA,NA,NA,NA
YTHEMP-YSL-276468-S1,TOR,S,S1,60.87143,-136.93298,2022-07-21,WN,2,TR,NA,NA,NA,NA,NA,NA,NA
YTHEMP-YSL-276468-S1,TOR,S,S1,60.87143,-136.93298,2022-07-21,WN,2,TS,NA,NA,NA,NA,NA,NA,NA
YTHEMP-YSL-277072-S2,TOR,S,S2,60.87256,-136.95404,2022-07-21,ES,1,VLS,24,70,4,Betu gla,L,FA,E
YTHEMP-YSL-277072-S2,TOR,S,S2,60.87256,-136.95404,2022-07-21,ES,1,LS,56,105,4,Betu gla,L,FA,E
YTHEMP-YSL-277072-S2,TOR,S,S2,60.87256,-136.95404,2022-07-21,ES,1,MS,177,835,2,Pice gla,L,FA,E
YTHEMP-YSL-277072-S2,TOR,S,S2,60.87256,-136.95404,2022-07-21,ES,1,TR,NA,NA,NA,NA,NA,NA,NA
YTHEMP-YSL-277072-S2,TOR,S,S2,60.87256,-136.95404,2022-07-21,ES,1,TS,NA,NA,NA,NA,NA,NA,NA
YTHEMP-YSL-277072-S2,TOR,S,S2,60.87256,-136.95404,2022-07-21,ES,2,VLS,39,102,4,Betu gla,L,FA,E
YTHEMP-YSL-277072-S2,TOR,S,S2,60.87256,-136.95404,2022-07-21,ES,2,LS,52,131,6,Betu gla,L,FA,E
YTHEMP-YSL-277072-S2,TOR,S,S2,60.87256,-136.95404,2022-07-21,ES,2,MS,NA,NA,NA,NA,NA,NA,NA
YTHEMP-YSL-277072-S2,TOR,S,S2,60.87256,-136.95404,2022-07-21,ES,2,TR,NA,NA,NA,NA,NA,NA,NA
YTHEMP-YSL-277072-S2,TOR,S,S2,60.87256,-136.95404,2022-07-21,ES,2,TS,NA,NA,NA,NA,NA,NA,NA
YTHEMP-YSL-277072-S2,TOR,S,S2,60.87256,-136.95404,2022-07-21,NE,1,VLS,20,3,2,Pice gla,L,FA,M
YTHEMP-YSL-277072-S2,TOR,S,S2,60.87256,-136.95404,2022-07-21,NE,1,LS,74,71,1,Pice gla,L,FA,E
YTHEMP-YSL-277072-S2,TOR,S,S2,60.87256,-136.95404,2022-07-21,NE,1,MS,161,505,2,Pice gla,L,FA,E
YTHEMP-YSL-277072-S2,TOR,S,S2,60.87256,-136.95404,2022-07-21,NE,1,TR,NA,NA,NA,NA,NA,NA,NA
YTHEMP-YSL-277072-S2,TOR,S,S2,60.87256,-136.95404,2022-07-21,NE,1,TS,NA,NA,NA,NA,NA,NA,NA
YTHEMP-YSL-277072-S2,TOR,S,S2,60.87256,-136.95404,2022-07-21,NE,2,VLS,18,11,1,Vacc uli,L,FP,E
YTHEMP-YSL-277072-S2,TOR,S,S2,60.87256,-136.95404,2022-07-21,NE,2,LS,51,73,2,Betu gla,L,FA,E
YTHEMP-YSL-277072-S2,TOR,S,S2,60.87256,-136.95404,2022-07-21,NE,2,MS,165,690,1,Pice gla,L,FA,E
YTHEMP-YSL-277072-S2,TOR,S,S2,60.87256,-136.95404,2022-07-21,NE,2,TR,NA,NA,NA,NA,NA,NA,NA
YTHEMP-YSL-277072-S2,TOR,S,S2,60.87256,-136.95404,2022-07-21,NE,2,TS,NA,NA,NA,NA,NA,NA,NA
YTHEMP-YSL-277072-S2,TOR,S,S2,60.87256,-136.95404,2022-07-21,SW,1,VLS,16,38,2,Vacc uli,L,FP,E
YTHEMP-YSL-277072-S2,TOR,S,S2,60.87256,-136.95404,2022-07-21,SW,1,LS,52,108,5,Betu gla,L,FA,E
YTHEMP-YSL-277072-S2,TOR,S,S2,60.87256,-136.95404,2022-07-21,SW,1,MS,140,329,2,Pice gla,L,FA,E
YTHEMP-YSL-277072-S2,TOR,S,S2,60.87256,-136.95404,2022-07-21,SW,1,TR,NA,NA,NA,NA,NA,NA,NA
YTHEMP-YSL-277072-S2,TOR,S,S2,60.87256,-136.95404,2022-07-21,SW,1,TS,NA,NA,NA,NA,NA,NA,NA
YTHEMP-YSL-277072-S2,TOR,S,S2,60.87256,-136.95404,2022-07-21,SW,2,VLS,41,54,3,Betu gla,L,FA,E
YTHEMP-YSL-277072-S2,TOR,S,S2,60.87256,-136.95404,2022-07-21,SW,2,LS,70,362,1,Pice gla,L,FA,E
YTHEMP-YSL-277072-S2,TOR,S,S2,60.87256,-136.95404,2022-07-21,SW,2,MS,NA,NA,NA,NA,NA,NA,NA
YTHEMP-YSL-277072-S2,TOR,S,S2,60.87256,-136.95404,2022-07-21,SW,2,TR,NA,NA,NA,NA,NA,NA,NA
YTHEMP-YSL-277072-S2,TOR,S,S2,60.87256,-136.95404,2022-07-21,SW,2,TS,NA,NA,NA,NA,NA,NA,NA
YTHEMP-YSL-277072-S2,TOR,S,S2,60.87256,-136.95404,2022-07-21,WN,1,VLS,31,43,2,Vacc uli,L,FP,E
YTHEMP-YSL-277072-S2,TOR,S,S2,60.87256,-136.95404,2022-07-21,WN,1,LS,75,120,2,Sali spp,L,FA,E
YTHEMP-YSL-277072-S2,TOR,S,S2,60.87256,-136.95404,2022-07-21,WN,1,MS,140,129,1,Pice gla,L,FA,E
YTHEMP-YSL-277072-S2,TOR,S,S2,60.87256,-136.95404,2022-07-21,WN,1,TS,245,110,1,Pice gla,L,FA,E
YTHEMP-YSL-277072-S2,TOR,S,S2,60.87256,-136.95404,2022-07-21,WN,1,TR,NA,NA,NA,NA,NA,NA,NA
YTHEMP-YSL-277072-S2,TOR,S,S2,60.87256,-136.95404,2022-07-21,WN,2,VLS,16,70,2,Vacc uli,L,FP,E
YTHEMP-YSL-277072-S2,TOR,S,S2,60.87256,-136.95404,2022-07-21,WN,2,LS,98,212,7,Sali spp,L,FA,E
YTHEMP-YSL-277072-S2,TOR,S,S2,60.87256,-136.95404,2022-07-21,WN,2,MS,181,200,1,Pice gla,L,FA,E
YTHEMP-YSL-277072-S2,TOR,S,S2,60.87256,-136.95404,2022-07-21,WN,2,TS,220,361,1,Pice gla,L,FA,E
YTHEMP-YSL-277072-S2,TOR,S,S2,60.87256,-136.95404,2022-07-21,WN,2,TR,NA,NA,NA,NA,NA,NA,NA
YTHEMP-YSL-277072-S3,TOR,S,S3,60.87388,-136.94666,2022-07-21,ES,1,VLS,15,80,3,Sali spp,L,FA,M
YTHEMP-YSL-277072-S3,TOR,S,S3,60.87388,-136.94666,2022-07-21,ES,1,LS,59,76,2,Sali spp,L,FA,E
YTHEMP-YSL-277072-S3,TOR,S,S3,60.87388,-136.94666,2022-07-21,ES,1,MS,131,61,1,Pice gla,L,FA,E
YTHEMP-YSL-277072-S3,TOR,S,S3,60.87388,-136.94666,2022-07-21,ES,1,TR,NA,NA,NA,NA,NA,NA,NA
YTHEMP-YSL-277072-S3,TOR,S,S3,60.87388,-136.94666,2022-07-21,ES,1,TS,NA,NA,NA,NA,NA,NA,NA
YTHEMP-YSL-277072-S3,TOR,S,S3,60.87388,-136.94666,2022-07-21,ES,2,VLS,24,81,2,Sali spp,L,FA,M
YTHEMP-YSL-277072-S3,TOR,S,S3,60.87388,-136.94666,2022-07-21,ES,2,LS,52,90,1,Pice gla,L,FA,M
YTHEMP-YSL-277072-S3,TOR,S,S3,60.87388,-136.94666,2022-07-21,ES,2,MS,100,236,1,Pice gla,L,FA,E
YTHEMP-YSL-277072-S3,TOR,S,S3,60.87388,-136.94666,2022-07-21,ES,2,TR,NA,NA,NA,NA,NA,NA,NA
YTHEMP-YSL-277072-S3,TOR,S,S3,60.87388,-136.94666,2022-07-21,ES,2,TS,NA,NA,NA,NA,NA,NA,NA
YTHEMP-YSL-277072-S3,TOR,S,S3,60.87388,-136.94666,2022-07-21,NE,1,VLS,36,127,2,Sali spp,L,FA,E
YTHEMP-YSL-277072-S3,TOR,S,S3,60.87388,-136.94666,2022-07-21,NE,1,LS,61,82,3,Sali spp,L,FA,E
YTHEMP-YSL-277072-S3,TOR,S,S3,60.87388,-136.94666,2022-07-21,NE,1,MS,189,84,2,Pice gla,L,FA,E
YTHEMP-YSL-277072-S3,TOR,S,S3,60.87388,-136.94666,2022-07-21,NE,1,TR,NA,NA,NA,NA,NA,NA,NA
YTHEMP-YSL-277072-S3,TOR,S,S3,60.87388,-136.94666,2022-07-21,NE,1,TS,NA,NA,NA,NA,NA,NA,NA
YTHEMP-YSL-277072-S3,TOR,S,S3,60.87388,-136.94666,2022-07-21,NE,2,VLS,21,163,8,Sali spp,L,FA,M
YTHEMP-YSL-277072-S3,TOR,S,S3,60.87388,-136.94666,2022-07-21,NE,2,LS,52,93,1,Sali spp,L,FA,E
YTHEMP-YSL-277072-S3,TOR,S,S3,60.87388,-136.94666,2022-07-21,NE,2,MS,156,171,1,Pice gla,L,FA,E
YTHEMP-YSL-277072-S3,TOR,S,S3,60.87388,-136.94666,2022-07-21,NE,2,TR,NA,NA,NA,NA,NA,NA,NA
YTHEMP-YSL-277072-S3,TOR,S,S3,60.87388,-136.94666,2022-07-21,NE,2,TS,NA,NA,NA,NA,NA,NA,NA
YTHEMP-YSL-277072-S3,TOR,S,S3,60.87388,-136.94666,2022-07-21,SW,1,VLS,19,52,2,Pice gla,L,FA,M
YTHEMP-YSL-277072-S3,TOR,S,S3,60.87388,-136.94666,2022-07-21,SW,1,LS,90,193,1,Pice gla,L,FA,E
YTHEMP-YSL-277072-S3,TOR,S,S3,60.87388,-136.94666,2022-07-21,SW,1,MS,151,43,1,Pice gla,L,FA,E
YTHEMP-YSL-277072-S3,TOR,S,S3,60.87388,-136.94666,2022-07-21,SW,1,TR,NA,NA,NA,NA,NA,NA,NA
YTHEMP-YSL-277072-S3,TOR,S,S3,60.87388,-136.94666,2022-07-21,SW,1,TS,NA,NA,NA,NA,NA,NA,NA
YTHEMP-YSL-277072-S3,TOR,S,S3,60.87388,-136.94666,2022-07-21,SW,2,VLS,30,98,3,Sali spp,L,FA,E
YTHEMP-YSL-277072-S3,TOR,S,S3,60.87388,-136.94666,2022-07-21,SW,2,LS,59,245,4,Sali spp,L,FA,E
YTHEMP-YSL-277072-S3,TOR,S,S3,60.87388,-136.94666,2022-07-21,SW,2,MS,184,56,1,Pice gla,L,FA,E
YTHEMP-YSL-277072-S3,TOR,S,S3,60.87388,-136.94666,2022-07-21,SW,2,TR,NA,NA,NA,NA,NA,NA,NA
YTHEMP-YSL-277072-S3,TOR,S,S3,60.87388,-136.94666,2022-07-21,SW,2,TS,NA,NA,NA,NA,NA,NA,NA
YTHEMP-YSL-277072-S3,TOR,S,S3,60.87388,-136.94666,2022-07-21,WN,1,VLS,36,84,5,Sali spp,L,FA,E
YTHEMP-YSL-277072-S3,TOR,S,S3,60.87388,-136.94666,2022-07-21,WN,1,LS,71,348,7,Sali spp,L,FA,E
YTHEMP-YSL-277072-S3,TOR,S,S3,60.87388,-136.94666,2022-07-21,WN,1,MS,179,52,1,Pice gla,L,FA,E
YTHEMP-YSL-277072-S3,TOR,S,S3,60.87388,-136.94666,2022-07-21,WN,1,TR,NA,NA,NA,NA,NA,NA,NA
YTHEMP-YSL-277072-S3,TOR,S,S3,60.87388,-136.94666,2022-07-21,WN,1,TS,NA,NA,NA,NA,NA,NA,NA
YTHEMP-YSL-277072-S3,TOR,S,S3,60.87388,-136.94666,2022-07-21,WN,2,VLS,26,134,2,Sali spp,L,FA,E
YTHEMP-YSL-277072-S3,TOR,S,S3,60.87388,-136.94666,2022-07-21,WN,2,LS,68,379,3,Sali spp,L,FA,E
YTHEMP-YSL-277072-S3,TOR,S,S3,60.87388,-136.94666,2022-07-21,WN,2,MS,173,72,1,Pice gla,L,FA,E
YTHEMP-YSL-277072-S3,TOR,S,S3,60.87388,-136.94666,2022-07-21,WN,2,TR,NA,NA,NA,NA,NA,NA,NA
YTHEMP-YSL-277072-S3,TOR,S,S3,60.87388,-136.94666,2022-07-21,WN,2,TS,NA,NA,NA,NA,NA,NA,NA
YTHEMP-YSL-277072-S4,TOR,S,S4,60.87858,-136.94393,2022-07-21,ES,1,VLS,37,104,3,Betu gla,L,FA,E
YTHEMP-YSL-277072-S4,TOR,S,S4,60.87858,-136.94393,2022-07-21,ES,1,LS,51,135,3,Betu gla,L,FA,E
YTHEMP-YSL-277072-S4,TOR,S,S4,60.87858,-136.94393,2022-07-21,ES,1,MS,NA,NA,NA,NA,NA,NA,NA
YTHEMP-YSL-277072-S4,TOR,S,S4,60.87858,-136.94393,2022-07-21,ES,1,TR,NA,NA,NA,NA,NA,NA,NA
YTHEMP-YSL-277072-S4,TOR,S,S4,60.87858,-136.94393,2022-07-21,ES,1,TS,NA,NA,NA,NA,NA,NA,NA
YTHEMP-YSL-277072-S4,TOR,S,S4,60.87858,-136.94393,2022-07-21,ES,2,VLS,18,106,11,Vacc uli,L,FP,E
YTHEMP-YSL-277072-S4,TOR,S,S4,60.87858,-136.94393,2022-07-21,ES,2,LS,65,814,1,Pice gla,L,FA,M
YTHEMP-YSL-277072-S4,TOR,S,S4,60.87858,-136.94393,2022-07-21,ES,2,MS,NA,NA,NA,NA,NA,NA,NA
YTHEMP-YSL-277072-S4,TOR,S,S4,60.87858,-136.94393,2022-07-21,ES,2,TR,NA,NA,NA,NA,NA,NA,NA
YTHEMP-YSL-277072-S4,TOR,S,S4,60.87858,-136.94393,2022-07-21,ES,2,TS,NA,NA,NA,NA,NA,NA,NA
YTHEMP-YSL-277072-S4,TOR,S,S4,60.87858,-136.94393,2022-07-21,NE,1,VLS,27,62,1,Sali spp,L,FA,E
YTHEMP-YSL-277072-S4,TOR,S,S4,60.87858,-136.94393,2022-07-21,NE,1,LS,85,115,7,Sali spp,L,FA,E
YTHEMP-YSL-277072-S4,TOR,S,S4,60.87858,-136.94393,2022-07-21,NE,1,MS,NA,NA,NA,NA,NA,NA,NA
YTHEMP-YSL-277072-S4,TOR,S,S4,60.87858,-136.94393,2022-07-21,NE,1,TR,NA,NA,NA,NA,NA,NA,NA
YTHEMP-YSL-277072-S4,TOR,S,S4,60.87858,-136.94393,2022-07-21,NE,1,TS,NA,NA,NA,NA,NA,NA,NA
YTHEMP-YSL-277072-S4,TOR,S,S4,60.87858,-136.94393,2022-07-21,NE,2,VLS,21,176,2,Sali spp,L,FA,E
YTHEMP-YSL-277072-S4,TOR,S,S4,60.87858,-136.94393,2022-07-21,NE,2,LS,NA,NA,NA,NA,NA,NA,NA
YTHEMP-YSL-277072-S4,TOR,S,S4,60.87858,-136.94393,2022-07-21,NE,2,MS,NA,NA,NA,NA,NA,NA,NA
YTHEMP-YSL-277072-S4,TOR,S,S4,60.87858,-136.94393,2022-07-21,NE,2,TR,NA,NA,NA,NA,NA,NA,NA
YTHEMP-YSL-277072-S4,TOR,S,S4,60.87858,-136.94393,2022-07-21,NE,2,TS,NA,NA,NA,NA,NA,NA,NA
YTHEMP-YSL-277072-S4,TOR,S,S4,60.87858,-136.94393,2022-07-21,SW,1,VLS,30,137,1,Betu gla,L,FA,E
YTHEMP-YSL-277072-S4,TOR,S,S4,60.87858,-136.94393,2022-07-21,SW,1,LS,51,267,3,Betu gla,L,FA,E
YTHEMP-YSL-277072-S4,TOR,S,S4,60.87858,-136.94393,2022-07-21,SW,1,MS,112,84,6,Sali spp,L,FA,E
YTHEMP-YSL-277072-S4,TOR,S,S4,60.87858,-136.94393,2022-07-21,SW,1,TR,NA,NA,NA,NA,NA,NA,NA
YTHEMP-YSL-277072-S4,TOR,S,S4,60.87858,-136.94393,2022-07-21,SW,1,TS,NA,NA,NA,NA,NA,NA,NA
YTHEMP-YSL-277072-S4,TOR,S,S4,60.87858,-136.94393,2022-07-21,SW,2,VLS,33,140,1,Betu gla,L,FA,E
YTHEMP-YSL-277072-S4,TOR,S,S4,60.87858,-136.94393,2022-07-21,SW,2,LS,51,345,2,Betu gla,L,FA,E
YTHEMP-YSL-277072-S4,TOR,S,S4,60.87858,-136.94393,2022-07-21,SW,2,MS,NA,NA,NA,NA,NA,NA,NA
YTHEMP-YSL-277072-S4,TOR,S,S4,60.87858,-136.94393,2022-07-21,SW,2,TR,NA,NA,NA,NA,NA,NA,NA
YTHEMP-YSL-277072-S4,TOR,S,S4,60.87858,-136.94393,2022-07-21,SW,2,TS,NA,NA,NA,NA,NA,NA,NA
YTHEMP-YSL-277072-S4,TOR,S,S4,60.87858,-136.94393,2022-07-21,WN,1,VLS,18,131,1,Betu gla,L,FA,E
YTHEMP-YSL-277072-S4,TOR,S,S4,60.87858,-136.94393,2022-07-21,WN,1,LS,51,293,2,Betu gla,L,FA,E
YTHEMP-YSL-277072-S4,TOR,S,S4,60.87858,-136.94393,2022-07-21,WN,1,MS,112,514,3,Sali spp,L,FA,E
YTHEMP-YSL-277072-S4,TOR,S,S4,60.87858,-136.94393,2022-07-21,WN,1,TR,NA,NA,NA,NA,NA,NA,NA
YTHEMP-YSL-277072-S4,TOR,S,S4,60.87858,-136.94393,2022-07-21,WN,1,TS,NA,NA,NA,NA,NA,NA,NA
YTHEMP-YSL-277072-S4,TOR,S,S4,60.87858,-136.94393,2022-07-21,WN,2,VLS,20,151,1,Betu gla,L,FA,E
YTHEMP-YSL-277072-S4,TOR,S,S4,60.87858,-136.94393,2022-07-21,WN,2,LS,51,305,2,Betu gla,L,FA,E
YTHEMP-YSL-277072-S4,TOR,S,S4,60.87858,-136.94393,2022-07-21,WN,2,MS,NA,NA,NA,NA,NA,NA,NA
YTHEMP-YSL-277072-S4,TOR,S,S4,60.87858,-136.94393,2022-07-21,WN,2,TR,NA,NA,NA,NA,NA,NA,NA
YTHEMP-YSL-277072-S4,TOR,S,S4,60.87858,-136.94393,2022-07-21,WN,2,TS,NA,NA,NA,NA,NA,NA,NA
YTHEMP-YSL-275865-D15,TOR,S,S5,60.868178,-136.949102,2022-07-21,ES,1,VLS,21,34,1,Betu gla,L,FA,E
YTHEMP-YSL-275865-D15,TOR,S,S5,60.868178,-136.949102,2022-07-21,ES,1,LS,78,98,1,Sali spp,L,FA,E
YTHEMP-YSL-275865-D15,TOR,S,S5,60.868178,-136.949102,2022-07-21,ES,1,MS,110,71,7,Sali spp,L,FA,E
YTHEMP-YSL-275865-D15,TOR,S,S5,60.868178,-136.949102,2022-07-21,ES,1,TS,201,163,6,Sali spp,L,FA,E
YTHEMP-YSL-275865-D15,TOR,S,S5,60.868178,-136.949102,2022-07-21,ES,1,TR,NA,NA,NA,NA,NA,NA,NA
YTHEMP-YSL-275865-D15,TOR,S,S5,60.868178,-136.949102,2022-07-21,ES,2,VLS,44,82,5,Betu gla,L,FA,E
YTHEMP-YSL-275865-D15,TOR,S,S5,60.868178,-136.949102,2022-07-21,ES,2,LS,67,182,2,Betu gla,L,FA,E
YTHEMP-YSL-275865-D15,TOR,S,S5,60.868178,-136.949102,2022-07-21,ES,2,MS,112,118,4,Sali spp,L,FA,E
YTHEMP-YSL-275865-D15,TOR,S,S5,60.868178,-136.949102,2022-07-21,ES,2,TS,205,313,7,Sali spp,L,FA,E
YTHEMP-YSL-275865-D15,TOR,S,S5,60.868178,-136.949102,2022-07-21,ES,2,TR,NA,NA,NA,NA,NA,NA,NA
YTHEMP-YSL-275865-D15,TOR,S,S5,60.868178,-136.949102,2022-07-21,NE,1,VLS,35,104,3,Betu gla,L,FA,E
YTHEMP-YSL-275865-D15,TOR,S,S5,60.868178,-136.949102,2022-07-21,NE,1,LS,59,38,1,Pice gla,L,FA,E
YTHEMP-YSL-275865-D15,TOR,S,S5,60.868178,-136.949102,2022-07-21,NE,1,MS,115,286,2,Sali spp,L,FA,E
YTHEMP-YSL-275865-D15,TOR,S,S5,60.868178,-136.949102,2022-07-21,NE,1,TS,225,160,7,Sali spp,L,FA,E
YTHEMP-YSL-275865-D15,TOR,S,S5,60.868178,-136.949102,2022-07-21,NE,1,TR,NA,NA,NA,NA,NA,NA,NA
YTHEMP-YSL-275865-D15,TOR,S,S5,60.868178,-136.949102,2022-07-21,NE,2,VLS,16,112,1,Rosa aci,L,FP,E
YTHEMP-YSL-275865-D15,TOR,S,S5,60.868178,-136.949102,2022-07-21,NE,2,LS,61,166,1,Betu gla,L,FA,E
YTHEMP-YSL-275865-D15,TOR,S,S5,60.868178,-136.949102,2022-07-21,NE,2,MS,137,288,10,Sali spp,L,FA,E
YTHEMP-YSL-275865-D15,TOR,S,S5,60.868178,-136.949102,2022-07-21,NE,2,TS,202,152,7,Sali spp,L,FA,E
YTHEMP-YSL-275865-D15,TOR,S,S5,60.868178,-136.949102,2022-07-21,NE,2,TR,NA,NA,NA,NA,NA,NA,NA
YTHEMP-YSL-275865-D15,TOR,S,S5,60.868178,-136.949102,2022-07-21,SW,1,VLS,27,46,2,Betu gla,L,FA,E
YTHEMP-YSL-275865-D15,TOR,S,S5,60.868178,-136.949102,2022-07-21,SW,1,LS,89,44,1,Betu gla,L,FA,E
YTHEMP-YSL-275865-D15,TOR,S,S5,60.868178,-136.949102,2022-07-21,SW,1,MS,110,200,8,Sali spp,L,FA,E
YTHEMP-YSL-275865-D15,TOR,S,S5,60.868178,-136.949102,2022-07-21,SW,1,TR,NA,NA,NA,NA,NA,NA,NA
YTHEMP-YSL-275865-D15,TOR,S,S5,60.868178,-136.949102,2022-07-21,SW,1,TS,NA,NA,NA,NA,NA,NA,NA
YTHEMP-YSL-275865-D15,TOR,S,S5,60.868178,-136.949102,2022-07-21,SW,2,VLS,38,50,1,Betu gla,L,FA,E
YTHEMP-YSL-275865-D15,TOR,S,S5,60.868178,-136.949102,2022-07-21,SW,2,LS,93,114,18,Betu gla,L,FA,E
YTHEMP-YSL-275865-D15,TOR,S,S5,60.868178,-136.949102,2022-07-21,SW,2,MS,170,292,1,Sali spp,L,FA,E
YTHEMP-YSL-275865-D15,TOR,S,S5,60.868178,-136.949102,2022-07-21,SW,2,TR,NA,NA,NA,NA,NA,NA,NA
YTHEMP-YSL-275865-D15,TOR,S,S5,60.868178,-136.949102,2022-07-21,SW,2,TS,NA,NA,NA,NA,NA,NA,NA
YTHEMP-YSL-275865-D15,TOR,S,S5,60.868178,-136.949102,2022-07-21,WN,1,VLS,17,38,1,Rosa aci,L,FP,E
YTHEMP-YSL-275865-D15,TOR,S,S5,60.868178,-136.949102,2022-07-21,WN,1,LS,84,43,2,Sali spp,L,FA,E
YTHEMP-YSL-275865-D15,TOR,S,S5,60.868178,-136.949102,2022-07-21,WN,1,MS,160,98,7,Sali spp,L,FA,E
YTHEMP-YSL-275865-D15,TOR,S,S5,60.868178,-136.949102,2022-07-21,WN,1,TS,234,420,5,Sali spp,L,FA,E
YTHEMP-YSL-275865-D15,TOR,S,S5,60.868178,-136.949102,2022-07-21,WN,1,TR,NA,NA,NA,NA,NA,NA,NA
YTHEMP-YSL-275865-D15,TOR,S,S5,60.868178,-136.949102,2022-07-21,WN,2,VLS,49,127,1,Betu gla,L,FA,E
YTHEMP-YSL-275865-D15,TOR,S,S5,60.868178,-136.949102,2022-07-21,WN,2,LS,81,181,2,Betu gla,L,FA,E
YTHEMP-YSL-275865-D15,TOR,S,S5,60.868178,-136.949102,2022-07-21,WN,2,MS,167,180,12,Sali spp,L,FA,E
YTHEMP-YSL-275865-D15,TOR,S,S5,60.868178,-136.949102,2022-07-21,WN,2,TS,232,500,10,Sali spp,L,FA,E
YTHEMP-YSL-275865-D15,TOR,S,S5,60.868178,-136.949102,2022-07-21,WN,2,TR,NA,NA,NA,NA,NA,NA,NA
YTHEMP-YSL-276468-T1,TOR,T,T1,60.8754,-136.91663,2022-07-21,ES,1,LS,NA,NA,NA,NA,NA,NA,NA
YTHEMP-YSL-276468-T1,TOR,T,T1,60.8754,-136.91663,2022-07-21,ES,1,MS,NA,NA,NA,NA,NA,NA,NA
YTHEMP-YSL-276468-T1,TOR,T,T1,60.8754,-136.91663,2022-07-21,ES,1,TR,NA,NA,NA,NA,NA,NA,NA
YTHEMP-YSL-276468-T1,TOR,T,T1,60.8754,-136.91663,2022-07-21,ES,1,TS,NA,NA,NA,NA,NA,NA,NA
YTHEMP-YSL-276468-T1,TOR,T,T1,60.8754,-136.91663,2022-07-21,ES,1,VLS,NA,NA,NA,NA,NA,NA,NA
YTHEMP-YSL-276468-T1,TOR,T,T1,60.8754,-136.91663,2022-07-21,ES,2,LS,NA,NA,NA,NA,NA,NA,NA
YTHEMP-YSL-276468-T1,TOR,T,T1,60.8754,-136.91663,2022-07-21,ES,2,MS,NA,NA,NA,NA,NA,NA,NA
YTHEMP-YSL-276468-T1,TOR,T,T1,60.8754,-136.91663,2022-07-21,ES,2,TR,NA,NA,NA,NA,NA,NA,NA
YTHEMP-YSL-276468-T1,TOR,T,T1,60.8754,-136.91663,2022-07-21,ES,2,TS,NA,NA,NA,NA,NA,NA,NA
YTHEMP-YSL-276468-T1,TOR,T,T1,60.8754,-136.91663,2022-07-21,ES,2,VLS,NA,NA,NA,NA,NA,NA,NA
YTHEMP-YSL-276468-T1,TOR,T,T1,60.8754,-136.91663,2022-07-21,NE,1,LS,NA,NA,NA,NA,NA,NA,NA
YTHEMP-YSL-276468-T1,TOR,T,T1,60.8754,-136.91663,2022-07-21,NE,1,MS,NA,NA,NA,NA,NA,NA,NA
YTHEMP-YSL-276468-T1,TOR,T,T1,60.8754,-136.91663,2022-07-21,NE,1,TR,NA,NA,NA,NA,NA,NA,NA
YTHEMP-YSL-276468-T1,TOR,T,T1,60.8754,-136.91663,2022-07-21,NE,1,TS,NA,NA,NA,NA,NA,NA,NA
YTHEMP-YSL-276468-T1,TOR,T,T1,60.8754,-136.91663,2022-07-21,NE,1,VLS,NA,NA,NA,NA,NA,NA,NA
YTHEMP-YSL-276468-T1,TOR,T,T1,60.8754,-136.91663,2022-07-21,NE,2,LS,NA,NA,NA,NA,NA,NA,NA
YTHEMP-YSL-276468-T1,TOR,T,T1,60.8754,-136.91663,2022-07-21,NE,2,MS,NA,NA,NA,NA,NA,NA,NA
YTHEMP-YSL-276468-T1,TOR,T,T1,60.8754,-136.91663,2022-07-21,NE,2,TR,NA,NA,NA,NA,NA,NA,NA
YTHEMP-YSL-276468-T1,TOR,T,T1,60.8754,-136.91663,2022-07-21,NE,2,TS,NA,NA,NA,NA,NA,NA,NA
YTHEMP-YSL-276468-T1,TOR,T,T1,60.8754,-136.91663,2022-07-21,NE,2,VLS,NA,NA,NA,NA,NA,NA,NA
YTHEMP-YSL-276468-T1,TOR,T,T1,60.8754,-136.91663,2022-07-21,SW,1,LS,NA,NA,NA,NA,NA,NA,NA
YTHEMP-YSL-276468-T1,TOR,T,T1,60.8754,-136.91663,2022-07-21,SW,1,MS,NA,NA,NA,NA,NA,NA,NA
YTHEMP-YSL-276468-T1,TOR,T,T1,60.8754,-136.91663,2022-07-21,SW,1,TR,NA,NA,NA,NA,NA,NA,NA
YTHEMP-YSL-276468-T1,TOR,T,T1,60.8754,-136.91663,2022-07-21,SW,1,TS,NA,NA,NA,NA,NA,NA,NA
YTHEMP-YSL-276468-T1,TOR,T,T1,60.8754,-136.91663,2022-07-21,SW,1,VLS,NA,NA,NA,NA,NA,NA,NA
YTHEMP-YSL-276468-T1,TOR,T,T1,60.8754,-136.91663,2022-07-21,SW,2,LS,NA,NA,NA,NA,NA,NA,NA
YTHEMP-YSL-276468-T1,TOR,T,T1,60.8754,-136.91663,2022-07-21,SW,2,MS,NA,NA,NA,NA,NA,NA,NA
YTHEMP-YSL-276468-T1,TOR,T,T1,60.8754,-136.91663,2022-07-21,SW,2,TR,NA,NA,NA,NA,NA,NA,NA
YTHEMP-YSL-276468-T1,TOR,T,T1,60.8754,-136.91663,2022-07-21,SW,2,TS,NA,NA,NA,NA,NA,NA,NA
YTHEMP-YSL-276468-T1,TOR,T,T1,60.8754,-136.91663,2022-07-21,SW,2,VLS,NA,NA,NA,NA,NA,NA,NA
YTHEMP-YSL-276468-T1,TOR,T,T1,60.8754,-136.91663,2022-07-21,WN,1,LS,NA,NA,NA,NA,NA,NA,NA
YTHEMP-YSL-276468-T1,TOR,T,T1,60.8754,-136.91663,2022-07-21,WN,1,MS,NA,NA,NA,NA,NA,NA,NA
YTHEMP-YSL-276468-T1,TOR,T,T1,60.8754,-136.91663,2022-07-21,WN,1,TR,NA,NA,NA,NA,NA,NA,NA
YTHEMP-YSL-276468-T1,TOR,T,T1,60.8754,-136.91663,2022-07-21,WN,1,TS,NA,NA,NA,NA,NA,NA,NA
YTHEMP-YSL-276468-T1,TOR,T,T1,60.8754,-136.91663,2022-07-21,WN,1,VLS,NA,NA,NA,NA,NA,NA,NA
YTHEMP-YSL-276468-T1,TOR,T,T1,60.8754,-136.91663,2022-07-21,WN,2,LS,NA,NA,NA,NA,NA,NA,NA
YTHEMP-YSL-276468-T1,TOR,T,T1,60.8754,-136.91663,2022-07-21,WN,2,MS,NA,NA,NA,NA,NA,NA,NA
YTHEMP-YSL-276468-T1,TOR,T,T1,60.8754,-136.91663,2022-07-21,WN,2,TR,NA,NA,NA,NA,NA,NA,NA
YTHEMP-YSL-276468-T1,TOR,T,T1,60.8754,-136.91663,2022-07-21,WN,2,TS,NA,NA,NA,NA,NA,NA,NA
YTHEMP-YSL-276468-T1,TOR,T,T1,60.8754,-136.91663,2022-07-21,WN,2,VLS,NA,NA,NA,NA,NA,NA,NA
YTHEMP-YSL-276468-T2,TOR,T,T2,60.87285,-136.91873,2022-07-21,ES,1,VLS,35,85,1,Sali spp,L,FA,E
YTHEMP-YSL-276468-T2,TOR,T,T2,60.87285,-136.91873,2022-07-21,ES,1,LS,51,43,2,Sali spp,L,FA,E
YTHEMP-YSL-276468-T2,TOR,T,T2,60.87285,-136.91873,2022-07-21,ES,1,MS,121,61,4,Sali spp,L,FA,E
YTHEMP-YSL-276468-T2,TOR,T,T2,60.87285,-136.91873,2022-07-21,ES,1,TR,NA,NA,NA,NA,NA,NA,NA
YTHEMP-YSL-276468-T2,TOR,T,T2,60.87285,-136.91873,2022-07-21,ES,1,TS,NA,NA,NA,NA,NA,NA,NA
YTHEMP-YSL-276468-T2,TOR,T,T2,60.87285,-136.91873,2022-07-21,ES,2,VLS,31,142,1,Sali spp,L,FA,E
YTHEMP-YSL-276468-T2,TOR,T,T2,60.87285,-136.91873,2022-07-21,ES,2,LS,52,84,3,Sali spp,L,FA,E
YTHEMP-YSL-276468-T2,TOR,T,T2,60.87285,-136.91873,2022-07-21,ES,2,MS,108,65,5,Sali spp,L,FA,E
YTHEMP-YSL-276468-T2,TOR,T,T2,60.87285,-136.91873,2022-07-21,ES,2,TR,NA,NA,NA,NA,NA,NA,NA
YTHEMP-YSL-276468-T2,TOR,T,T2,60.87285,-136.91873,2022-07-21,ES,2,TS,NA,NA,NA,NA,NA,NA,NA
YTHEMP-YSL-276468-T2,TOR,T,T2,60.87285,-136.91873,2022-07-21,NE,1,VLS,24,549,1,Betu gla,L,FA,E
YTHEMP-YSL-276468-T2,TOR,T,T2,60.87285,-136.91873,2022-07-21,NE,1,LS,NA,NA,NA,NA,NA,NA,NA
YTHEMP-YSL-276468-T2,TOR,T,T2,60.87285,-136.91873,2022-07-21,NE,1,MS,NA,NA,NA,NA,NA,NA,NA
YTHEMP-YSL-276468-T2,TOR,T,T2,60.87285,-136.91873,2022-07-21,NE,1,TR,NA,NA,NA,NA,NA,NA,NA
YTHEMP-YSL-276468-T2,TOR,T,T2,60.87285,-136.91873,2022-07-21,NE,1,TS,NA,NA,NA,NA,NA,NA,NA
YTHEMP-YSL-276468-T2,TOR,T,T2,60.87285,-136.91873,2022-07-21,NE,2,VLS,21,557,1,Betu gla,L,FA,E
YTHEMP-YSL-276468-T2,TOR,T,T2,60.87285,-136.91873,2022-07-21,NE,2,LS,NA,NA,NA,NA,NA,NA,NA
YTHEMP-YSL-276468-T2,TOR,T,T2,60.87285,-136.91873,2022-07-21,NE,2,MS,NA,NA,NA,NA,NA,NA,NA
YTHEMP-YSL-276468-T2,TOR,T,T2,60.87285,-136.91873,2022-07-21,NE,2,TR,NA,NA,NA,NA,NA,NA,NA
YTHEMP-YSL-276468-T2,TOR,T,T2,60.87285,-136.91873,2022-07-21,NE,2,TS,NA,NA,NA,NA,NA,NA,NA
YTHEMP-YSL-276468-T2,TOR,T,T2,60.87285,-136.91873,2022-07-21,SW,1,LS,92,243,6,Sali spp,L,FA,E
YTHEMP-YSL-276468-T2,TOR,T,T2,60.87285,-136.91873,2022-07-21,SW,1,MS,NA,NA,NA,NA,NA,NA,NA
YTHEMP-YSL-276468-T2,TOR,T,T2,60.87285,-136.91873,2022-07-21,SW,1,TR,NA,NA,NA,NA,NA,NA,NA
YTHEMP-YSL-276468-T2,TOR,T,T2,60.87285,-136.91873,2022-07-21,SW,1,TS,NA,NA,NA,NA,NA,NA,NA
YTHEMP-YSL-276468-T2,TOR,T,T2,60.87285,-136.91873,2022-07-21,SW,1,VLS,NA,NA,NA,NA,NA,NA,NA
YTHEMP-YSL-276468-T2,TOR,T,T2,60.87285,-136.91873,2022-07-21,SW,2,LS,93,245,8,Sali spp,L,FA,E
YTHEMP-YSL-276468-T2,TOR,T,T2,60.87285,-136.91873,2022-07-21,SW,2,MS,NA,NA,NA,NA,NA,NA,NA
YTHEMP-YSL-276468-T2,TOR,T,T2,60.87285,-136.91873,2022-07-21,SW,2,TR,NA,NA,NA,NA,NA,NA,NA
YTHEMP-YSL-276468-T2,TOR,T,T2,60.87285,-136.91873,2022-07-21,SW,2,TS,NA,NA,NA,NA,NA,NA,NA
YTHEMP-YSL-276468-T2,TOR,T,T2,60.87285,-136.91873,2022-07-21,SW,2,VLS,NA,NA,NA,NA,NA,NA,NA
YTHEMP-YSL-276468-T2,TOR,T,T2,60.87285,-136.91873,2022-07-21,WN,1,VLS,18,459,10,Sali spp,L,FA,E
YTHEMP-YSL-276468-T2,TOR,T,T2,60.87285,-136.91873,2022-07-21,WN,1,LS,62,149,1,Sali spp,L,FA,E
YTHEMP-YSL-276468-T2,TOR,T,T2,60.87285,-136.91873,2022-07-21,WN,1,MS,168,64,4,Sali spp,L,FA,E
YTHEMP-YSL-276468-T2,TOR,T,T2,60.87285,-136.91873,2022-07-21,WN,1,TR,NA,NA,NA,NA,NA,NA,NA
YTHEMP-YSL-276468-T2,TOR,T,T2,60.87285,-136.91873,2022-07-21,WN,1,TS,NA,NA,NA,NA,NA,NA,NA
YTHEMP-YSL-276468-T2,TOR,T,T2,60.87285,-136.91873,2022-07-21,WN,2,VLS,20,515,1,Pice gla,L,FA,E
YTHEMP-YSL-276468-T2,TOR,T,T2,60.87285,-136.91873,2022-07-21,WN,2,MS,125,94,4,Sali spp,L,FA,E
YTHEMP-YSL-276468-T2,TOR,T,T2,60.87285,-136.91873,2022-07-21,WN,2,LS,NA,NA,NA,NA,NA,NA,NA
YTHEMP-YSL-276468-T2,TOR,T,T2,60.87285,-136.91873,2022-07-21,WN,2,TR,NA,NA,NA,NA,NA,NA,NA
YTHEMP-YSL-276468-T2,TOR,T,T2,60.87285,-136.91873,2022-07-21,WN,2,TS,NA,NA,NA,NA,NA,NA,NA
YTHEMP-YSL-276468-T3,TOR,T,T3,60.87452,-136.92328,2022-07-21,ES,1,LS,NA,NA,NA,NA,NA,NA,NA
YTHEMP-YSL-276468-T3,TOR,T,T3,60.87452,-136.92328,2022-07-21,ES,1,MS,NA,NA,NA,NA,NA,NA,NA
YTHEMP-YSL-276468-T3,TOR,T,T3,60.87452,-136.92328,2022-07-21,ES,1,TR,NA,NA,NA,NA,NA,NA,NA
YTHEMP-YSL-276468-T3,TOR,T,T3,60.87452,-136.92328,2022-07-21,ES,1,TS,NA,NA,NA,NA,NA,NA,NA
YTHEMP-YSL-276468-T3,TOR,T,T3,60.87452,-136.92328,2022-07-21,ES,1,VLS,NA,NA,NA,NA,NA,NA,NA
YTHEMP-YSL-276468-T3,TOR,T,T3,60.87452,-136.92328,2022-07-21,ES,2,LS,NA,NA,NA,NA,NA,NA,NA
YTHEMP-YSL-276468-T3,TOR,T,T3,60.87452,-136.92328,2022-07-21,ES,2,MS,NA,NA,NA,NA,NA,NA,NA
YTHEMP-YSL-276468-T3,TOR,T,T3,60.87452,-136.92328,2022-07-21,ES,2,TR,NA,NA,NA,NA,NA,NA,NA
YTHEMP-YSL-276468-T3,TOR,T,T3,60.87452,-136.92328,2022-07-21,ES,2,TS,NA,NA,NA,NA,NA,NA,NA
YTHEMP-YSL-276468-T3,TOR,T,T3,60.87452,-136.92328,2022-07-21,ES,2,VLS,NA,NA,NA,NA,NA,NA,NA
YTHEMP-YSL-276468-T3,TOR,T,T3,60.87452,-136.92328,2022-07-21,NE,1,LS,NA,NA,NA,NA,NA,NA,NA
YTHEMP-YSL-276468-T3,TOR,T,T3,60.87452,-136.92328,2022-07-21,NE,1,MS,NA,NA,NA,NA,NA,NA,NA
YTHEMP-YSL-276468-T3,TOR,T,T3,60.87452,-136.92328,2022-07-21,NE,1,TR,NA,NA,NA,NA,NA,NA,NA
YTHEMP-YSL-276468-T3,TOR,T,T3,60.87452,-136.92328,2022-07-21,NE,1,TS,NA,NA,NA,NA,NA,NA,NA
YTHEMP-YSL-276468-T3,TOR,T,T3,60.87452,-136.92328,2022-07-21,NE,1,VLS,NA,NA,NA,NA,NA,NA,NA
YTHEMP-YSL-276468-T3,TOR,T,T3,60.87452,-136.92328,2022-07-21,NE,2,LS,NA,NA,NA,NA,NA,NA,NA
YTHEMP-YSL-276468-T3,TOR,T,T3,60.87452,-136.92328,2022-07-21,NE,2,MS,NA,NA,NA,NA,NA,NA,NA
YTHEMP-YSL-276468-T3,TOR,T,T3,60.87452,-136.92328,2022-07-21,NE,2,TR,NA,NA,NA,NA,NA,NA,NA
YTHEMP-YSL-276468-T3,TOR,T,T3,60.87452,-136.92328,2022-07-21,NE,2,TS,NA,NA,NA,NA,NA,NA,NA
YTHEMP-YSL-276468-T3,TOR,T,T3,60.87452,-136.92328,2022-07-21,NE,2,VLS,NA,NA,NA,NA,NA,NA,NA
YTHEMP-YSL-276468-T3,TOR,T,T3,60.87452,-136.92328,2022-07-21,SW,1,VLS,21,14,24,Dasi fru,L,FA,E
YTHEMP-YSL-276468-T3,TOR,T,T3,60.87452,-136.92328,2022-07-21,SW,1,LS,NA,NA,NA,NA,NA,NA,NA
YTHEMP-YSL-276468-T3,TOR,T,T3,60.87452,-136.92328,2022-07-21,SW,1,MS,NA,NA,NA,NA,NA,NA,NA
YTHEMP-YSL-276468-T3,TOR,T,T3,60.87452,-136.92328,2022-07-21,SW,1,TR,NA,NA,NA,NA,NA,NA,NA
YTHEMP-YSL-276468-T3,TOR,T,T3,60.87452,-136.92328,2022-07-21,SW,1,TS,NA,NA,NA,NA,NA,NA,NA
YTHEMP-YSL-276468-T3,TOR,T,T3,60.87452,-136.92328,2022-07-21,SW,2,LS,NA,NA,NA,NA,NA,NA,NA
YTHEMP-YSL-276468-T3,TOR,T,T3,60.87452,-136.92328,2022-07-21,SW,2,MS,NA,NA,NA,NA,NA,NA,NA
YTHEMP-YSL-276468-T3,TOR,T,T3,60.87452,-136.92328,2022-07-21,SW,2,TR,NA,NA,NA,NA,NA,NA,NA
YTHEMP-YSL-276468-T3,TOR,T,T3,60.87452,-136.92328,2022-07-21,SW,2,TS,NA,NA,NA,NA,NA,NA,NA
YTHEMP-YSL-276468-T3,TOR,T,T3,60.87452,-136.92328,2022-07-21,SW,2,VLS,NA,NA,NA,NA,NA,NA,NA
YTHEMP-YSL-276468-T3,TOR,T,T3,60.87452,-136.92328,2022-07-21,WN,1,LS,NA,NA,NA,NA,NA,NA,NA
YTHEMP-YSL-276468-T3,TOR,T,T3,60.87452,-136.92328,2022-07-21,WN,1,MS,NA,NA,NA,NA,NA,NA,NA
YTHEMP-YSL-276468-T3,TOR,T,T3,60.87452,-136.92328,2022-07-21,WN,1,TR,NA,NA,NA,NA,NA,NA,NA
YTHEMP-YSL-276468-T3,TOR,T,T3,60.87452,-136.92328,2022-07-21,WN,1,TS,NA,NA,NA,NA,NA,NA,NA
YTHEMP-YSL-276468-T3,TOR,T,T3,60.87452,-136.92328,2022-07-21,WN,1,VLS,NA,NA,NA,NA,NA,NA,NA
YTHEMP-YSL-276468-T3,TOR,T,T3,60.87452,-136.92328,2022-07-21,WN,2,LS,NA,NA,NA,NA,NA,NA,NA
YTHEMP-YSL-276468-T3,TOR,T,T3,60.87452,-136.92328,2022-07-21,WN,2,MS,NA,NA,NA,NA,NA,NA,NA
YTHEMP-YSL-276468-T3,TOR,T,T3,60.87452,-136.92328,2022-07-21,WN,2,TR,NA,NA,NA,NA,NA,NA,NA
YTHEMP-YSL-276468-T3,TOR,T,T3,60.87452,-136.92328,2022-07-21,WN,2,TS,NA,NA,NA,NA,NA,NA,NA
YTHEMP-YSL-276468-T3,TOR,T,T3,60.87452,-136.92328,2022-07-21,WN,2,VLS,NA,NA,NA,NA,NA,NA,NA
YTHEMP-YSL-276468-T4,TOR,T,T4,60.87483,-136.92928,2022-07-21,ES,1,VLS,21,793,1,Sali spp,L,FA,E
YTHEMP-YSL-276468-T4,TOR,T,T4,60.87483,-136.92928,2022-07-21,ES,1,LS,NA,NA,NA,NA,NA,NA,NA
YTHEMP-YSL-276468-T4,TOR,T,T4,60.87483,-136.92928,2022-07-21,ES,1,MS,NA,NA,NA,NA,NA,NA,NA
YTHEMP-YSL-276468-T4,TOR,T,T4,60.87483,-136.92928,2022-07-21,ES,1,TR,NA,NA,NA,NA,NA,NA,NA
YTHEMP-YSL-276468-T4,TOR,T,T4,60.87483,-136.92928,2022-07-21,ES,1,TS,NA,NA,NA,NA,NA,NA,NA
YTHEMP-YSL-276468-T4,TOR,T,T4,60.87483,-136.92928,2022-07-21,ES,2,VLS,33,944,2,Sali spp,L,FA,E
YTHEMP-YSL-276468-T4,TOR,T,T4,60.87483,-136.92928,2022-07-21,ES,2,LS,NA,NA,NA,NA,NA,NA,NA
YTHEMP-YSL-276468-T4,TOR,T,T4,60.87483,-136.92928,2022-07-21,ES,2,MS,NA,NA,NA,NA,NA,NA,NA
YTHEMP-YSL-276468-T4,TOR,T,T4,60.87483,-136.92928,2022-07-21,ES,2,TR,NA,NA,NA,NA,NA,NA,NA
YTHEMP-YSL-276468-T4,TOR,T,T4,60.87483,-136.92928,2022-07-21,ES,2,TS,NA,NA,NA,NA,NA,NA,NA
YTHEMP-YSL-276468-T4,TOR,T,T4,60.87483,-136.92928,2022-07-21,NE,1,VLS,32,247,6,Betu gla,L,FA,E
YTHEMP-YSL-276468-T4,TOR,T,T4,60.87483,-136.92928,2022-07-21,NE,1,LS,NA,NA,NA,NA,NA,NA,NA
YTHEMP-YSL-276468-T4,TOR,T,T4,60.87483,-136.92928,2022-07-21,NE,1,MS,NA,NA,NA,NA,NA,NA,NA
YTHEMP-YSL-276468-T4,TOR,T,T4,60.87483,-136.92928,2022-07-21,NE,1,TR,NA,NA,NA,NA,NA,NA,NA
YTHEMP-YSL-276468-T4,TOR,T,T4,60.87483,-136.92928,2022-07-21,NE,1,TS,NA,NA,NA,NA,NA,NA,NA
YTHEMP-YSL-276468-T4,TOR,T,T4,60.87483,-136.92928,2022-07-21,NE,2,LS,NA,NA,NA,NA,NA,NA,NA
YTHEMP-YSL-276468-T4,TOR,T,T4,60.87483,-136.92928,2022-07-21,NE,2,MS,NA,NA,NA,NA,NA,NA,NA
YTHEMP-YSL-276468-T4,TOR,T,T4,60.87483,-136.92928,2022-07-21,NE,2,TR,NA,NA,NA,NA,NA,NA,NA
YTHEMP-YSL-276468-T4,TOR,T,T4,60.87483,-136.92928,2022-07-21,NE,2,TS,NA,NA,NA,NA,NA,NA,NA
YTHEMP-YSL-276468-T4,TOR,T,T4,60.87483,-136.92928,2022-07-21,NE,2,VLS,NA,NA,NA,NA,NA,NA,NA
YTHEMP-YSL-276468-T4,TOR,T,T4,60.87483,-136.92928,2022-07-21,SW,1,VLS,21,356,6,Sali spp,L,FA,E
YTHEMP-YSL-276468-T4,TOR,T,T4,60.87483,-136.92928,2022-07-21,SW,1,LS,NA,NA,NA,NA,NA,NA,NA
YTHEMP-YSL-276468-T4,TOR,T,T4,60.87483,-136.92928,2022-07-21,SW,1,MS,NA,NA,NA,NA,NA,NA,NA
YTHEMP-YSL-276468-T4,TOR,T,T4,60.87483,-136.92928,2022-07-21,SW,1,TR,NA,NA,NA,NA,NA,NA,NA
YTHEMP-YSL-276468-T4,TOR,T,T4,60.87483,-136.92928,2022-07-21,SW,1,TS,NA,NA,NA,NA,NA,NA,NA
YTHEMP-YSL-276468-T4,TOR,T,T4,60.87483,-136.92928,2022-07-21,SW,2,LS,NA,NA,NA,NA,NA,NA,NA
YTHEMP-YSL-276468-T4,TOR,T,T4,60.87483,-136.92928,2022-07-21,SW,2,MS,NA,NA,NA,NA,NA,NA,NA
YTHEMP-YSL-276468-T4,TOR,T,T4,60.87483,-136.92928,2022-07-21,SW,2,TR,NA,NA,NA,NA,NA,NA,NA
YTHEMP-YSL-276468-T4,TOR,T,T4,60.87483,-136.92928,2022-07-21,SW,2,TS,NA,NA,NA,NA,NA,NA,NA
YTHEMP-YSL-276468-T4,TOR,T,T4,60.87483,-136.92928,2022-07-21,SW,2,VLS,NA,NA,NA,NA,NA,NA,NA
YTHEMP-YSL-276468-T4,TOR,T,T4,60.87483,-136.92928,2022-07-21,WN,1,VLS,18,288,4,Sali spp,L,FA,E
YTHEMP-YSL-276468-T4,TOR,T,T4,60.87483,-136.92928,2022-07-21,WN,1,LS,53,83,6,Sali spp,L,FA,E
YTHEMP-YSL-276468-T4,TOR,T,T4,60.87483,-136.92928,2022-07-21,WN,1,MS,NA,NA,NA,NA,NA,NA,NA
YTHEMP-YSL-276468-T4,TOR,T,T4,60.87483,-136.92928,2022-07-21,WN,1,TR,NA,NA,NA,NA,NA,NA,NA
YTHEMP-YSL-276468-T4,TOR,T,T4,60.87483,-136.92928,2022-07-21,WN,1,TS,NA,NA,NA,NA,NA,NA,NA
YTHEMP-YSL-276468-T4,TOR,T,T4,60.87483,-136.92928,2022-07-21,WN,2,LS,NA,NA,NA,NA,NA,NA,NA
YTHEMP-YSL-276468-T4,TOR,T,T4,60.87483,-136.92928,2022-07-21,WN,2,MS,NA,NA,NA,NA,NA,NA,NA
YTHEMP-YSL-276468-T4,TOR,T,T4,60.87483,-136.92928,2022-07-21,WN,2,TR,NA,NA,NA,NA,NA,NA,NA
YTHEMP-YSL-276468-T4,TOR,T,T4,60.87483,-136.92928,2022-07-21,WN,2,TS,NA,NA,NA,NA,NA,NA,NA
YTHEMP-YSL-276468-T4,TOR,T,T4,60.87483,-136.92928,2022-07-21,WN,2,VLS,NA,NA,NA,NA,NA,NA,NA
YTHEMP-YSL-276468-T5,TOR,T,T5,60.877604,-136.929822,2022-07-21,ES,1,LS,NA,NA,NA,NA,NA,NA,NA
YTHEMP-YSL-276468-T5,TOR,T,T5,60.877604,-136.929822,2022-07-21,ES,1,MS,NA,NA,NA,NA,NA,NA,NA
YTHEMP-YSL-276468-T5,TOR,T,T5,60.877604,-136.929822,2022-07-21,ES,1,TR,NA,NA,NA,NA,NA,NA,NA
YTHEMP-YSL-276468-T5,TOR,T,T5,60.877604,-136.929822,2022-07-21,ES,1,TS,NA,NA,NA,NA,NA,NA,NA
YTHEMP-YSL-276468-T5,TOR,T,T5,60.877604,-136.929822,2022-07-21,ES,1,VLS,NA,NA,NA,NA,NA,NA,NA
YTHEMP-YSL-276468-T5,TOR,T,T5,60.877604,-136.929822,2022-07-21,ES,2,LS,NA,NA,NA,NA,NA,NA,NA
YTHEMP-YSL-276468-T5,TOR,T,T5,60.877604,-136.929822,2022-07-21,ES,2,MS,NA,NA,NA,NA,NA,NA,NA
YTHEMP-YSL-276468-T5,TOR,T,T5,60.877604,-136.929822,2022-07-21,ES,2,TR,NA,NA,NA,NA,NA,NA,NA
YTHEMP-YSL-276468-T5,TOR,T,T5,60.877604,-136.929822,2022-07-21,ES,2,TS,NA,NA,NA,NA,NA,NA,NA
YTHEMP-YSL-276468-T5,TOR,T,T5,60.877604,-136.929822,2022-07-21,ES,2,VLS,NA,NA,NA,NA,NA,NA,NA
YTHEMP-YSL-276468-T5,TOR,T,T5,60.877604,-136.929822,2022-07-21,NE,1,LS,NA,NA,NA,NA,NA,NA,NA
YTHEMP-YSL-276468-T5,TOR,T,T5,60.877604,-136.929822,2022-07-21,NE,1,MS,NA,NA,NA,NA,NA,NA,NA
YTHEMP-YSL-276468-T5,TOR,T,T5,60.877604,-136.929822,2022-07-21,NE,1,TR,NA,NA,NA,NA,NA,NA,NA
YTHEMP-YSL-276468-T5,TOR,T,T5,60.877604,-136.929822,2022-07-21,NE,1,TS,NA,NA,NA,NA,NA,NA,NA
YTHEMP-YSL-276468-T5,TOR,T,T5,60.877604,-136.929822,2022-07-21,NE,1,VLS,NA,NA,NA,NA,NA,NA,NA
YTHEMP-YSL-276468-T5,TOR,T,T5,60.877604,-136.929822,2022-07-21,NE,2,LS,NA,NA,NA,NA,NA,NA,NA
YTHEMP-YSL-276468-T5,TOR,T,T5,60.877604,-136.929822,2022-07-21,NE,2,MS,NA,NA,NA,NA,NA,NA,NA
YTHEMP-YSL-276468-T5,TOR,T,T5,60.877604,-136.929822,2022-07-21,NE,2,TR,NA,NA,NA,NA,NA,NA,NA
YTHEMP-YSL-276468-T5,TOR,T,T5,60.877604,-136.929822,2022-07-21,NE,2,TS,NA,NA,NA,NA,NA,NA,NA
YTHEMP-YSL-276468-T5,TOR,T,T5,60.877604,-136.929822,2022-07-21,NE,2,VLS,NA,NA,NA,NA,NA,NA,NA
YTHEMP-YSL-276468-T5,TOR,T,T5,60.877604,-136.929822,2022-07-21,SW,1,LS,NA,NA,NA,NA,NA,NA,NA
YTHEMP-YSL-276468-T5,TOR,T,T5,60.877604,-136.929822,2022-07-21,SW,1,MS,NA,NA,NA,NA,NA,NA,NA
YTHEMP-YSL-276468-T5,TOR,T,T5,60.877604,-136.929822,2022-07-21,SW,1,TR,NA,NA,NA,NA,NA,NA,NA
YTHEMP-YSL-276468-T5,TOR,T,T5,60.877604,-136.929822,2022-07-21,SW,1,TS,NA,NA,NA,NA,NA,NA,NA
YTHEMP-YSL-276468-T5,TOR,T,T5,60.877604,-136.929822,2022-07-21,SW,1,VLS,NA,NA,NA,NA,NA,NA,NA
YTHEMP-YSL-276468-T5,TOR,T,T5,60.877604,-136.929822,2022-07-21,SW,2,LS,NA,NA,NA,NA,NA,NA,NA
YTHEMP-YSL-276468-T5,TOR,T,T5,60.877604,-136.929822,2022-07-21,SW,2,MS,NA,NA,NA,NA,NA,NA,NA
YTHEMP-YSL-276468-T5,TOR,T,T5,60.877604,-136.929822,2022-07-21,SW,2,TR,NA,NA,NA,NA,NA,NA,NA
YTHEMP-YSL-276468-T5,TOR,T,T5,60.877604,-136.929822,2022-07-21,SW,2,TS,NA,NA,NA,NA,NA,NA,NA
YTHEMP-YSL-276468-T5,TOR,T,T5,60.877604,-136.929822,2022-07-21,SW,2,VLS,NA,NA,NA,NA,NA,NA,NA
YTHEMP-YSL-276468-T5,TOR,T,T5,60.877604,-136.929822,2022-07-21,WN,1,LS,NA,NA,NA,NA,NA,NA,NA
YTHEMP-YSL-276468-T5,TOR,T,T5,60.877604,-136.929822,2022-07-21,WN,1,MS,NA,NA,NA,NA,NA,NA,NA
YTHEMP-YSL-276468-T5,TOR,T,T5,60.877604,-136.929822,2022-07-21,WN,1,TR,NA,NA,NA,NA,NA,NA,NA
YTHEMP-YSL-276468-T5,TOR,T,T5,60.877604,-136.929822,2022-07-21,WN,1,TS,NA,NA,NA,NA,NA,NA,NA
YTHEMP-YSL-276468-T5,TOR,T,T5,60.877604,-136.929822,2022-07-21,WN,1,VLS,NA,NA,NA,NA,NA,NA,NA
YTHEMP-YSL-276468-T5,TOR,T,T5,60.877604,-136.929822,2022-07-21,WN,2,LS,NA,NA,NA,NA,NA,NA,NA
YTHEMP-YSL-276468-T5,TOR,T,T5,60.877604,-136.929822,2022-07-21,WN,2,MS,NA,NA,NA,NA,NA,NA,NA
YTHEMP-YSL-276468-T5,TOR,T,T5,60.877604,-136.929822,2022-07-21,WN,2,TR,NA,NA,NA,NA,NA,NA,NA
YTHEMP-YSL-276468-T5,TOR,T,T5,60.877604,-136.929822,2022-07-21,WN,2,TS,NA,NA,NA,NA,NA,NA,NA
YTHEMP-YSL-276468-T5,TOR,T,T5,60.877604,-136.929822,2022-07-21,WN,2,VLS,NA,NA,NA,NA,NA,NA,NA
